popularity_songs,duration_ms,explicit,danceability,energy,key,loudness,mode,speechiness,acousticness,instrumentalness,liveness,valence,tempo,time_signature,followers,popularity_artists,Cluster,PCA1,PCA2
21,158000,0,0.396,0.364,10,-7.431,1,0.032,0.935,5.46e-05,0.0965,0.532,99.366,4,308.0,42,3,-1.166222366559915,-0.5973193845404667
6,172733,0,0.811,0.472,5,-18.217,1,0.12,0.117,0.0,0.0643,0.858,110.643,4,1383.0,19,0,0.2374855751948833,0.9014743862838204
25,235267,0,0.71,0.614,2,-6.279,1,0.0276,0.0835,0.0,0.194,0.729,97.235,4,960.0,18,0,1.478806325650627,0.14008888632038025
38,106373,0,0.607,0.858,9,-6.015,1,0.594,0.774,0.0,0.736,0.577,104.994,4,128052.0,80,1,0.38013342398744043,2.3793582110533236
34,281053,0,0.35,0.948,0,-4.228,0,0.109,0.000867,0.0,0.309,0.521,187.722,4,14807.0,32,0,2.2559158235798953,-1.582851070229635
33,92813,0,0.633,0.528,7,-8.843,1,0.431,0.619,0.0,0.516,0.466,119.562,3,23593.0,71,1,-0.3566108987510383,1.5575318875341102
16,237133,0,0.572,0.695,4,-13.351,1,0.046,0.038,0.000357,0.0968,0.878,146.765,4,29997.0,34,0,1.2901004764213446,-0.41601848969861155
56,185679,0,0.675,0.471,6,-7.148,1,0.0327,0.648,0.0,0.102,0.56,131.932,4,1069.0,42,0,0.21455524035392462,-0.23660900832263007
4,347000,0,0.61,0.831,2,-11.861,1,0.0912,0.15,0.0,0.0972,0.326,146.106,4,16649.0,33,0,0.9754656479805609,-1.2826490769101737
36,72640,0,0.726,0.712,1,-9.839,1,0.931,0.397,0.0,0.357,0.598,117.079,4,613060.0,90,1,0.3529927190063765,2.7559755725569595
40,298191,0,0.572,0.572,7,-6.79,0,0.0276,0.709,0.0,0.125,0.273,110.019,4,13300.0,28,3,-0.2206654091935672,-1.050289386683088
27,93653,0,0.754,0.412,0,-11.736,1,0.957,0.682,0.0,0.702,0.64,71.547,4,23593.0,71,1,-1.1412479927380406,3.961121928313189
11,230015,0,0.686,0.585,4,-8.521,1,0.0964,0.503,1.26e-05,0.131,0.966,132.156,4,18709.0,35,0,1.0803258677037981,0.3092847085288449
0,196176,0,0.347,0.674,1,-1.06,1,0.0323,0.994,1.43e-06,0.232,0.349,99.495,4,591.0,15,3,-0.20823398043483551,-0.9772469390643213
24,270733,0,0.591,0.781,2,-5.915,1,0.0423,0.00538,0.00508,0.0551,0.895,131.404,4,606.0,18,0,2.275140139877707,-0.6063437279989841
37,143200,0,0.74,0.0413,8,-18.767,1,0.0829,0.96,1.03e-06,0.104,0.477,89.864,4,454706.0,52,3,-2.702387757871523,0.7444931454842346
73,213267,0,0.506,0.959,5,-5.264,0,0.102,0.084,0.000655,0.135,0.34,133.996,4,631065.0,65,0,1.7067939919607338,-1.068820046841532
64,150361,0,0.841,0.86,1,-8.915,0,0.0394,0.173,1.84e-06,0.224,0.915,111.982,4,19443.0,53,0,2.12286092770813,1.025933703909122
44,235813,0,0.708,0.418,9,-7.015,0,0.0472,0.779,0.0,0.112,0.603,96.568,4,33197.0,46,3,-0.16275828650402954,0.07224704193824416
18,198288,0,0.713,0.846,11,-2.56,1,0.176,0.324,0.0,0.362,0.578,91.848,4,46256.0,40,0,1.7107288486518266,0.7049577950802399
24,213107,0,0.684,0.944,9,-5.367,1,0.0299,0.0963,0.124,0.278,0.849,130.042,4,3255.0,27,0,2.495770823463699,0.03852757694124846
18,229840,0,0.661,0.471,7,-11.761,1,0.162,0.584,0.0,0.257,0.492,140.302,4,4547.0,33,3,-0.28068831602806354,0.06742178034767442
32,98760,0,0.711,0.0384,8,-24.613,0,0.526,0.976,7.5e-06,0.135,0.382,78.402,3,404.0,18,1,-3.810729231738789,1.895510204369833
27,64916,0,0.693,0.244,1,-17.472,1,0.944,0.567,0.0,0.433,0.713,83.75,1,79023.0,76,1,-1.8541248847150709,3.48649815921134
25,274024,0,0.651,0.789,2,-6.383,0,0.037,0.728,0.0,0.295,0.966,135.743,3,1695.0,32,0,1.4492723407720474,0.209881165811298
11,182067,0,0.629,0.553,2,-10.504,0,0.0348,0.081,0.00523,0.317,0.969,144.913,5,1215.0,21,0,1.3442976988086746,0.38286862722164045
2,166120,0,0.59,0.29,7,-23.893,0,0.952,0.306,0.0,0.522,0.236,86.256,5,2769.0,39,1,-2.785811891813915,2.5169126306492586
47,147427,0,0.633,0.183,8,-13.885,1,0.0324,0.841,5.53e-05,0.0921,0.42,82.782,4,1558891.0,67,3,-1.9857598628484132,0.16220248622259997
26,68341,0,0.601,0.132,5,-26.531,0,0.681,0.638,0.0,0.326,0.334,143.966,3,79023.0,76,1,-3.2672245949050662,1.7987132407207431
36,98040,0,0.525,0.716,0,-8.691,0,0.455,0.335,0.0,0.222,0.292,96.035,4,613060.0,90,0,-0.05656317870599238,0.6400284783569317
17,67960,0,0.334,0.0968,11,-14.497,0,0.0313,0.979,0.602,0.101,0.0519,151.687,5,317.0,27,2,-3.497456372424105,-1.8730657860910391
11,267000,1,0.453,0.324,1,-16.221,1,0.0324,0.743,0.594,0.127,0.715,131.869,4,1623.0,11,2,-1.7669718584172769,-1.259360782119007
18,421600,0,0.541,0.671,11,-9.392,0,0.0298,0.471,0.844,0.247,0.773,146.128,4,15982.0,29,2,0.2865886412412693,-1.8726377153560103
43,177493,0,0.798,0.499,6,-8.493,1,0.0286,0.194,8.85e-05,0.264,0.681,115.028,4,43816.0,43,0,0.9875943790174752,0.5899199187917114
57,218160,0,0.733,0.697,7,-4.622,1,0.0544,0.121,3.72e-06,0.218,0.388,116.019,4,3820336.0,80,0,1.4659986303706392,-0.23033640746710235
16,341486,0,0.678,0.497,3,-9.945,0,0.026,0.139,0.0,0.229,0.76,108.65,4,7113.0,34,0,0.8911354516062477,-0.1884909827548713
22,182610,0,0.536,0.592,6,-7.827,0,0.0362,0.79,0.000638,0.215,0.961,109.376,4,27136.0,44,0,0.3600117438768949,0.3182982319640678
25,313573,0,0.598,0.706,6,-4.105,0,0.0302,0.236,0.0,0.143,0.589,124.015,4,55854.0,42,0,1.5631587963093179,-0.890373637661531
45,178520,0,0.103,0.238,7,-14.33,0,0.0392,0.228,0.936,0.318,0.0431,73.652,4,7295.0,46,2,-3.2517982599899935,-2.4270977579162913
35,70253,0,0.762,0.445,1,-10.684,1,0.869,0.347,0.0,0.109,0.583,116.216,1,613060.0,90,1,-0.1722305954436306,2.291220337283517
30,262240,0,0.397,0.299,5,-11.199,0,0.0311,0.862,1.97e-05,0.135,0.213,127.721,3,11600.0,32,3,-1.7731885979389657,-1.4114452874749983
32,105667,0,0.627,0.528,8,-8.768,0,0.941,0.483,0.0,0.359,0.579,80.777,5,23593.0,71,1,-0.4695757635099925,2.6652928083563485
8,39293,0,0.584,0.756,9,-10.006,0,0.0705,0.0781,0.000286,0.555,0.771,110.588,4,597.0,25,0,1.1605255388497535,1.243310822982253
53,192160,0,0.581,0.196,8,-17.281,0,0.0452,0.979,0.0103,0.221,0.362,114.399,4,85119.0,53,3,-2.4549371585641544,-0.07291878455375884
33,229267,0,0.693,0.691,1,-9.798,0,0.0308,0.102,0.000361,0.0764,0.832,118.642,4,92686.0,51,0,1.5185775165838806,-0.05167970777523366
34,228000,0,0.731,0.637,8,-4.168,1,0.0403,0.139,0.000129,0.284,0.277,114.987,4,99155.0,40,0,1.2013452847558304,-0.306484760215925
1,165000,0,0.657,0.515,5,-11.484,1,0.0465,0.585,0.0234,0.0807,0.673,111.946,4,343.0,5,3,-0.09326695472035872,0.10757406718215402
27,76092,0,0.707,0.489,8,-12.844,1,0.931,0.305,0.0,0.639,0.698,89.407,4,79023.0,76,1,-0.44195719674136485,3.5953990833399074
7,184945,0,0.429,0.29,9,-10.486,0,0.0394,0.97,0.000391,0.0983,0.14,116.36,4,4139.0,30,3,-2.036199502156284,-1.111001194700542
28,184552,0,0.504,0.719,11,-12.964,0,0.414,0.279,0.0,0.775,0.862,112.039,5,74760.0,50,1,0.41192632919323774,1.8770240173593469
9,199440,1,0.825,0.886,7,-4.482,0,0.0452,0.00451,0.00151,0.233,0.753,126.539,4,611.0,26,0,2.7518210519864206,0.4048533357477658
37,216573,0,0.323,0.946,9,-3.04,1,0.0606,0.000476,0.00914,0.0883,0.504,164.932,4,18136.0,35,0,2.1611323505899045,-1.829054883512293
15,209080,0,0.71,0.921,2,-6.409,0,0.0438,0.297,0.000453,0.0862,0.916,148.677,4,13070.0,36,0,2.4279317557769216,-0.05360958833530892
34,198320,0,0.826,0.97,6,-4.889,1,0.0487,0.0982,0.00053,0.069,0.669,108.052,4,467.0,27,0,2.5600820156129096,0.1746345825854047
54,210920,0,0.57,0.454,1,-9.04,1,0.0269,0.453,0.0,0.127,0.463,77.965,4,89878.0,45,3,-0.382537289847557,-0.2943205769381493
37,248217,0,0.708,0.727,9,-7.183,1,0.0665,0.533,2.58e-05,0.137,0.855,87.888,4,31841.0,47,0,1.1227456764885964,0.4071531983570114
40,67773,0,0.591,0.445,0,-15.035,0,0.705,0.205,0.0,0.403,0.472,105.208,3,613060.0,90,1,-0.8895924834258627,2.048171857896078
6,174067,0,0.592,0.168,10,-13.421,1,0.0278,0.909,0.0,0.181,0.542,98.114,4,836.0,14,3,-1.862923251457293,0.1636932501730865
41,269507,0,0.614,0.705,2,-6.416,1,0.0266,0.362,0.0,0.0898,0.877,140.037,3,761101.0,66,0,1.6386309046980028,-0.4889700461502422
19,197893,0,0.303,0.0678,4,-22.1,0,0.0488,0.712,0.0,0.0574,0.407,81.102,4,54.0,29,3,-3.4485912031169446,-0.7547337841135099
21,241333,0,0.555,0.863,9,-7.235,1,0.106,0.00275,0.00101,0.062,0.911,148.25,4,3463.0,22,0,2.3522016496079092,-0.5341737025857689
38,64417,0,0.791,0.282,5,-16.913,0,0.961,0.598,0.0,0.0995,0.614,69.63,4,79023.0,76,1,-1.7813663862820026,3.1434496069545323
17,279145,0,0.624,0.404,7,-17.12,1,0.0418,0.885,0.00101,0.177,0.825,137.91,4,1377.0,28,3,-0.9377557470757312,0.020155347119668016
27,247493,0,0.597,0.489,6,-5.553,0,0.0409,0.674,0.0,0.103,0.414,175.733,4,7231.0,29,3,0.3842945178277691,-1.1585784667204206
0,176280,0,0.636,0.0962,2,-21.198,1,0.0502,0.993,0.47,0.64,0.516,145.588,4,398.0,13,2,-3.0457343406434,0.4724661632694168
24,154769,0,0.415,0.405,0,-4.131,0,0.0313,0.835,2.91e-06,0.704,0.626,130.273,4,0.0,31,3,-0.32198445277910875,0.3679205204968829
19,226933,0,0.511,0.826,5,-5.517,1,0.0399,0.0396,0.000119,0.116,0.332,144.015,4,3627.0,18,0,1.545574430207155,-1.3428919342203807
4,269573,0,0.51,0.69,10,-6.929,0,0.0655,0.0794,6.74e-06,0.0921,0.943,170.601,4,765.0,7,0,2.0383796523854953,-0.8729950424121787
56,161413,0,0.391,0.152,7,-16.558,1,0.0391,0.966,0.00197,0.119,0.0974,143.508,4,224933.0,55,3,-2.928935841896013,-1.208004042081694
19,219187,0,0.442,0.203,11,-21.013,0,0.0523,0.857,0.0,0.12,0.619,135.327,4,9.0,28,3,-2.3720935195764126,-0.47635354125764096
34,104600,0,0.603,0.252,8,-17.985,1,0.568,0.509,0.0,0.23,0.676,99.689,1,613060.0,90,1,-1.6829997687655671,1.7929228102367023
10,260907,0,0.795,0.403,0,-16.856,1,0.0471,0.818,0.536,0.0894,0.601,101.304,4,35765.0,44,2,-1.5101126090791022,-0.21384851876805916
39,222907,1,0.585,0.695,0,-6.089,1,0.321,0.411,0.0,0.224,0.682,86.482,4,108888.0,50,0,0.7536470512283189,0.6115226967751607
4,357227,0,0.615,0.147,1,-23.589,1,0.934,0.414,0.0,0.744,0.497,89.043,3,2769.0,39,1,-2.7136288706795657,2.635249088994089
37,165198,0,0.817,0.579,0,-8.123,0,0.0527,0.628,0.0,0.068,0.911,117.267,4,94337.0,50,0,0.9649253493589689,0.728064323595917
49,129293,0,0.485,0.779,7,-14.235,1,0.039,0.367,0.432,0.18,0.483,133.223,4,7548.0,37,2,-0.2431173896901051,-0.8923953894796662
17,180227,0,0.824,0.562,4,-9.553,0,0.0374,0.468,0.0,0.2,0.844,114.783,4,1011.0,21,0,0.9052250357643679,0.8339552067789581
26,86139,0,0.683,0.385,6,-15.127,0,0.951,0.343,0.0,0.248,0.495,98.455,4,79023.0,76,1,-1.1631455221129325,2.574894559586465
42,200453,0,0.768,0.641,8,-9.17,0,0.0286,0.466,0.332,0.0588,0.771,118.472,4,83570.0,51,0,0.728448164551183,-0.1400568037638406
29,358250,1,0.572,0.978,7,-3.193,1,0.131,0.000958,0.00372,0.131,0.405,95.002,4,117145.0,52,0,2.0996730772645456,-1.0378632585790761
24,240306,0,0.497,0.568,7,-3.665,0,0.0349,0.78,0.0041,0.119,0.377,81.512,4,3063201.0,68,3,-0.21684508146011677,-0.7623387005760786
29,261355,0,0.578,0.433,10,-13.612,1,0.0683,0.844,4.68e-06,0.355,0.77,75.9,4,1385393.0,70,3,-1.047847651836065,0.6419742039908328
30,153659,1,0.61,0.658,1,-7.754,1,0.32,0.224,0.0,0.35,0.36,82.159,4,255670.0,63,0,0.28102661725469347,0.7695328817798818
13,132773,0,0.539,0.908,1,-6.934,0,0.125,0.233,3.42e-06,0.0922,0.717,147.939,4,20979.0,37,0,1.8001340847963678,-0.3031417433333914
36,60827,0,0.705,0.551,11,-13.266,1,0.92,0.767,0.0,0.33,0.644,108.942,3,613060.0,90,1,-0.8948190757478516,2.9580640935251203
39,239507,0,0.359,0.499,10,-11.32,1,0.0443,0.082,0.0,0.342,0.512,83.627,4,1843.0,36,3,-0.2659799892032503,-0.5392382365957089
30,180467,0,0.776,0.9,0,-3.97,1,0.0382,0.058,0.0,0.256,0.963,127.051,4,2535163.0,78,0,2.952643073571374,0.6251396416676537
11,253067,0,0.817,0.621,10,-11.291,1,0.272,0.526,0.0,0.0564,0.754,115.466,4,11.0,6,0,0.6152869908807053,0.7259165365623017
44,498267,0,0.794,0.387,8,-15.471,1,0.0462,0.0329,0.0153,0.1,0.819,165.725,4,4370.0,39,0,0.9539803126943064,-0.8712669617665835
36,74147,0,0.485,0.533,1,-10.926,1,0.729,0.0972,6.07e-05,0.876,0.436,187.726,5,613060.0,90,1,0.1253991936298741,1.9003036885635012
73,186309,1,0.412,0.254,2,-14.713,1,0.0481,0.967,0.00408,0.105,0.217,149.899,4,304386.0,69,3,-2.2653271868105023,-1.1932308453400375
19,198467,0,0.794,0.328,10,-16.575,1,0.0335,0.128,9.5e-06,0.157,0.723,114.99,4,462254.0,62,0,-0.06504725304522148,0.5419444978854387
50,130973,0,0.754,0.424,2,-8.463,1,0.0363,0.643,0.0,0.0652,0.806,119.705,4,20169.0,50,0,0.32186309713897204,0.5172166963280932
5,495507,0,0.676,0.554,11,-7.856,1,0.0322,0.958,0.908,0.296,0.912,123.866,4,26.0,1,2,-0.2362959600632065,-1.3153910652777994
14,144507,0,0.391,0.041,0,-27.995,1,0.0499,0.871,0.0,0.305,0.379,66.605,4,69.0,40,3,-4.391480905372297,0.3462888545267977
38,296467,0,0.52,0.713,3,-6.579,0,0.0304,0.0823,5.29e-05,0.074,0.353,129.088,4,25382.0,42,0,1.1259380559076728,-1.4749992015925335
22,235933,0,0.721,0.846,9,-6.419,0,0.0374,0.573,0.00128,0.0405,0.957,127.121,4,4166.0,16,0,1.838687894202259,0.06636960050593183
31,304400,0,0.835,0.332,9,-11.485,0,0.0642,0.64,4.33e-05,0.161,0.746,126.008,3,9996.0,38,3,-0.009212587124822178,0.32532333112616313
2,347195,0,0.462,0.354,5,-8.51,0,0.0374,0.821,0.0,0.31,0.423,117.344,4,13432.0,13,3,-0.9691252668263688,-0.932769388964944
25,257533,0,0.535,0.992,11,-4.61,1,0.0699,0.0027,6.84e-06,0.487,0.454,108.597,4,24311.0,36,0,1.991954751196831,-0.2756883840009423
27,184600,0,0.614,0.562,11,-12.665,1,0.0542,0.141,3.19e-05,0.107,0.919,146.173,4,10936.0,35,0,1.001000722428959,-0.0154109392700302
40,69613,0,0.619,0.526,1,-9.753,0,0.61,0.544,0.0,0.375,0.561,118.213,1,613060.0,90,1,-0.33418286680670695,1.8435846662067759
39,66187,0,0.62,0.454,5,-12.383,1,0.08,0.00106,3.87e-06,0.496,0.541,154.686,4,613060.0,90,0,0.40558667801864495,0.6115565500288488
41,197253,0,0.735,0.852,9,-5.562,0,0.0308,0.46,0.109,0.0453,0.78,129.638,4,47249.0,43,0,1.7906885206034069,-0.16560065571456173
31,284400,0,0.449,0.499,1,-14.99,1,0.252,6.83e-05,0.0494,0.954,0.169,97.58,4,7660.0,29,1,-0.9308761272282972,0.5804192344977884
30,230400,0,0.366,0.0373,5,-27.265,1,0.0483,0.986,0.937,0.0883,0.169,75.274,4,849.0,34,2,-5.414798551356159,-1.7073354185972576
53,250327,0,0.51,0.803,10,-3.942,1,0.0393,0.0907,2.01e-05,0.363,0.233,143.926,4,332531.0,65,0,1.4373927974279228,-1.1133378283565198
43,249243,0,0.507,0.532,2,-5.695,0,0.0256,0.23,0.0,0.102,0.186,95.006,4,1439.0,30,3,0.1146145357882065,-1.2316019551719426
41,197505,0,0.449,0.75,2,-7.154,0,0.31,0.406,0.0,0.138,0.457,120.414,4,4434582.0,73,0,0.47366827994631466,-0.34618879756036597
40,226827,0,0.403,0.148,2,-12.461,1,0.0346,0.828,1.51e-05,0.131,0.139,139.825,4,42960.0,45,3,-2.2291795008047894,-1.4236413943605966
27,105267,0,0.642,0.467,10,-13.308,1,0.908,0.845,0.0,0.25,0.644,79.541,3,1867.0,45,1,-1.4414813322479922,2.7123118830208033
0,112067,0,0.554,0.286,10,-9.971,0,0.0469,0.993,0.756,0.0956,0.611,86.79,4,4.0,1,2,-2.04973393057688,-0.5340258967991771
28,256440,0,0.782,0.441,5,-9.167,1,0.0407,0.438,1.41e-06,0.0717,0.463,126.94,4,46427.0,42,0,0.28776470514559377,-0.3235591383687295
36,277920,0,0.598,0.85,1,-5.794,1,0.203,0.236,0.0,0.136,0.776,79.444,4,74724.0,46,0,1.5712054426134658,0.1565885952943624
17,193640,0,0.569,0.347,0,-12.644,1,0.0706,0.32,0.0,0.191,0.596,104.57,4,205.0,9,3,-0.5047411625499738,-0.007974209523021487
21,371027,0,0.621,0.696,1,-11.495,0,0.0417,0.0946,0.000995,0.0322,0.734,98.072,4,8341.0,30,0,1.0794157616381093,-0.7165498120534967
10,192560,0,0.536,0.115,9,-16.693,1,0.041,0.995,0.00176,0.105,0.313,78.728,4,21786.0,34,3,-2.941705645622457,-0.20547881381308397
26,144600,0,0.704,0.472,9,-12.508,1,0.0315,0.596,0.0,0.0604,0.963,117.931,4,863.0,21,0,0.20254474303247924,0.5959898839954173
33,221107,0,0.554,0.375,4,-9.828,1,0.0296,0.395,0.0,0.141,0.296,133.868,4,2249.0,30,3,-0.4430095615364234,-0.9429242932565239
62,240600,0,0.63,0.886,2,-4.615,1,0.0406,0.011,0.0,0.0697,0.897,127.96,4,508706.0,58,0,2.663526360476853,-0.3808859919559647
17,208533,0,0.416,0.617,6,-9.989,1,0.0349,0.113,0.00101,0.0882,0.576,97.047,4,130592.0,44,0,0.3726884899823347,-0.8203014567973534
20,158427,0,0.826,0.52,9,-15.622,1,0.0739,0.742,0.0576,0.0856,0.964,108.83,4,3723.0,26,0,-0.1308017700015615,1.105378803393037
45,170333,0,0.543,0.584,0,-10.756,0,0.0298,0.263,2.61e-06,0.139,0.88,178.165,4,1664425.0,75,0,1.1169131450186693,-0.4389795603701536
25,298760,0,0.528,0.569,4,-7.149,0,0.0338,0.202,0.000811,0.259,0.323,117.895,4,783108.0,61,0,0.4568378853566474,-1.0191685385677698
41,263952,0,0.652,0.796,5,-5.813,0,0.0319,0.145,0.00244,0.0644,0.86,108.024,4,124146.0,47,0,2.030378514444272,-0.2682932575102213
36,357107,0,0.539,0.694,11,-14.139,1,0.0415,0.019,0.314,0.0633,0.498,129.176,4,3623.0,23,0,0.39571587336989406,-1.6370938992218387
34,599000,0,0.121,0.942,8,-23.885,1,0.143,0.222,0.000866,0.352,0.0129,87.979,4,750.0,29,3,-1.5907296430170594,-2.54482639114565
39,236453,0,0.925,0.78,2,-2.89,1,0.134,0.149,0.00013,0.136,0.707,97.973,4,4093.0,30,0,2.3966646841751804,0.7129742169967153
7,197224,0,0.685,0.487,11,-11.777,0,0.0785,0.248,0.000274,0.355,0.499,122.042,3,1188.0,27,0,0.147564780706323,0.30580400873259334
39,200040,0,0.659,0.77,4,-8.82,0,0.116,0.102,2.2e-06,0.104,0.795,158.081,4,52315.0,46,0,1.886783965494615,-0.17275707632597218
55,204267,0,0.736,0.876,11,-5.894,0,0.0839,0.182,0.00776,0.119,0.802,125.843,4,254874.0,55,0,2.2513461885589097,0.15922093162515868
25,161493,0,0.306,0.911,11,-4.48,1,0.125,0.0219,0.000438,0.405,0.619,194.313,4,208371.0,56,0,2.1198623938510535,-0.998131613952438
31,59065,0,0.714,0.202,11,-16.638,1,0.947,0.626,1.72e-06,0.322,0.649,74.789,3,79023.0,76,1,-2.042164116183939,3.3514591219883867
56,280909,0,0.547,0.554,4,-9.306,1,0.0487,0.708,0.0,0.127,0.597,175.912,4,51340.0,60,3,0.27273175892728463,-1.038352273611631
29,190920,0,0.586,0.443,7,-7.36,1,0.0262,0.76,0.000575,0.121,0.349,136.203,3,96543.0,54,3,-0.4162756680421226,-0.7233295967166984
29,114293,0,0.548,0.695,5,-5.615,1,0.828,0.623,0.0,0.199,0.576,160.39,1,23593.0,71,1,0.49603246366449605,1.2690375379037488
55,215227,0,0.565,0.867,2,-2.503,1,0.0318,0.0571,0.0,0.177,0.325,125.867,4,2701496.0,84,0,1.8739560239997932,-1.0054313114554458
34,65600,0,0.739,0.196,0,-21.112,1,0.892,0.132,0.0,0.492,0.45,78.91,4,128057.0,82,1,-2.0286161878747238,3.2921605816609767
16,246240,0,0.659,0.692,3,-5.663,0,0.0411,0.0965,0.0,0.155,0.466,150.183,4,21149.0,46,0,1.617082243628955,-0.7993929249886293
60,211633,0,0.769,0.581,1,-6.644,1,0.0324,0.204,0.0,0.141,0.953,131.959,4,2452.0,48,0,1.8070847808749064,0.34856637370868865
3,193236,0,0.464,0.68,7,-12.893,1,0.0437,0.00808,0.0,0.118,0.515,158.779,4,866.0,29,0,0.736828832235862,-1.0641593438677475
43,384981,0,0.716,0.87,10,-7.275,1,0.0455,0.175,8.97e-05,0.655,0.96,90.504,4,71898.0,51,0,2.126153356134057,0.8826954885953237
6,162893,0,0.666,0.467,0,-10.872,1,0.0435,0.791,0.001,0.0925,0.686,122.494,4,2399.0,27,3,-0.3039481605488359,0.15680692774527658
8,458333,0,0.534,0.566,10,-5.295,1,0.0306,0.214,4.44e-06,0.0911,0.344,145.678,4,37054.0,40,0,0.971503586865087,-2.069973792721205
56,313880,0,0.71,0.989,10,-4.598,0,0.0504,0.0184,0.00101,0.327,0.896,128.016,4,695563.0,69,0,3.0246478805820236,0.0612425571828036
19,238027,0,0.676,0.485,10,-9.752,1,0.0258,0.68,0.0,0.0953,0.534,108.015,4,216627.0,48,3,-0.21574992980719526,-0.23500162439081068
25,146400,0,0.797,0.641,0,-5.429,0,0.0858,0.213,1.39e-06,0.0961,0.904,100.067,4,20397.0,42,0,1.768335256976461,0.8165665706588258
24,188733,0,0.309,0.0508,5,-30.224,0,0.112,0.993,0.884,0.158,0.648,81.476,4,9810.0,22,2,-5.141304014849324,-0.7932919880585756
0,266293,0,0.636,0.378,1,-8.7,1,0.0254,0.628,0.0,0.168,0.277,136.03,4,11134.0,36,3,-0.4894112848419658,-0.8482341500800767
0,175078,0,0.796,0.27,0,-12.392,1,0.0823,0.894,0.0,0.267,0.771,127.239,4,339.0,5,3,-0.7200739831374156,1.0002445044044788
49,224979,0,0.833,0.486,1,-11.012,0,0.438,0.341,0.0,0.144,0.463,68.148,5,83829.0,72,1,-0.17158291910996393,1.320080130971872
37,185933,0,0.369,0.858,7,-5.588,1,0.0488,0.0715,0.0,0.235,0.801,143.962,4,42127.0,44,0,1.9085367973831755,-0.7560139329260844
12,249787,0,0.355,0.421,1,-9.008,0,0.0294,0.632,0.0,0.11,0.352,133.853,4,2506.0,24,3,-0.8070694012903786,-1.5134451111533522
22,168067,0,0.47,0.0695,5,-16.535,1,0.0552,0.911,1.51e-06,0.148,0.379,96.117,4,7074.0,30,3,-2.8461710302031964,-0.2499799961949859
28,259907,0,0.633,0.901,0,-8.115,1,0.0612,0.00374,6.54e-05,0.0891,0.407,111.579,4,1716.0,19,0,1.5980265757094616,-0.7724640488396208
38,64213,0,0.576,0.613,1,-11.878,1,0.757,0.275,4.31e-06,0.126,0.394,172.039,4,613060.0,90,1,0.031246944395291874,0.9758173075288258
22,192469,0,0.577,0.393,10,-8.277,1,0.0295,0.84,1.26e-05,0.131,0.624,121.094,4,257.0,34,3,-0.4828045169781376,-0.23584893707399213
36,96347,0,0.667,0.638,2,-9.541,1,0.929,0.257,0.0,0.115,0.641,128.077,4,613060.0,90,1,0.4903399731571331,2.01348648939368
23,328907,0,0.305,0.698,1,-10.665,0,0.0439,0.333,0.000152,0.11,0.412,187.536,4,373213.0,54,0,0.44298577629063124,-2.261042114306381
28,83760,0,0.553,0.791,7,-8.456,1,0.835,0.698,0.0,0.791,0.302,89.934,4,23593.0,71,1,-0.5947038042222814,2.7301239093054193
27,105960,0,0.746,0.484,0,-7.48,1,0.925,0.453,0.0,0.29,0.76,76.786,3,23593.0,71,1,0.02916513913056035,3.037043962820836
41,277865,0,0.605,0.616,3,-6.828,1,0.0274,0.452,0.0,0.156,0.333,130.914,4,5333.0,35,0,0.47731344684698673,-0.981808267136965
36,251240,0,0.863,0.472,9,-12.503,0,0.0373,0.577,0.13,0.0906,0.57,112.951,4,87538.0,45,0,-0.10497140911368608,0.12965673738871594
22,198093,0,0.498,0.845,9,-4.46,1,0.0285,0.000283,0.0,0.0699,0.551,152.959,4,25331.0,43,0,2.069426702194545,-1.2165335151168
56,201840,0,0.241,0.168,0,-16.267,1,0.0442,0.965,0.114,0.373,0.556,84.749,3,85119.0,53,3,-2.977600023944637,-0.39573793402609114
15,141845,0,0.664,0.938,1,-0.178,1,0.0776,0.779,0.908,0.436,0.625,123.332,4,10535.0,45,2,0.9878199928678973,-0.3809753793644716
28,284267,0,0.764,0.967,2,-5.654,0,0.126,0.177,7.73e-05,0.129,0.77,119.726,4,83695.0,57,0,2.489581187156502,0.06697133419968508
13,209640,0,0.569,0.363,11,-9.308,0,0.0268,0.871,1.45e-05,0.307,0.469,82.563,4,1595.0,24,3,-1.176038289852718,0.12371069559618024
35,76853,0,0.55,0.577,9,-9.019,1,0.648,0.225,0.0,0.423,0.747,87.345,3,613060.0,90,1,0.20997502665055456,2.1637241778230814
13,358240,0,0.595,0.498,7,-11.888,0,0.0576,0.631,0.0,0.945,0.551,91.925,4,72300.0,38,3,-0.5977344010223664,0.9374818753014805
18,219427,0,0.742,0.8,0,-10.098,1,0.203,0.0478,0.0,0.0821,0.694,171.744,4,4153.0,25,0,1.9631472322919372,-0.0921457326094726
14,273800,0,0.609,0.0764,9,-21.344,0,0.0541,0.979,0.939,0.104,0.347,104.153,4,46492.0,50,2,-3.8669335980391635,-1.3004356197702631
35,64354,0,0.539,0.561,5,-14.377,1,0.857,0.708,0.0,0.436,0.669,74.48,3,128057.0,82,1,-1.3489856280525774,2.864458689169973
33,78107,0,0.66,0.469,2,-10.312,0,0.827,0.105,0.0,0.322,0.745,153.298,3,613060.0,90,1,0.5363269630637004,2.160776808750521
39,271160,0,0.571,0.286,7,-13.821,0,0.0264,0.612,0.0,0.123,0.246,98.558,4,17446.0,40,3,-1.5824040634423862,-0.7690298106977128
32,269200,0,0.693,0.704,0,-8.815,1,0.136,0.0425,0.0,0.254,0.848,145.061,4,1812.0,27,0,1.8799252341170773,0.1496362607171358
40,207293,0,0.683,0.716,6,-4.386,0,0.0522,0.0587,7.37e-05,0.128,0.363,118.881,4,249060.0,63,0,1.5280664798099968,-0.5667130983907116
26,145813,0,0.483,0.411,2,-15.443,1,0.0313,0.413,0.284,0.055,0.542,87.86,4,14098.0,36,3,-1.3231356058276422,-0.571065345643489
47,76240,0,0.483,0.0748,2,-15.616,1,0.051,0.907,1.15e-06,0.0979,0.425,116.776,1,495.0,35,3,-2.5708995417071177,-0.11992315374841767
31,77307,0,0.691,0.502,8,-8.764,1,0.956,0.816,0.0,0.338,0.63,141.343,3,84951.0,73,1,-0.444699043918506,2.624212885876614
35,132086,0,0.856,0.814,8,-6.393,1,0.0897,0.156,0.0,0.236,0.919,139.002,4,10052.0,35,0,2.472099683623221,1.009551817603658
26,235853,0,0.556,0.857,7,-4.304,1,0.0456,0.689,0.00376,0.108,0.814,92.386,4,7448.0,35,0,1.2266706893067423,-0.16637861040324634
11,181733,0,0.618,0.745,2,-9.284,1,0.0287,0.0613,0.0,0.107,0.752,133.956,4,25382.0,42,0,1.5855948988886106,-0.26975745073137397
40,175200,0,0.805,0.656,0,-5.818,1,0.135,0.528,0.0,0.12,0.752,125.293,4,2959.0,32,0,1.2984208547047416,0.5977724725359994
32,244573,0,0.647,0.19,9,-15.042,0,0.047,0.875,0.00631,0.103,0.435,92.313,4,3758.0,27,3,-1.9808314042375221,-0.10613108584501432
37,232387,0,0.313,0.521,0,-6.429,1,0.0306,0.234,0.0,0.197,0.353,141.585,4,2362223.0,64,3,0.1894433938260759,-1.6150136483954225
23,177893,0,0.491,0.379,2,-11.343,1,0.123,0.481,0.0,0.147,0.538,172.069,3,3570.0,25,3,-0.31503445932743585,-0.6846107452779572
17,217107,0,0.327,0.723,0,-3.916,1,0.0324,0.499,0.81,0.642,0.344,107.221,4,4361.0,38,2,-0.39589060732164855,-1.329614937223049
16,242840,0,0.407,0.431,9,-14.027,1,0.0293,0.417,0.0,0.194,0.481,99.106,4,58494.0,45,3,-0.9928530945784747,-0.7361232505651184
27,231627,0,0.372,0.89,10,-4.717,0,0.0423,0.0283,5.65e-05,0.117,0.81,90.456,4,10971.0,40,0,1.848956179285411,-0.7625822785340234
44,233178,0,0.826,0.689,5,-5.52,0,0.0604,0.228,3.74e-06,0.493,0.593,128.004,4,44708.0,49,0,1.6794804841567181,0.687236502350231
3,94552,0,0.684,0.263,7,-10.29,0,0.0299,0.859,2.39e-06,0.235,0.82,110.608,4,175.0,14,3,-0.7210972006839235,0.9421043741350144
26,208893,0,0.487,0.298,5,-6.778,1,0.0256,0.764,0.000212,0.232,0.515,77.386,4,0.0,31,3,-1.0094892051365512,-0.20654268827461722
26,225573,0,0.631,0.433,7,-13.979,0,0.0844,0.227,0.0,0.255,0.91,152.415,3,1480038.0,72,0,0.5090590562578596,0.22674320847986645
19,155600,0,0.5,0.106,2,-18.436,0,0.0645,0.916,0.0,0.293,0.635,127.319,4,11.0,34,3,-2.410231856366105,0.28004521278985495
0,138800,0,0.688,0.336,4,-17.9,1,0.966,0.856,0.0,0.215,0.72,81.539,3,17413.0,55,1,-2.035025407319734,2.964507430328332
45,226142,0,0.727,0.872,1,-6.014,0,0.0281,0.456,0.00264,0.098,0.963,140.049,4,34084.0,39,0,2.189657212775484,0.0740950934136403
20,149827,0,0.709,0.667,0,-5.631,1,0.0302,0.452,0.0,0.292,0.834,134.916,4,97.0,13,0,1.4685517402326271,0.5358860404422493
28,69293,0,0.763,0.341,6,-17.895,1,0.965,0.772,0.0,0.395,0.428,67.12,3,79023.0,76,1,-2.334059457049901,3.449702521422325
4,72667,0,0.451,0.547,1,-8.569,0,0.0348,0.0459,0.654,0.0853,0.14,106.781,4,47249.0,43,2,-0.6179470443672767,-1.60850050433615
12,228650,0,0.691,0.77,4,-9.652,0,0.175,0.273,0.0,0.201,0.368,100.012,4,21230.0,37,0,0.6588249266251033,0.07220804644733211
19,210240,0,0.7,0.405,2,-10.069,0,0.0353,0.759,0.000126,0.177,0.304,112.038,4,29084.0,42,3,-0.8083268903969668,-0.18818014009134795
35,96720,0,0.615,0.175,8,-24.656,1,0.55,0.3,0.0,0.32,0.526,97.712,4,613060.0,90,1,-2.45796186381533,1.9039663962412274
37,287571,0,0.458,0.823,11,-5.161,1,0.0725,0.406,5.47e-05,0.206,0.695,183.922,4,419255.0,51,0,1.7380391533822197,-1.219082102902796
37,70360,0,0.66,0.448,2,-11.341,1,0.924,0.548,0.0,0.526,0.74,84.535,3,613060.0,90,1,-0.7505096544549777,3.3877686974492187
14,197120,0,0.51,0.514,5,-7.433,1,0.0382,0.144,8.07e-05,0.309,0.27,150.592,4,36549.0,44,0,0.42088968910787605,-0.9269531764698113
35,93320,0,0.707,0.598,0,-9.812,0,0.764,0.543,0.0,0.33,0.706,106.303,5,613060.0,90,1,0.03337895568739072,2.492844307103013
15,226627,0,0.575,0.535,2,-7.473,1,0.0237,0.11,1.38e-05,0.0947,0.666,81.198,4,486.0,24,0,0.7449402608722518,-0.2960558952293254
62,234955,0,0.707,0.774,6,-4.28,0,0.0484,0.405,0.0,0.613,0.506,140.012,4,248671.0,66,0,1.5149727173962042,0.37914279052960365
58,138838,0,0.902,0.853,7,-4.608,1,0.131,0.0494,4.98e-06,0.0717,0.882,148.059,4,125015.0,55,0,2.9820077326427716,0.7151173433533087
28,72011,0,0.659,0.274,6,-14.473,0,0.959,0.264,4.93e-06,0.266,0.545,81.875,4,79023.0,76,1,-1.3307715540659306,2.769206536617124
22,438898,0,0.31,0.99,10,-2.812,0,0.102,0.61,0.0209,0.949,0.557,173.402,3,360.0,26,0,1.557545784469428,-0.8267716962063714
36,111720,0,0.663,0.486,8,-11.645,1,0.943,0.637,0.0,0.311,0.664,141.921,4,613060.0,90,1,-0.49714785254460714,2.4138761614516433
35,60533,0,0.844,0.835,5,-7.526,0,0.0651,0.0559,0.0,0.147,0.967,118.978,4,13474.0,56,0,2.4291984474853385,1.2092514794066025
10,240627,0,0.768,0.535,9,-8.984,0,0.0528,0.306,0.00387,0.059,0.712,96.704,4,6937.0,40,0,0.792103710387185,0.1743408032779215
16,139760,0,0.671,0.215,5,-11.622,1,0.0669,0.994,0.276,0.184,0.647,122.351,3,20038.0,33,3,-1.5279543960426376,0.21368252922593367
50,248373,0,0.848,0.953,9,-5.04,1,0.0679,0.107,0.0,0.342,0.951,136.05,4,40610.0,50,0,3.073325759904919,0.7517998761293762
17,137907,0,0.717,0.457,11,-14.624,0,0.0648,0.432,0.0,0.15,0.882,97.41,4,56799.0,47,0,-0.07367028903344373,0.9427775790504023
15,232120,0,0.405,0.717,5,-7.953,1,0.151,0.0878,0.0,0.262,0.553,176.015,4,1254.0,20,0,1.2458592400781388,-1.0283147140344127
36,85893,0,0.647,0.611,1,-17.043,1,0.95,0.0364,0.0,0.326,0.426,86.453,4,613060.0,90,1,-0.6712349555959237,2.572209740169363
34,181267,0,0.385,0.66,9,-14.601,1,0.046,0.339,0.0,0.0756,0.97,168.26,4,10854.0,29,0,0.5920368067042002,-0.6971285129037477
38,190453,0,0.456,0.283,5,-11.088,1,0.203,0.856,0.0,0.0921,0.524,76.614,4,356.0,36,3,-1.7303964998140204,0.019697276793227043
22,240200,0,0.652,0.53,2,-12.574,0,0.0266,0.239,4.77e-05,0.194,0.84,113.655,4,714.0,33,0,0.5891572710906318,0.16145768461089266
22,268200,0,0.634,0.676,7,-8.679,1,0.0294,0.00934,0.0187,0.0777,0.877,147.39,4,52315.0,46,0,1.8885723288827718,-0.5564158465301795
47,266805,0,0.297,0.298,7,-11.66,1,0.0633,0.689,0.00434,0.127,0.147,169.169,4,75727.0,52,3,-1.5811034996521858,-2.0553408038435386
27,74050,0,0.773,0.582,6,-11.546,1,0.921,0.751,0.0,0.279,0.885,119.505,4,79023.0,76,1,-0.11363267491718754,3.1764691370690374
26,219973,0,0.586,0.939,4,-4.388,1,0.054,0.00284,5.27e-06,0.183,0.847,144.273,4,26169.0,39,0,2.7503705434362367,-0.382287512394779
30,62973,0,0.617,0.732,11,-9.289,1,0.707,0.864,3.01e-05,0.498,0.849,129.186,5,84951.0,73,1,0.1204793152967019,2.6114012255009977
20,67920,0,0.801,0.457,2,-5.759,1,0.0331,0.766,0.0,0.126,0.731,146.017,4,1057.0,19,0,0.6051839728263312,0.6446706631126639
41,236408,0,0.476,0.256,7,-6.859,1,0.0278,0.659,0.0,0.0838,0.434,137.056,4,55021.0,48,3,-0.670572851083014,-1.1495475928843375
28,92373,0,0.558,0.73,9,-10.627,1,0.924,0.327,0.0,0.251,0.522,99.55,3,23593.0,71,1,-0.048714608268744554,2.0736339082314146
51,250979,0,0.712,0.637,1,-8.399,1,0.119,0.121,4.93e-05,0.113,0.398,115.981,4,1708353.0,74,0,0.9270940600441389,-0.3573000188121326
36,179573,0,0.786,0.801,0,-6.136,1,0.0456,0.101,0.0,0.118,0.711,107.281,4,19719.0,36,0,2.0177365872475845,0.3158097188833607
20,199817,0,0.842,0.455,10,-10.381,0,0.069,0.176,0.081,0.114,0.533,157.048,4,2343.0,20,0,0.817146349817616,-0.09559710807804424
28,259067,0,0.464,0.682,5,-2.197,1,0.0332,0.206,0.0,0.141,0.768,150.697,3,13616.0,33,0,1.9018750264066042,-1.0730560074351987
50,160591,0,0.603,0.265,11,-9.893,0,0.0335,0.844,0.0,0.0758,0.371,139.539,4,329524.0,59,3,-1.1304415391675742,-0.5520493226221389
31,231598,0,0.366,0.831,11,-4.64,1,0.0471,0.311,0.0,0.429,0.496,139.12,1,55781.0,41,0,1.1837036520785507,-0.8666064431644679
17,61360,0,0.692,0.608,7,-9.591,1,0.935,0.966,0.0,0.381,0.716,88.187,5,8150.0,48,1,-0.7337557903475149,3.2528774036578247
22,299867,0,0.712,0.544,7,-9.73,0,0.0329,0.417,1.1e-05,0.212,0.717,117.166,4,17446.0,40,0,0.661827590629117,-0.03232224149196065
17,231147,0,0.6,0.365,9,-8.355,1,0.0279,0.706,0.0,0.101,0.26,126.421,4,32426.0,32,3,-0.7486657066483087,-0.8789007324411786
0,197400,0,0.328,0.862,9,-3.316,1,0.0809,0.00741,8.79e-05,0.228,0.741,177.694,4,738.0,12,0,2.306426469287381,-1.2305718249055528
22,197880,0,0.629,0.217,0,-13.301,0,0.0354,0.923,0.0,0.1,0.302,131.066,4,7789.0,32,3,-1.781434846471262,-0.4911808955666973
5,256173,0,0.505,0.693,5,-10.246,1,0.0455,0.099,0.0,0.296,0.806,143.934,4,460.0,19,0,1.2876221717384808,-0.4094941877808344
0,181280,0,0.602,0.591,0,-7.208,1,0.0481,0.722,0.0486,0.328,0.817,110.461,4,31.0,14,0,0.37952257395779215,0.4628005883041647
31,240240,1,0.715,0.636,9,-13.189,0,0.101,0.571,0.556,0.106,0.791,80.029,4,100702.0,51,2,-0.34262104561087303,0.0021046801989906367
41,243387,0,0.513,0.716,4,-5.322,1,0.0292,0.00401,0.000648,0.0574,0.805,199.998,4,55954.0,42,0,2.381183976891497,-1.354118777174208
44,320480,0,0.642,0.939,7,-6.76,1,0.0468,0.4,0.000707,0.349,0.279,107.154,4,55083.0,39,0,1.1080119661983092,-0.5711651155968794
26,195267,0,0.78,0.898,8,-11.265,1,0.0306,0.537,0.616,0.358,0.961,144.882,4,20174.0,38,0,1.158768587881808,0.240203184999121
30,105973,0,0.627,0.673,0,-7.654,1,0.738,0.202,0.0,0.352,0.726,151.26,3,23593.0,71,1,1.0963230735446254,1.79043700604702
21,192293,0,0.419,0.163,7,-18.093,0,0.0388,0.962,0.903,0.099,0.078,91.56,4,1102.0,41,2,-4.07689519602055,-1.842011683256744
45,207907,0,0.495,0.228,9,-13.168,0,0.0903,0.601,0.0,0.256,0.541,171.151,5,101713.0,61,3,-0.981627162210319,-0.554678620709021
20,320567,0,0.614,0.622,2,-6.301,1,0.0267,0.744,8.51e-05,0.179,0.534,127.821,4,218565.0,53,0,0.4300200155540183,-0.7348702487012684
36,261040,0,0.352,0.7,1,-13.266,1,0.0439,0.0121,0.000843,0.164,0.793,185.034,4,38545.0,37,0,1.130734583045472,-1.3463275560447139
39,213130,0,0.636,0.523,1,-9.603,1,0.237,0.0336,0.0,0.141,0.332,161.977,4,11464.0,42,0,0.6732023814558928,-0.5321599409729945
26,68467,0,0.54,0.605,8,-7.201,1,0.103,0.55,1.43e-06,0.275,0.785,82.173,4,84951.0,73,0,0.2692324160253571,0.8767996221529061
12,235040,0,0.531,0.439,11,-7.872,1,0.0269,0.164,0.0455,0.103,0.137,139.024,4,47249.0,43,3,-0.016067349420606857,-1.5077856786475383
18,294800,0,0.462,0.506,4,-9.652,1,0.0382,0.0961,0.000959,0.101,0.176,142.28,4,107366.0,47,3,0.07446523499956223,-1.7847052188717483
21,209467,0,0.404,0.468,6,-10.249,1,0.0839,0.951,1.66e-06,0.231,0.93,67.929,4,38884.0,59,3,-0.9168429644266967,0.3755554554407305
11,259933,0,0.775,0.564,7,-11.298,1,0.0287,0.152,0.00354,0.0824,0.646,105.837,4,21574.0,44,0,0.8332221082865764,-0.018801363444576336
28,100920,0,0.533,0.829,5,-8.236,0,0.536,0.348,0.0,0.259,0.554,65.182,4,23593.0,71,1,0.346821015876767,1.4190343896787199
3,142617,0,0.543,0.32,0,-15.964,0,0.0352,0.296,0.174,0.121,0.134,101.556,4,886.0,11,3,-1.6969385357277202,-0.7684732388858384
7,207920,0,0.497,0.687,5,-10.48,0,0.0346,0.871,0.912,0.111,0.751,112.044,4,285.0,12,2,-0.8406773124748688,-1.2356933146096336
60,147692,1,0.831,0.601,4,-7.49,0,0.0599,0.361,2e-05,0.0915,0.198,103.967,4,397284.0,67,0,0.42284468466291514,0.024626855733477813
33,62729,0,0.741,0.311,0,-19.667,1,0.907,0.678,0.0,0.403,0.655,112.0,3,128057.0,82,1,-1.8807493014984322,3.276203471529905
26,161533,0,0.567,0.218,2,-15.599,1,0.0335,0.879,0.00102,0.107,0.442,105.932,4,16636.0,35,3,-2.059138690318475,-0.12983600175885412
3,170388,0,0.566,0.373,2,-12.947,0,0.029,0.759,0.0,0.079,0.727,175.336,3,818.0,21,3,-0.43778166554375075,-0.47556699542241637
23,241173,0,0.556,0.592,0,-7.18,1,0.0242,0.0379,0.00109,0.0677,0.451,82.989,4,9791.0,27,0,0.7103686813514989,-0.7499439951984542
19,236333,0,0.586,0.34,3,-19.36,0,0.04,0.222,0.00067,0.222,0.44,149.012,4,1554.0,30,3,-0.9339392371867543,-0.5149911648417637
1,176509,0,0.572,0.549,2,-6.961,1,0.193,0.793,0.0152,0.161,0.961,190.569,4,208.0,14,0,0.8539684828634656,0.04103829255726862
34,201773,0,0.525,0.69,11,-11.571,1,0.0283,0.00114,1.59e-05,0.333,0.345,122.894,4,1956.0,24,0,0.5325022728614883,-0.5492497525193245
17,188933,0,0.658,0.482,7,-11.188,1,0.0296,0.363,2.57e-06,0.0612,0.54,103.771,4,22255.0,54,3,-0.013969595071018142,-0.1772906022358068
31,201200,0,0.329,0.299,2,-8.488,1,0.0342,0.293,0.0,0.402,0.53,120.673,4,10208.0,36,3,-0.5251201419722088,-0.6385328643408285
24,202747,0,0.529,0.593,9,-9.358,0,0.0379,0.271,0.000357,0.125,0.397,96.78,4,1037.0,14,3,0.10305913001103116,-0.6220436042252603
45,247550,0,0.627,0.662,1,-5.451,0,0.0994,0.266,0.0,0.138,0.646,165.003,4,40942.0,44,0,1.5980313870974379,-0.6451174521237348
38,243107,0,0.737,0.657,10,-4.32,1,0.0264,0.0134,0.0,0.0492,0.553,95.042,4,2701496.0,84,0,1.6952503134078638,-0.34483495283140747
43,224240,0,0.632,0.646,11,-6.483,0,0.0447,0.713,0.0,0.139,0.828,85.941,4,19212.0,43,0,0.5883935777299766,0.26417739649077254
26,268253,0,0.709,0.48,5,-8.487,1,0.0275,0.34,0.0,0.101,0.737,100.045,4,16407.0,45,0,0.6595598574191268,-0.03671712369718423
11,318907,0,0.648,0.755,5,-12.825,1,0.036,0.584,0.025,0.0965,0.964,125.004,4,17092.0,33,0,0.8642043987171432,-0.16342017886559457
28,183000,0,0.829,0.901,11,-6.476,0,0.0471,0.0792,0.217,0.539,0.965,125.011,4,201.0,24,0,2.528445500561474,1.1374151823336087
11,154373,0,0.521,0.046,5,-16.69,1,0.132,0.737,0.873,0.0696,0.14,98.501,5,1454.0,18,2,-3.630645466569563,-1.3211299407986257
11,246037,0,0.673,0.92,9,-4.608,0,0.168,0.0232,3.61e-05,0.954,0.799,153.969,4,1602.0,36,0,2.6645994681769625,1.2881326259054375
61,216913,0,0.481,0.648,6,-8.779,0,0.17,0.41,0.742,0.102,0.111,134.144,4,54269.0,57,2,-0.7639024132033714,-1.9512310349228612
27,123507,0,0.358,0.585,11,-12.842,0,0.0293,0.0633,0.776,0.515,0.593,147.064,4,12045.0,36,2,-0.4084163602324922,-1.0253833888654524
54,205082,0,0.789,0.129,0,-21.127,1,0.0943,0.992,0.948,0.137,0.541,121.982,3,21185.0,62,2,-3.15539676346532,-0.35942812988796075
31,229000,0,0.796,0.646,0,-7.662,1,0.0309,0.367,3.68e-06,0.0911,0.656,123.958,4,42770.0,42,0,1.2418284148305783,0.013863165707334313
23,219005,0,0.671,0.688,1,-4.527,0,0.04,0.46,0.0,0.134,0.785,123.948,4,220426.0,51,0,1.4831773309737795,-0.069822423855001
41,303133,0,0.469,0.542,11,-7.536,1,0.0241,0.152,0.00078,0.107,0.261,81.3,4,74065.0,44,3,0.03781008053536254,-1.297558479921869
57,236500,0,0.642,0.553,2,-6.602,1,0.0289,0.389,0.00131,0.141,0.407,82.953,4,14606.0,44,0,0.26713570143341603,-0.34403436257079417
20,191473,0,0.634,0.562,0,-8.464,1,0.0347,0.731,0.0633,0.237,0.961,109.779,4,27136.0,44,0,0.4229997449492635,0.5144589222740176
24,204200,0,0.394,0.203,7,-10.638,0,0.0334,0.982,0.747,0.156,0.0548,73.61,3,3176.0,40,2,-3.303165125560794,-1.741557250362955
10,276600,0,0.658,0.833,8,-7.724,1,0.0715,0.171,6.51e-06,0.0416,0.729,120.561,4,375.0,18,0,1.7934434926798113,-0.46139553488306384
39,197650,0,0.414,0.18,0,-10.811,1,0.0281,0.82,0.00049,0.119,0.148,77.077,4,8999.0,43,3,-2.3669156827255735,-0.9022624717786204
20,273200,0,0.683,0.327,0,-16.873,1,0.0482,0.554,2.26e-06,0.197,0.318,101.979,4,4434582.0,73,3,-1.4449494495741084,-0.19233326286465816
19,222000,0,0.676,0.358,2,-18.49,1,0.117,0.405,1.94e-05,0.178,0.826,85.742,4,3310.0,22,3,-0.844654626727043,0.8098107379580515
40,195904,0,0.532,0.818,2,-5.998,1,0.0358,0.00191,0.306,0.211,0.313,150.034,4,4068.0,36,0,1.299813255058099,-1.4056405212180467
53,219987,0,0.605,0.964,9,-1.581,1,0.0643,0.011,0.0,0.187,0.81,99.071,4,4829.0,39,0,2.77003237396206,-0.07811259116012281
36,281387,0,0.685,0.641,4,-3.619,1,0.0297,0.628,0.0,0.143,0.591,134.012,4,447068.0,64,0,1.1170691863870446,-0.5361722137394662
12,237122,0,0.372,0.68,10,-7.187,1,0.115,0.552,5.62e-05,0.371,0.553,171.549,4,32069.0,38,0,0.527329578450023,-0.8768127652996012
34,318773,0,0.604,0.455,1,-9.872,1,0.0297,0.891,0.759,0.0899,0.263,119.853,4,3229.0,32,2,-1.543687568081036,-1.8631928714847525
14,194933,0,0.615,0.679,2,-7.38,1,0.0284,0.107,1.16e-05,0.401,0.802,136.716,3,23928.0,38,0,1.621600694523608,0.23348052407283376
17,80587,0,0.955,0.579,7,-8.209,1,0.0475,0.0878,0.0,0.0317,0.964,116.007,4,353.0,16,0,1.934974974269339,1.2457151065752594
23,104627,0,0.756,0.452,6,-7.067,1,0.0407,0.723,0.0,0.13,0.944,114.393,4,14732.0,45,0,0.5424605112158887,0.9354352960666813
4,189541,0,0.462,0.792,4,-5.436,0,0.0661,0.0104,0.0,0.112,0.638,151.574,4,517.0,14,0,1.8559056079203688,-0.9817160831756199
27,216387,1,0.548,0.805,7,-5.732,1,0.351,0.212,0.000405,0.408,0.649,142.096,4,5076597.0,92,0,1.5237770247701579,0.4253445371104432
32,191560,0,0.491,0.485,0,-8.666,1,0.0284,0.393,0.0,0.383,0.642,146.024,4,64774.0,56,0,0.3091047814936529,-0.2649590453613028
11,169173,0,0.552,0.273,9,-10.694,0,0.0282,0.768,0.443,0.107,0.29,101.297,4,5393.0,29,3,-1.8812811562594578,-0.9584965254673508
3,199800,0,0.485,0.206,7,-9.534,0,0.0366,0.898,0.0,0.272,0.666,94.992,4,53716.0,44,3,-1.3899712099424422,0.06983384380808476
52,186798,0,0.62,0.891,9,-6.121,1,0.0298,0.00202,0.0,0.262,0.729,150.038,4,69854.0,69,0,2.3800590215494304,-0.23383471069690973
42,208000,0,0.63,0.831,6,-4.965,1,0.087,0.108,1.87e-05,0.164,0.593,134.0,4,5012.0,30,0,1.9539781739576638,-0.38294674725947414
22,181800,0,0.597,0.626,9,-12.92,1,0.035,0.476,0.0392,0.179,0.803,93.645,4,35765.0,44,0,0.10335941812542074,0.3203383450337782
19,262000,0,0.525,0.387,0,-10.968,1,0.0413,0.753,0.0,0.147,0.319,79.502,4,3258.0,38,3,-1.372308505942797,-0.5890171904850998
29,233813,0,0.575,0.194,3,-11.515,1,0.0575,0.945,0.00311,0.114,0.453,140.097,4,22695.0,29,3,-1.498758142187973,-0.5960161891180004
42,309336,0,0.718,0.431,6,-10.352,0,0.0306,0.784,6.42e-05,0.109,0.647,109.978,4,697933.0,61,3,-0.2679383918175503,-0.1653885385269867
32,66280,0,0.687,0.958,0,-7.791,1,0.931,0.841,0.0,0.571,0.171,127.441,3,84951.0,73,1,-0.08723269897949976,2.5092514397205234
5,111827,0,0.121,0.366,2,-8.34,1,0.0361,0.49,0.678,0.136,0.457,149.477,4,1785.0,33,2,-1.4511903944295714,-2.3394405692658284
5,160452,0,0.545,0.438,7,-10.341,1,0.0548,0.554,0.000723,0.11,0.906,158.145,4,240.0,10,0,0.3272808003566648,-0.1503919890391011
16,193960,0,0.585,0.904,0,-5.068,1,0.157,0.304,0.000119,0.242,0.849,192.159,4,3063201.0,68,0,2.4281031515832487,-0.23121185828525273
36,66573,0,0.719,0.595,7,-10.347,0,0.937,0.399,0.0,0.454,0.891,60.309,3,613060.0,90,1,0.025833078274441392,3.7435185676670555
9,192293,0,0.493,0.558,7,-9.397,1,0.0331,0.776,5.67e-06,0.402,0.767,132.875,4,2279.0,30,3,-0.04948007127493223,0.13210310710016634
33,231907,0,0.468,0.445,0,-13.087,1,0.03,0.0219,0.00193,0.123,0.732,141.037,4,100394.0,52,0,0.3799345465887518,-0.7826951722610183
44,243093,0,0.588,0.417,4,-7.57,0,0.0302,0.585,0.0,0.168,0.186,65.15,4,149790.0,53,3,-0.8998942531578991,-0.5169684947038923
30,60573,0,0.716,0.498,0,-9.055,1,0.94,0.868,0.0,0.477,0.878,46.557,3,84951.0,73,1,-0.8209987627335746,3.982155992418571
37,209053,0,0.728,0.798,2,-4.812,1,0.0437,0.171,0.0,0.131,0.713,94.992,4,67769.0,34,0,1.8993703247320186,0.16549636851236688
32,226040,1,0.769,0.654,5,-6.598,0,0.0479,0.0936,0.0,0.112,0.555,130.006,4,16736.0,35,0,1.5946205176622537,-0.22913534593133875
7,655870,0,0.369,0.325,0,-10.346,1,0.0313,0.721,9.56e-05,0.12,0.324,98.417,4,24271.0,25,3,-1.2591776589621126,-2.549776132066259
0,398095,0,0.804,0.835,5,-7.588,0,0.0538,0.000154,0.14,0.0669,0.503,125.997,4,2947.0,15,0,1.9921196740386158,-0.9907595306036968
13,138200,0,0.53,0.911,10,-11.095,0,0.0642,0.123,0.919,0.412,0.933,89.813,4,27675.0,46,2,0.6710308340130954,-0.10685891818236752
49,222067,0,0.559,0.734,10,-5.647,1,0.0353,0.556,0.0,0.0872,0.792,131.439,4,107655.0,45,0,1.2244701098855189,-0.4724752519425372
36,71760,0,0.582,0.492,0,-13.095,1,0.747,0.336,0.0,0.527,0.387,111.42,3,613060.0,90,1,-0.882697286001454,2.1630575599159663
0,210347,0,0.342,0.582,8,-3.161,1,0.0323,0.862,0.0,0.201,0.511,78.044,3,2376.0,18,3,-0.36912292748007297,-0.719464642629576
16,160000,1,0.584,0.547,7,-8.502,0,0.382,0.655,1.64e-06,0.134,0.56,83.917,4,5076597.0,92,3,-0.39830472125332206,0.775128333348655
28,255707,0,0.48,0.537,2,-6.432,1,0.0261,0.172,0.0,0.18,0.288,99.605,3,65701.0,47,3,0.24391852430581,-1.0875097911461842
14,160400,0,0.558,0.458,2,-7.368,1,0.0253,0.799,0.0526,0.138,0.636,86.601,4,1106.0,30,3,-0.4876056982424226,0.0037469001736492743
41,293067,1,0.795,0.456,2,-6.064,1,0.04,0.231,0.0,0.228,0.375,125.261,4,2701496.0,84,0,0.8243952348296166,-0.3401601720389419
41,215053,0,0.413,0.948,11,-3.596,0,0.0955,0.0154,0.0,0.0536,0.678,184.924,4,16372.0,32,0,2.5884378733036932,-1.4865507953713855
10,178400,0,0.494,0.614,7,-7.278,1,0.0321,0.872,0.73,0.248,0.947,125.489,4,233.0,11,2,-0.22297235763668724,-0.6233421443660018
36,67293,0,0.567,0.705,2,-9.925,0,0.922,0.786,0.0,0.687,0.766,64.835,3,613060.0,90,1,-0.6217745500040516,3.626142887176271
30,197000,0,0.702,0.86,3,-6.77,1,0.0631,0.207,0.0,0.0788,0.901,101.388,4,26856.0,36,0,2.0242119077925977,0.3115785922259469
21,259680,0,0.461,0.444,9,-7.982,1,0.0333,0.829,0.000421,0.0835,0.344,123.611,5,9577.0,32,3,-0.8167316039563801,-1.2219812488721638
32,194240,0,0.656,0.512,2,-9.209,0,0.0333,0.0728,0.0,0.382,0.514,124.896,4,86871.0,53,0,0.7152708704414368,0.09543165095819933
24,183067,0,0.563,0.237,11,-19.619,0,0.0422,0.905,0.00661,0.113,0.54,80.996,4,9914.0,40,3,-2.5005397789331307,0.20046842192917835
47,163387,0,0.439,0.359,1,-10.609,0,0.0845,0.489,0.0,0.107,0.0665,166.985,4,6238.0,43,3,-1.0228503811267298,-1.4788373819134668
42,172362,0,0.735,0.735,0,-6.215,1,0.0642,0.496,3.49e-05,0.311,0.967,147.917,4,22204.0,47,0,1.7993964808888705,0.7186288401405263
45,210440,0,0.891,0.447,4,-8.785,0,0.0565,0.437,1.26e-05,0.324,0.903,130.004,4,25170.0,61,0,1.0503313433711914,1.1217273511132722
41,187021,0,0.808,0.563,6,-7.275,0,0.158,0.206,2.26e-05,0.111,0.642,94.036,4,44930.0,54,0,1.038293604764755,0.6516192935813839
37,309427,0,0.792,0.572,8,-4.804,1,0.0359,0.55,0.0,0.158,0.858,135.798,4,447068.0,64,0,1.4994311302943086,0.015998484449364265
2,145533,0,0.583,0.157,7,-17.169,1,0.0353,0.922,0.00179,0.107,0.306,110.186,3,968.0,25,3,-2.5551937751369915,-0.18063789855650889
13,170427,0,0.462,0.378,0,-10.718,1,0.0318,0.582,0.204,0.0321,0.503,113.371,4,4361.0,38,3,-0.9782517401056942,-0.9550700170178922
35,72240,0,0.563,0.54,5,-12.617,0,0.885,0.601,0.0,0.2,0.709,93.251,4,613060.0,90,1,-0.8307088081300436,2.378900889624695
21,46227,0,0.441,0.256,5,-12.234,1,0.0381,0.523,0.912,0.104,0.2,120.543,4,650259.0,68,2,-2.3806345095677246,-1.587424897364544
60,262154,0,0.491,0.226,8,-11.459,1,0.0372,0.908,0.188,0.101,0.147,77.861,4,17231.0,65,3,-2.4332124481456114,-1.107698471557847
49,230693,0,0.803,0.462,4,-7.234,1,0.0385,0.127,0.0,0.0939,0.919,134.998,4,1501.0,35,0,1.6314499090279524,0.23971258599071973
9,145827,0,0.667,0.483,4,-10.782,0,0.0289,0.709,0.846,0.147,0.853,92.735,4,69650.0,50,2,-0.8097451924257202,-0.20549996799557269
16,300267,0,0.642,0.782,11,-9.164,1,0.0702,0.0886,0.0915,0.33,0.938,165.665,4,107366.0,47,0,2.090305657374544,-0.21236286736626034
23,240427,0,0.236,0.931,10,-4.908,1,0.0585,0.0131,0.0,0.831,0.453,156.951,4,1918.0,27,0,1.5847868142034334,-0.7338636490031609
23,213613,0,0.749,0.63,9,-8.889,0,0.033,0.385,1.8e-06,0.344,0.946,129.575,4,63857.0,49,0,1.353886486274542,0.7568645745561478
0,68500,0,0.688,0.259,7,-19.131,1,0.0628,0.991,0.723,0.112,0.846,167.918,4,36.0,10,2,-2.0127286283339494,-0.048429441671025086
0,181939,0,0.667,0.728,10,-3.449,1,0.0765,0.991,0.0618,0.519,0.62,116.613,4,258.0,8,0,0.5425551550775729,0.7129562173024259
57,297221,0,0.681,0.613,9,-9.783,1,0.0371,0.0941,0.0,0.0713,0.769,140.542,4,447068.0,64,0,1.4381989763978764,-0.5417793424944506
33,248921,0,0.812,0.647,1,-10.798,0,0.0596,0.284,0.0,0.296,0.924,123.072,4,46371.0,53,0,1.3824986329919668,0.8043004297220059
24,263373,0,0.32,0.74,9,-4.497,1,0.0405,0.0208,0.0,0.155,0.402,164.078,4,96702.0,41,0,1.4149760061459893,-1.9718770752310715
22,306387,0,0.427,0.365,7,-12.736,1,0.0326,0.294,3.92e-05,0.0846,0.38,79.365,4,450319.0,62,3,-1.0121105955625276,-1.1231833276418883
4,474640,0,0.656,0.2,10,-16.856,1,0.579,0.902,0.000223,0.103,0.539,104.768,3,896.0,5,3,-2.0284294231671596,0.33685255130077985
43,184091,0,0.641,0.579,8,-7.425,1,0.0283,0.618,0.000437,0.117,0.497,132.008,4,5299.0,44,0,0.3294615707311695,-0.3910427746495714
29,58867,0,0.717,0.287,1,-15.976,1,0.957,0.603,0.0,0.378,0.711,79.151,3,79023.0,76,1,-1.6487457838763766,3.5011076320387224
28,93920,0,0.667,0.777,10,-9.346,1,0.913,0.441,0.0,0.404,0.47,130.785,4,23593.0,71,1,0.3284406908583538,2.3153199468222594
36,81413,0,0.515,0.54,11,-12.305,0,0.869,0.14,0.0,0.469,0.625,168.387,4,613060.0,90,1,0.10917817569150658,1.9134778231522067
35,223867,0,0.669,0.943,11,-6.413,0,0.0364,0.022,0.000273,0.798,0.956,135.288,4,1897.0,36,0,2.675121057190561,1.1561251882426087
16,256533,0,0.5,0.491,8,-5.974,0,0.0253,0.275,8.66e-05,0.12,0.229,143.034,4,40164.0,41,3,0.2904734246251594,-1.5198344765117022
2,197227,0,0.595,0.145,7,-12.928,1,0.0548,0.983,0.00041,0.105,0.384,142.403,4,718.0,12,3,-1.8700603861751126,-0.4977976285082797
8,282733,0,0.748,0.53,1,-12.677,0,0.0486,0.665,0.0802,0.0851,0.786,124.192,4,1654.0,30,0,0.1140376960736282,-0.008922397445153447
33,51138,0,0.749,0.261,7,-16.503,1,0.916,0.815,0.0,0.167,0.518,118.815,3,128057.0,82,1,-1.9590466804671975,2.6764177312699893
0,168521,0,0.236,0.519,4,-10.161,0,0.0437,0.00117,0.0161,0.297,0.406,122.208,4,2506.0,40,3,-0.13503403640285983,-1.1776951370130433
32,333093,0,0.733,0.827,7,-5.684,1,0.0254,0.13,1.11e-06,0.0784,0.907,109.027,4,271231.0,61,0,2.3826313861925152,-0.2347536669580033
26,141067,0,0.769,0.753,10,-5.728,1,0.0353,0.264,3.41e-06,0.066,0.966,151.082,4,7698.0,32,0,2.3067812846110676,0.31337145849567644
25,292333,0,0.43,0.616,2,-7.933,0,0.0272,0.207,0.0,0.105,0.87,152.055,4,14747.0,37,0,1.2778762938580133,-1.1125086741892036
45,167013,0,0.728,0.597,3,-7.871,1,0.0573,0.638,0.718,0.0531,0.825,105.081,4,12975.0,39,2,0.10237971915155833,-0.307086482662535
3,148000,0,0.479,0.319,2,-12.753,1,0.0683,0.847,0.0168,0.153,0.371,84.203,4,334.0,3,3,-1.9152935244454194,-0.17809426150388144
7,167387,0,0.528,0.478,7,-9.738,1,0.0328,0.77,0.0,0.0697,0.778,123.036,4,20404.0,40,3,-0.22096463207136277,-0.2029728187662451
15,279000,0,0.628,0.756,4,-7.952,1,0.0424,0.1,6.71e-06,0.062,0.592,96.21,4,6937.0,40,0,1.3197380858236076,-0.5676737968489179
0,148439,0,0.459,0.386,10,-14.421,0,0.0935,0.995,0.945,0.264,0.897,123.709,5,760.0,3,2,-1.9970549310006305,-0.5330654444826131
37,93187,0,0.714,0.405,2,-12.239,1,0.954,0.62,0.0,0.571,0.512,116.129,3,23593.0,71,1,-1.0519321361085767,3.1258537767836376
8,190427,0,0.471,0.818,2,-5.913,1,0.0447,0.0122,0.847,0.0564,0.855,192.681,4,6859.0,20,2,1.7632105977972514,-2.026448316507491
16,138853,0,0.555,0.572,0,-16.13,1,0.782,0.954,2e-06,0.723,0.571,122.268,4,42365.0,42,1,-1.592891232451416,2.6475284086940034
37,183533,0,0.5,0.366,7,-16.031,0,0.0282,0.254,0.00408,0.228,0.683,83.128,4,17469.0,37,3,-0.853122126842789,0.13691570973826428
6,278293,0,0.535,0.339,4,-13.113,0,0.0331,0.836,6.43e-06,0.0429,0.297,103.866,3,3498.0,31,3,-1.6428850483928281,-0.9619642138395534
36,255400,0,0.705,0.634,2,-4.794,1,0.0426,0.267,0.0,0.157,0.487,79.984,4,17968.0,35,0,0.9970791374438515,-0.13783617712140186
12,287000,0,0.525,0.441,4,-7.165,0,0.0299,0.681,0.0,0.202,0.225,140.128,4,1640.0,39,3,-0.47787959833103416,-1.2556318359667202
49,219440,0,0.797,0.448,10,-10.675,0,0.138,0.126,0.00178,0.0843,0.812,171.9,4,99431.0,65,0,1.2815977651132222,0.12281708920552135
52,238333,0,0.471,0.675,0,-9.07,1,0.0513,0.511,0.019,0.232,0.53,125.313,4,11481.0,45,0,0.24136529304656493,-0.690778217870805
36,163138,0,0.783,0.921,11,-4.163,0,0.169,0.0498,0.0,0.163,0.884,127.99,4,5168.0,41,0,2.8467773117193373,0.7018984772965545
26,269305,0,0.411,0.553,7,-9.21,1,0.0366,0.223,3.03e-06,0.106,0.258,144.041,4,7907.0,22,3,0.07194141676857203,-1.7199874091542042
59,172820,0,0.742,0.439,4,-8.598,0,0.065,0.135,0.0,0.122,0.826,92.017,4,15359.0,48,0,0.8747969130663007,0.614820697860656
3,320366,0,0.573,0.81,10,-12.47,0,0.0498,0.000356,0.771,0.408,0.777,137.474,4,2065.0,20,2,0.8896303596654199,-1.0244184858699856
20,177173,0,0.502,0.332,2,-9.329,1,0.0249,0.425,0.00391,0.248,0.317,80.68,4,30.0,32,3,-0.973187450310689,-0.33379808044289383
17,286333,0,0.364,0.255,9,-14.977,0,0.0381,0.872,0.449,0.131,0.183,116.75,4,3866.0,30,2,-2.788696320969703,-1.9177275628426984
13,195708,0,0.608,0.467,2,-7.228,1,0.0393,0.909,0.000218,0.404,0.726,108.319,4,849.0,16,3,-0.23862835313648356,0.5609779070407022
50,99600,0,0.791,0.64,0,-6.24,1,0.138,0.788,0.00196,0.385,0.786,99.944,4,7681.0,54,0,0.6331876472678934,1.6056343346640227
24,223160,0,0.631,0.399,4,-12.73,0,0.0379,0.866,0.896,0.0729,0.591,118.827,4,54163.0,50,2,-1.6343909927536888,-1.1582303505919722
1,178093,0,0.305,0.989,5,-2.568,1,0.223,0.0167,7.86e-06,0.101,0.515,176.778,4,738.0,12,0,2.2541779054044047,-1.4557045527423593
0,142915,0,0.636,0.398,7,-11.574,1,0.0949,0.969,0.889,0.105,0.608,116.215,4,178.0,11,2,-1.7217027451797777,-0.6472130855154952
39,92659,0,0.703,0.231,2,-19.14,0,0.953,0.67,0.0,0.593,0.567,85.998,4,128057.0,82,1,-2.365541318619921,3.5950299250375592
13,180800,0,0.488,0.438,4,-13.857,1,0.0345,0.972,0.304,0.351,0.822,140.468,3,4853.0,10,3,-1.1812233926610314,-0.09097950450257866
10,260572,0,0.37,0.692,0,-4.488,1,0.118,0.224,0.0663,0.0736,0.385,170.657,4,363.0,3,0,1.0516434982727296,-1.904866358618647
44,179482,0,0.613,0.834,0,-5.164,1,0.0327,0.0211,0.0,0.225,0.524,110.069,4,6340.0,33,0,1.7833169244967289,-0.25965154096913906
10,262415,0,0.505,0.379,5,-11.179,0,0.0259,0.686,0.000305,0.131,0.254,79.204,4,5492.0,27,3,-1.4314269145527443,-0.7931186282718945
23,179480,0,0.776,0.0468,7,-15.965,1,0.0443,0.715,0.0,0.05,0.648,139.087,4,971.0,21,3,-1.4136820723390109,0.2697824597397719
4,204933,0,0.791,0.285,7,-9.957,1,0.0466,0.953,0.644,0.062,0.713,128.434,4,21786.0,34,2,-1.0505090775451278,-0.36118477538236404
13,203320,0,0.396,0.49,9,-11.407,0,0.0304,0.608,0.0,0.256,0.618,95.655,4,44931.0,42,3,-0.7461562622785436,-0.33575563079420356
17,322999,0,0.49,0.64,2,-7.777,0,0.0278,0.023,9.57e-05,0.37,0.496,145.839,4,335.0,14,0,1.1489830085543378,-1.0364871870507806
59,175593,0,0.509,0.467,8,-4.94,1,0.0331,0.436,9.98e-06,0.0971,0.538,175.159,3,261953.0,62,0,0.6990718808175022,-1.0832900771621894
28,267027,0,0.553,0.25,0,-16.872,1,0.0272,0.597,4.85e-05,0.2,0.171,103.504,3,92686.0,51,3,-2.067098953319264,-0.7246763301753694
39,486973,0,0.324,0.525,3,-11.946,1,0.0353,0.209,0.0,0.0996,0.332,99.775,3,46400.0,36,3,-0.4382433424093729,-2.2300599313295906
52,287160,0,0.618,0.911,2,-2.831,0,0.0251,0.0518,8.62e-05,0.367,0.722,105.724,4,19579.0,40,0,2.452382624587342,-0.14067072770504988
0,149293,0,0.604,0.524,7,-6.273,0,0.111,0.763,0.0,0.265,0.805,147.451,4,127889.0,53,0,0.49458839408241745,0.3555307880825915
44,242200,0,0.699,0.936,4,-4.868,1,0.0451,0.104,0.00138,0.0652,0.966,144.252,4,125730.0,59,0,2.9286643748136774,-0.21709154743564335
27,166533,0,0.445,0.298,11,-11.663,0,0.0301,0.784,0.0,0.132,0.466,103.164,3,450319.0,62,3,-1.524963382695319,-0.4880082825223873
27,253107,0,0.536,0.492,1,-8.835,0,0.0306,0.0127,0.00049,0.0598,0.635,90.451,4,4224.0,33,0,0.6156432984528978,-0.6345064359135569
22,197132,0,0.575,0.702,7,-6.52,1,0.242,0.664,0.0,0.131,0.48,91.973,4,9005.0,29,0,0.1595309868331513,0.11783609648059294
31,233613,0,0.527,0.429,5,-12.738,0,0.0311,0.428,0.0274,0.0774,0.477,128.382,3,39900.0,45,3,-0.514404725832305,-0.8720578537881319
32,62880,0,0.626,0.701,7,-9.458,1,0.959,0.585,0.0,0.277,0.495,166.588,4,84951.0,73,1,0.12232092379866313,1.9898391181869988
37,293069,0,0.539,0.354,6,-11.344,0,0.0623,0.631,0.0576,0.0726,0.284,78.178,4,1218283.0,63,3,-1.3751166592184572,-0.8625093033625565
21,267160,0,0.54,0.369,7,-15.957,1,0.0373,0.19,0.0,0.243,0.429,144.389,4,55458.0,46,3,-0.5732609934710201,-0.7670695515204811
16,220404,0,0.653,0.241,9,-9.786,1,0.041,0.848,0.0,0.0895,0.395,128.094,3,246.0,14,3,-1.1051111879785982,-0.4694979948221547
35,264185,0,0.778,0.883,0,-5.794,1,0.0455,0.0383,0.0,0.0732,0.693,135.098,4,24714.0,23,0,2.527415433666846,-0.32837967674354723
19,294693,0,0.501,0.645,7,-7.762,1,0.0302,0.178,1.76e-05,0.0401,0.286,181.945,4,5786.0,26,0,0.9454488834100824,-1.9956395115200405
22,120747,0,0.557,0.482,4,-7.558,1,0.0561,0.738,0.0,0.0964,0.769,122.17,4,761042.0,66,3,0.04215641680814556,0.07051600758656962
9,133853,0,0.635,0.51,5,-9.557,1,0.0462,0.276,1.32e-06,0.265,0.781,98.263,4,2653.0,18,0,0.5120754671944319,0.6361186483084847
32,158133,0,0.573,0.491,2,-17.295,1,0.0346,0.34,4.1e-05,0.0855,0.887,136.98,4,61117.0,56,0,-0.0838399375611214,0.06445747578782217
3,170667,0,0.504,0.726,4,-12.057,1,0.0763,0.58,0.915,0.395,0.817,100.874,4,3469.0,29,2,-0.572538089398146,-0.36459060007686317
44,214757,1,0.727,0.636,0,-10.383,1,0.1,0.00694,0.0,0.123,0.338,131.947,4,107979.0,53,0,0.9079025403943741,-0.3926492373806242
15,258667,0,0.519,0.455,2,-10.727,1,0.0271,0.364,1.56e-06,0.105,0.316,133.005,4,3258.0,38,3,-0.3196357902895338,-1.1976928510753926
19,271467,0,0.2,0.211,9,-16.258,1,0.033,0.938,0.00974,0.101,0.162,109.557,3,153.0,10,3,-3.100090951218056,-1.8256148436719344
13,229813,0,0.639,0.949,9,-4.09,1,0.227,0.126,0.0,0.134,0.391,133.036,4,1212.0,24,0,1.9816447234986054,-0.4606236700264077
26,57733,0,0.732,0.584,1,-10.232,1,0.897,0.52,0.0,0.117,0.773,114.855,3,33506.0,64,1,0.11993199087022645,2.5915138060553486
3,74920,0,0.64,0.149,7,-22.586,1,0.127,0.759,0.21,0.195,0.953,139.728,5,16.0,1,3,-2.036935479819037,0.9947708828052492
35,114587,0,0.604,0.787,7,-5.843,1,0.864,0.623,0.0,0.457,0.39,87.7,4,23593.0,71,1,0.004857056082337605,2.260695968254048
17,56529,0,0.609,0.144,5,-13.095,1,0.0517,0.987,2.3e-05,0.0927,0.462,123.702,4,634720.0,67,3,-1.9797864767069038,0.22393248041295416
6,187400,0,0.509,0.525,4,-16.557,1,0.0568,0.0814,3.41e-06,0.324,0.843,159.769,4,1733.0,15,0,0.38735948426226646,-0.019366711380533023
74,251933,0,0.541,0.846,6,-2.729,0,0.0551,0.0122,0.000149,0.163,0.524,129.138,4,207608.0,63,0,2.1260922276805068,-0.953333132721667
18,130507,0,0.513,0.328,5,-11.886,0,0.051,0.825,0.0,0.126,0.51,121.449,3,7997.0,22,3,-1.2827056874018636,-0.22280449227236024
26,284027,0,0.726,0.529,0,-5.045,1,0.0374,0.239,0.0,0.0694,0.827,89.977,4,65969.0,41,0,1.3551998186403509,0.0011355118529781274
45,300733,0,0.425,0.34,5,-7.073,1,0.0337,0.631,0.0,0.1,0.232,132.777,4,255714.0,59,3,-0.8058481747418497,-1.6853962183592994
39,257600,0,0.418,0.387,0,-13.234,0,0.0452,0.609,0.000449,0.126,0.486,128.243,5,9683.0,31,3,-1.0491982197937775,-1.0223731970171315
22,215827,0,0.504,0.553,7,-9.789,0,0.0453,0.0852,0.000942,0.0485,0.687,91.727,4,8463.0,34,0,0.5490019714776269,-0.4958173145071677
44,80573,0,0.701,0.516,7,-11.129,1,0.939,0.752,0.0,0.448,0.689,130.255,5,613060.0,90,1,-0.5517766828088275,2.9911908818134414
55,338107,0,0.666,0.912,7,-5.342,1,0.062,0.0839,6.57e-05,0.67,0.647,101.902,4,1480038.0,72,0,2.0834404671172226,0.43964400259809916
54,178533,1,0.823,0.612,1,-7.767,1,0.248,0.168,0.0,0.109,0.688,142.959,4,682957.0,69,0,1.5053946914813086,0.6007837534073605
0,244756,0,0.714,0.344,6,-24.08,1,0.928,0.5,0.0,0.352,0.384,113.481,5,17413.0,55,1,-2.2931041529978873,2.24194048584937
23,172800,0,0.636,0.659,7,-8.562,1,0.0449,0.606,0.000234,0.444,0.526,125.137,4,20919.0,44,0,0.3363541160815827,0.3673096450900768
0,194508,0,0.494,0.879,1,-3.297,0,0.0505,0.000397,0.0995,0.203,0.382,129.982,4,874.0,7,0,1.7776183667117507,-1.0972085674764807
36,270400,0,0.758,0.7,6,-8.631,0,0.0291,0.0285,1.48e-06,0.767,0.925,134.019,4,10990.0,42,0,2.026801978176037,1.1993864711903008
23,166535,0,0.503,0.799,2,-5.892,1,0.0274,0.156,0.000156,0.108,0.964,155.446,4,1354.0,22,0,2.1492985219143703,-0.4691521628401341
21,224773,0,0.743,0.807,1,-3.78,1,0.0364,0.0435,0.0,0.309,0.899,144.062,4,1204196.0,71,0,2.7789333627237136,0.27983347046067936
0,279365,0,0.598,0.0933,0,-17.55,1,0.0976,0.915,0.0,0.0947,0.535,115.382,3,2506.0,40,3,-2.3029014593096724,-0.23028753445791686
23,80248,0,0.685,0.174,7,-14.525,0,0.0666,0.876,0.00222,0.116,0.643,100.724,4,222.0,39,3,-1.6893639013366706,0.8044101020880212
23,229453,0,0.812,0.786,0,-7.688,1,0.0427,0.202,0.000612,0.0575,0.779,126.983,4,2690.0,30,0,1.986132611858479,0.09475166062953899
50,273453,0,0.524,0.441,3,-6.464,1,0.0513,0.412,0.0,0.16,0.37,149.835,3,686820.0,66,3,0.20367512948298752,-1.2159402319729882
59,209387,0,0.672,0.896,0,-3.986,1,0.0526,0.194,0.0,0.299,0.895,102.045,4,6813797.0,82,0,2.342124069672392,0.4959334231234087
36,244587,0,0.625,0.495,6,-6.93,1,0.0382,0.407,0.000383,0.218,0.523,110.107,4,1377.0,25,0,0.37181853976357593,-0.29399191700471117
0,135700,0,0.636,0.236,1,-17.602,1,0.937,0.721,0.0,0.116,0.785,169.814,5,4508.0,37,1,-1.4474554404244837,2.00326152902333
13,165053,0,0.532,0.398,7,-9.593,0,0.317,0.882,9.26e-06,0.0702,0.532,86.373,4,1047.0,7,3,-1.2215247678244345,0.40669972272229354
26,248133,0,0.547,0.909,4,-5.084,1,0.121,0.0711,1.57e-05,0.103,0.574,124.83,4,7853.0,28,0,1.9671888495783942,-0.7461734485842207
19,249000,0,0.679,0.84,10,-6.385,0,0.0336,0.16,1.97e-06,0.346,0.822,118.08,4,114127.0,59,0,2.062603349097352,0.2662892718188371
45,104147,0,0.701,0.704,8,-8.741,1,0.884,0.184,0.0,0.336,0.598,127.894,3,613060.0,90,1,0.8145832095813822,2.2951550473147977
38,204787,0,0.463,0.126,6,-12.914,0,0.046,0.984,0.0,0.0987,0.41,164.16,4,680867.0,63,3,-1.9420142850661064,-1.023379955548794
2,427520,0,0.805,0.793,1,-13.366,1,0.0748,0.000217,0.862,0.0566,0.336,128.016,4,55.0,1,2,0.524077491498824,-1.9203787466214124
11,204093,0,0.828,0.575,2,-8.796,1,0.0288,0.192,0.0,0.0787,0.883,108.026,4,10897.0,40,0,1.4412295979768828,0.5379270369260872
12,226587,1,0.821,0.831,8,-7.134,1,0.0366,0.00596,3.74e-05,0.0707,0.827,114.995,4,8797.0,33,0,2.413469121197498,0.22421878950427573
50,181389,0,0.514,0.967,0,-3.546,0,0.0786,0.108,0.0,0.646,0.486,95.991,4,61193.0,52,0,1.7532645687085637,0.3731909431800192
30,217867,0,0.634,0.348,11,-17.238,0,0.0689,0.62,0.000774,0.258,0.699,170.019,4,462254.0,62,3,-0.7170909970697975,0.014363041853136142
53,231429,1,0.69,0.211,1,-15.667,0,0.0557,0.402,0.0107,0.194,0.0694,140.012,4,35963.0,55,3,-1.4819964488713262,-0.6675879316846265
57,111438,0,0.459,0.112,5,-17.378,1,0.0396,0.974,0.939,0.093,0.0781,65.243,5,327925.0,72,2,-4.320640497584001,-1.3260727680221058
35,318000,0,0.484,0.422,10,-10.915,0,0.0336,0.908,0.000955,0.232,0.134,97.258,1,29084.0,42,3,-1.6691070312481773,-1.0715034324666992
20,152867,0,0.663,0.908,5,-6.138,1,0.0694,0.187,0.0,0.0872,0.821,113.967,4,14014.0,40,0,2.1035035390377814,0.1756370819750024
8,214460,0,0.417,0.72,2,-12.193,0,0.0654,0.00893,0.0199,0.162,0.665,145.359,4,866.0,29,0,0.9154159222545186,-0.8898091820917016
17,285533,0,0.644,0.805,2,-8.231,0,0.0876,0.721,0.0,0.107,0.327,124.833,4,3498.0,31,0,0.3869912843416526,-0.7555837161172624
1,146773,0,0.48,0.318,2,-10.153,1,0.039,0.988,0.296,0.388,0.701,157.557,4,4041.0,16,3,-1.1745162052091436,-0.2471093471885384
34,224440,0,0.831,0.714,1,-6.028,1,0.0291,0.0901,0.0,0.0586,0.976,115.009,4,53799.0,49,0,2.3670638060927027,0.4099474657171458
53,191272,0,0.759,0.415,9,-6.658,0,0.178,0.543,0.0,0.147,0.251,109.917,4,354762.0,70,3,-0.19648017111416818,0.10112200493049349
37,246573,0,0.659,0.326,2,-13.096,0,0.0315,0.488,0.000472,0.139,0.437,104.003,4,2407.0,39,3,-0.8380944229740874,-0.26932091105313805
11,76852,0,0.485,0.103,7,-15.405,1,0.0497,0.887,0.0,0.173,0.642,96.291,4,14666.0,42,3,-2.3095332358701617,0.422335988409313
56,199000,0,0.769,0.621,9,-7.874,0,0.107,0.333,0.00233,0.157,0.649,100.25,4,6813797.0,82,0,0.9405137001852943,0.4851111194536667
29,68533,0,0.654,0.214,0,-19.233,1,0.079,0.995,0.903,0.0992,0.492,125.029,3,4322.0,41,2,-3.0803359871325804,-0.4318370652229926
50,397200,0,0.218,0.263,6,-16.305,0,0.0355,0.941,0.881,0.68,0.0463,96.017,4,341581.0,63,2,-3.8997100157182674,-2.1048344828122905
35,91213,0,0.626,0.491,9,-9.771,0,0.444,0.776,0.0,0.563,0.25,57.616,4,613060.0,90,1,-1.4607758742572776,1.9044442409875515
30,102853,0,0.679,0.669,2,-9.598,1,0.712,0.301,0.0,0.67,0.561,97.749,4,23593.0,71,1,0.2395588488094531,2.7169006253825425
34,214520,0,0.3,0.151,1,-17.055,1,0.0506,0.936,0.0,0.108,0.267,145.043,4,119.0,27,3,-2.822021149641243,-1.4196898548747816
0,182500,0,0.447,0.797,11,-4.94,1,0.086,0.633,0.0,0.492,0.964,209.966,4,1310.0,16,0,1.7843773217654377,-0.1475973184409049
55,246667,0,0.608,0.417,7,-10.341,1,0.0276,0.645,6.69e-06,0.128,0.142,127.976,4,79119.0,46,3,-0.8797017984763144,-0.9957932807820744
30,233160,0,0.731,0.591,7,-11.804,0,0.0343,0.064,0.00014,0.347,0.578,118.59,4,13260.0,41,0,0.8315185945479756,0.2672023182114469
33,239027,0,0.824,0.635,4,-12.657,1,0.169,0.074,0.0,0.915,0.831,97.851,4,25206.0,40,0,1.050518134431302,2.290588118837379
3,367320,0,0.231,0.141,4,-20.544,1,0.0388,0.938,0.000345,0.135,0.365,78.89,4,672.0,13,3,-3.514964345550197,-1.4168987794099912
0,168380,0,0.395,0.267,1,-14.468,1,0.0945,0.996,0.861,0.344,0.803,86.687,4,62.0,0,2,-2.6668433586329385,-0.36477260428016345
33,243867,0,0.816,0.615,2,-11.469,0,0.138,0.281,4.56e-05,0.32,0.476,107.452,4,16070.0,43,0,0.5180171980326264,0.6195054305499371
6,181027,0,0.658,0.0841,5,-14.759,1,0.0496,0.994,0.767,0.088,0.504,121.494,4,21786.0,34,2,-2.7094321276939675,-0.782836777033235
43,216520,0,0.436,0.19,9,-22.814,1,0.0435,0.963,0.885,0.105,0.661,162.042,4,466010.0,66,2,-3.2244137449950294,-1.541834861897765
3,161100,0,0.765,0.648,9,-8.582,1,0.0283,0.0143,0.0,0.0656,0.806,120.153,4,436.0,13,0,1.7184515083441947,0.2576537462167061
34,89547,0,0.614,0.562,5,-9.677,0,0.924,0.362,0.0,0.375,0.5,104.713,1,613060.0,90,1,-0.29736473124494633,2.3951390415334273
45,163657,1,0.847,0.687,10,-5.846,0,0.0659,0.00293,0.00222,0.0469,0.609,97.979,4,34720.0,42,0,1.8193177692994376,0.36230467198787913
18,168495,0,0.729,0.844,8,-3.954,0,0.0944,0.000827,2.1e-06,0.0329,0.971,119.987,4,20466.0,38,0,2.792205333831475,0.3041621538845223
43,219130,0,0.756,0.727,7,-5.637,1,0.0476,0.188,0.0,0.0789,0.903,91.998,4,518246.0,47,0,1.9208399519440267,0.39992830023039866
9,218240,0,0.727,0.617,2,-11.023,0,0.0389,0.343,4.43e-05,0.019,0.748,123.62,4,909.0,31,0,0.8686394850657485,-0.06324110252804242
25,224184,0,0.818,0.787,0,-4.992,0,0.157,0.313,0.0,0.231,0.622,99.969,4,618.0,17,0,1.666218592950936,0.6601608689354282
49,220373,0,0.539,0.449,3,-9.03,0,0.0581,0.273,3.5e-06,0.21,0.349,97.93,4,535252.0,73,3,-0.23588777643503334,-0.5186273169932564
2,278840,0,0.67,0.493,2,-7.99,0,0.0454,0.737,0.462,0.105,0.777,102.612,4,1379.0,19,2,-0.17322455027312672,-0.5035559717220993
0,163533,0,0.611,0.347,4,-13.106,1,0.0298,0.732,0.0,0.116,0.813,100.699,4,47083.0,39,3,-0.7803520711045583,0.38397902280476087
18,336600,0,0.683,0.582,8,-8.096,1,0.0494,0.214,3.98e-05,0.0453,0.814,74.051,4,8476.0,27,0,1.0356220745521576,-0.15547159197305258
35,308360,0,0.664,0.377,0,-10.28,1,0.0341,0.67,1.23e-06,0.195,0.271,112.015,4,470986.0,64,3,-0.8096363718310723,-0.6391791998660498
29,287160,0,0.619,0.904,2,-2.918,0,0.025,0.0489,0.00014,0.367,0.741,105.716,4,19579.0,40,0,2.4583948546826493,-0.11320188182942134
39,192658,0,0.462,0.509,11,-7.536,1,0.0361,0.237,8.72e-06,0.069,0.531,135.895,4,5674.0,32,0,0.4725385952631782,-1.0285086544173336
24,186000,0,0.762,0.853,5,-5.131,0,0.0446,0.221,7.16e-05,0.0393,0.854,99.982,4,5681.0,32,0,2.1908696933335077,0.31709401761534767
36,215484,0,0.359,0.642,7,-14.838,1,0.0489,0.0383,1.04e-05,0.184,0.447,168.521,4,1692.0,29,0,0.21567632788767982,-1.3861347473991756
0,140482,0,0.719,0.375,3,-11.46,1,0.0516,0.96,0.835,0.226,0.927,110.93,3,1422.0,20,2,-1.1813165509295032,0.1938481173476191
15,168475,0,0.771,0.684,5,-4.464,1,0.0348,0.292,0.0,0.0928,0.784,89.005,4,5117.0,23,0,1.6210643830926161,0.48936318028357884
34,57031,0,0.632,0.266,11,-16.248,0,0.954,0.78,0.0,0.373,0.842,83.208,5,128057.0,82,1,-1.904881585935115,3.4505842034105214
1,213484,0,0.419,0.566,2,-15.682,0,0.0446,0.0217,0.00699,0.318,0.695,143.771,4,866.0,29,0,0.22413158821818785,-0.4881479619157117
38,92493,0,0.714,0.627,10,-7.586,0,0.879,0.756,0.0,0.235,0.678,81.843,3,128052.0,80,1,-0.18693165737112016,2.7266060791121194
9,231037,0,0.355,0.481,9,-4.405,0,0.0361,0.889,0.000402,0.315,0.246,108.563,4,22638.0,33,3,-0.8958709948983945,-1.0463993882942608
43,200387,0,0.726,0.715,5,-6.064,1,0.0447,0.452,0.0,0.117,0.774,102.966,4,50621.0,42,0,1.322905839801246,0.28314982532303107
16,249173,0,0.657,0.648,9,-9.952,0,0.4,0.249,0.0,0.129,0.463,89.946,4,4734.0,27,0,0.3164890187048705,0.45371231892068653
8,298773,0,0.603,0.287,2,-17.704,1,0.146,0.32,0.0,0.202,0.864,156.038,4,9607.0,33,3,-0.3850827240139047,-0.03338328932347857
28,60344,0,0.702,0.44,11,-17.621,1,0.944,0.799,0.0,0.489,0.36,131.147,3,79023.0,76,1,-1.9054493534423276,2.8902272677228416
17,130293,0,0.855,0.301,2,-14.526,1,0.0689,0.695,0.0,0.121,0.897,124.053,4,2502.0,38,3,-0.36085498269093447,1.1833305403739425
29,246160,0,0.519,0.509,0,-6.69,1,0.0288,0.664,6.26e-06,0.127,0.189,132.155,4,24038.0,44,3,-0.378899428087057,-1.2783680552749503
0,178292,0,0.458,0.0159,4,-15.898,1,0.0648,0.977,0.0024,0.226,0.355,169.963,4,42.0,0,3,-2.57470464316348,-0.7167194758408403
12,230786,0,0.781,0.749,11,-9.768,0,0.458,0.0876,0.491,0.155,0.621,122.013,4,12361.0,39,0,0.9633093850920963,0.4003923522698128
25,121560,0,0.827,0.448,5,-8.65,1,0.0325,0.797,0.000156,0.151,0.824,75.014,4,3689.0,42,0,-0.017295127275799658,1.2756914317590622
7,168400,0,0.618,0.141,11,-17.2,1,0.113,0.996,0.91,0.115,0.759,138.691,4,21786.0,34,2,-2.6090947188053986,-0.579378034822509
29,184599,0,0.713,0.767,0,-6.778,1,0.0612,0.158,0.0,0.0566,0.792,120.065,3,644.0,23,0,1.872470127284705,0.06419517262446522
18,153253,0,0.56,0.35,1,-13.892,1,0.0636,0.829,0.924,0.159,0.379,96.521,3,12045.0,36,2,-2.4442691939873855,-1.0031767268081413
22,207506,0,0.352,0.253,4,-15.703,0,0.0355,0.708,4.29e-06,0.551,0.443,100.562,4,78.0,18,3,-2.166558948025468,-0.031264319761621
23,205320,0,0.427,0.377,7,-16.689,1,0.0922,0.862,0.29,0.113,0.448,92.134,4,9885.0,21,3,-2.332039894478288,-0.7026658315375235
59,237250,0,0.744,0.659,6,-7.191,1,0.142,0.0623,0.0,0.114,0.746,136.089,4,1708353.0,74,0,1.8042243555395647,0.06260630624280863
36,322400,0,0.697,0.919,9,-4.109,0,0.066,0.0554,0.0,0.109,0.819,115.002,4,66371.0,45,0,2.6885279042699963,-0.3619434372865144
3,165769,0,0.588,0.346,1,-6.788,1,0.03,0.969,0.0,0.177,0.37,97.778,4,720.0,14,3,-1.1036039790143466,-0.16931000384608547
23,196067,0,0.877,0.733,6,-6.591,1,0.0971,0.251,0.0,0.0933,0.951,139.961,4,2161.0,28,0,2.2800305000976446,0.6679435022330007
27,171178,0,0.385,0.345,4,-16.701,0,0.0658,0.877,0.00148,0.605,0.203,134.491,4,3340685.0,68,3,-2.385845481421409,-0.15026817183753252
23,286133,0,0.64,0.798,2,-7.88,1,0.0286,0.204,6.97e-05,0.0387,0.964,126.836,4,12225.0,29,0,2.0011506047855336,-0.3788986475035559
0,179950,0,0.753,0.511,5,-10.994,1,0.377,0.995,0.921,0.405,0.752,119.691,4,1410.0,6,2,-1.2065815645228275,0.7745883432591715
26,190291,0,0.488,0.562,10,-7.433,1,0.0323,0.361,0.0,0.114,0.433,167.368,4,2646.0,29,0,0.541832472259675,-1.2051384605203834
31,60836,0,0.791,0.276,1,-17.57,1,0.94,0.334,0.0,0.401,0.821,105.393,3,79023.0,76,1,-1.027705234224991,3.6081546482694185
21,303867,0,0.62,0.783,11,-9.828,0,0.0281,0.102,0.0,0.275,0.85,114.647,4,1860.0,20,0,1.6258869868626065,-0.09332093783656249
34,348773,0,0.594,0.329,2,-9.797,1,0.0319,0.63,0.0,0.0908,0.404,72.032,4,15959.0,40,3,-0.9672436255896603,-0.715048854169931
0,179227,0,0.724,0.295,8,-8.59,1,0.113,0.995,0.921,0.106,0.582,97.628,4,21786.0,34,2,-1.701082348374877,-0.47752468613032534
7,247733,0,0.703,0.55,9,-10.169,1,0.0957,0.599,2.29e-05,0.068,0.792,99.886,4,9147.0,27,0,0.30928892316230744,0.25881317063093906
39,217783,0,0.648,0.663,5,-6.55,0,0.0432,0.041,0.0,0.06,0.84,150.246,4,761101.0,66,0,2.0061635194582075,-0.43459779579122304
20,202267,0,0.697,0.708,7,-9.263,1,0.0265,0.288,0.0276,0.148,0.836,129.007,4,17449.0,43,0,1.388009297700468,0.10473133977108894
2,214000,0,0.488,0.943,2,-3.266,1,0.0366,0.00103,0.945,0.227,0.168,130.998,4,4839.0,22,2,0.970964115047259,-2.332303148407697
26,230920,0,0.469,0.348,5,-17.236,1,0.0544,0.892,0.416,0.689,0.567,142.363,4,466010.0,66,2,-2.0873540840416984,-0.036335885756566474
24,250387,0,0.545,0.0638,9,-21.082,0,0.0912,0.953,0.873,0.0997,0.208,136.27,4,7111.0,33,2,-3.890671459444282,-1.6646803781744737
23,246400,0,0.559,0.905,5,-2.483,1,0.0493,0.438,0.0,0.18,0.806,180.072,4,16079.0,40,0,2.4266468008797917,-0.8021888283968684
21,153200,0,0.557,0.546,1,-15.159,0,0.0488,0.0645,4.47e-05,0.0845,0.711,143.517,4,196614.0,56,0,0.4124471737060693,-0.3116003510730283
27,115707,0,0.698,0.29,0,-16.016,0,0.141,0.605,2.91e-06,0.0792,0.501,99.51,4,5345.0,30,3,-1.3888884829034616,0.5995710985788768
28,69307,0,0.603,0.514,0,-10.643,1,0.938,0.604,0.0,0.355,0.859,98.292,4,84951.0,73,1,-0.4387489778083703,2.9974120353226326
9,187947,0,0.59,0.891,7,-4.794,1,0.19,0.00752,0.000302,0.282,0.686,176.032,4,61425.0,49,0,2.4990574435702375,-0.21355974475414644
36,64480,0,0.544,0.947,5,-11.264,0,0.951,0.615,0.0,0.532,0.174,85.156,3,613060.0,90,1,-0.6667505256187953,2.443210243053237
14,269933,0,0.533,0.535,7,-8.429,1,0.0236,0.078,7.15e-05,0.177,0.531,88.007,4,49863.0,39,0,0.5054193386892716,-0.6055445443727011
53,192189,0,0.495,0.343,6,-9.947,0,0.0333,0.819,0.00119,0.107,0.472,87.631,4,9184.0,46,3,-1.2883702885900217,-0.39511325639260086
24,69107,0,0.71,0.529,10,-9.308,1,0.957,0.874,0.0,0.643,0.441,63.208,3,84951.0,73,1,-1.2891397869597305,3.622801644679641
22,200992,0,0.684,0.662,7,-6.144,0,0.031,0.87,0.0,0.0672,0.762,94.466,4,13200.0,21,0,0.49592928659367463,0.20467736566276937
34,173262,0,0.786,0.476,0,-8.944,1,0.0339,0.569,0.0,0.32,0.878,125.029,4,5072.0,42,0,0.6677296061444625,0.956417777584063
20,176443,0,0.368,0.626,9,-9.31,0,0.108,0.0225,0.00673,0.128,0.287,114.759,4,1891.0,15,0,0.17841154796674116,-1.1379946615010639
23,281640,0,0.58,0.22,2,-13.301,0,0.0276,0.686,7.49e-05,0.107,0.297,80.886,3,908.0,15,3,-1.801739408135419,-0.6037739911600601
29,91667,0,0.681,0.401,0,-14.895,1,0.926,0.585,0.0,0.429,0.682,83.313,4,23593.0,71,1,-1.298328580306619,3.221624456699339
0,190760,0,0.562,0.0817,3,-17.346,1,0.0634,0.995,0.92,0.176,0.797,73.011,3,42.0,0,2,-3.199803923783561,-0.2705558876489559
21,192685,0,0.732,0.629,10,-7.317,0,0.0338,0.572,1.62e-05,0.195,0.968,96.036,4,1317.0,18,0,1.04717903284041,0.7959056697914638
17,343813,0,0.651,0.235,9,-14.143,0,0.502,0.352,1.71e-06,0.0806,0.356,104.113,4,703.0,23,3,-1.2182041530221148,0.1547534359083636
26,206007,0,0.742,0.514,0,-6.672,1,0.0307,0.64,2.43e-06,0.0939,0.619,116.091,4,3537.0,15,0,0.470838360385337,0.023188613754053292
21,228277,0,0.414,0.205,2,-14.559,0,0.0296,0.833,0.00172,0.0976,0.316,84.278,4,334.0,27,3,-2.4260683213051473,-0.8106795908841098
8,134387,0,0.507,0.467,2,-11.97,1,0.0337,0.0816,0.162,0.213,0.745,129.91,4,1785.0,33,0,0.2643163976545544,-0.26022500776565755
21,297221,0,0.3,0.422,10,-11.262,0,0.0465,0.794,0.0,0.349,0.393,83.179,4,2912.0,25,3,-1.6297811423126796,-0.8393412255388619
31,92741,0,0.506,0.278,7,-16.467,1,0.661,0.61,0.0,0.0703,0.521,174.142,3,128057.0,82,3,-1.5164436512846018,0.7383544410047929
23,245960,0,0.555,0.731,11,-8.79,0,0.0349,0.0443,2.99e-05,0.0574,0.598,121.002,4,11243.0,35,0,1.2852173320820288,-0.8379042687698954
32,242840,0,0.63,0.722,6,-7.261,0,0.0342,0.703,0.265,0.115,0.97,90.351,4,19287.0,54,0,0.711037488019086,-9.533878119409307e-05
19,286640,0,0.833,0.527,10,-11.101,0,0.0587,0.547,0.00121,0.0935,0.937,108.126,4,4029.0,30,0,0.72681405978319,0.5619477310047419
19,93000,0,0.326,0.863,7,-11.469,1,0.0488,0.0471,0.00117,0.297,0.258,97.313,4,185707.0,56,0,0.18638287525420094,-0.6516501305619578
15,322040,0,0.672,0.623,11,-7.83,0,0.0231,0.673,0.0,0.207,0.428,108.077,4,54804.0,43,3,0.1973922344538622,-0.5157066595047609
38,395613,0,0.34,0.0773,1,-20.349,1,0.0326,0.985,0.968,0.0985,0.19,81.33,4,2759.0,46,2,-4.494910609784754,-2.5483113294765327
42,310021,0,0.501,0.361,11,-14.779,1,0.078,0.343,0.0,0.12,0.374,74.924,4,107794.0,51,3,-1.2380236819766397,-0.7025579465503522
13,253947,0,0.48,0.88,1,-6.3,0,0.222,0.318,0.0,0.0917,0.523,128.386,4,5565.0,29,0,1.2450223442571107,-0.7523930530296439
1,199006,0,0.611,0.405,0,-12.988,1,0.0386,0.169,0.0,0.0799,0.49,125.252,3,2208.0,28,3,-0.10929198267363677,-0.5015725572751063
16,507390,0,0.464,0.294,7,-10.179,0,0.031,0.825,2.01e-05,0.586,0.211,84.098,4,132894.0,36,3,-1.7000383727462292,-0.9557296288597597
1,191269,0,0.584,0.326,4,-12.927,1,0.0403,0.981,1.51e-05,0.387,0.611,112.894,4,1428.0,15,3,-1.4042882933576117,0.4578251626248882
9,247267,0,0.543,0.801,4,-7.555,1,0.0552,0.271,0.0,0.721,0.607,159.366,4,3536.0,24,0,1.4043134870915872,0.1370852732609653
38,251547,0,0.706,0.955,9,-4.23,1,0.0727,0.316,1.16e-05,0.266,0.759,103.981,4,4183.0,33,0,2.192705702084705,0.2714786071512967
25,145200,0,0.3,0.594,9,-8.096,1,0.0366,0.392,0.0,0.217,0.946,204.489,3,22287.0,42,0,1.0697269065148336,-0.9687744775667004
0,128551,0,0.72,0.397,1,-24.18,1,0.899,0.553,0.0,0.118,0.427,121.184,3,17413.0,55,1,-2.1749635408083927,2.1693065114207104
11,289493,0,0.584,0.639,0,-9.371,1,0.0273,0.00156,0.0313,0.329,0.448,109.156,4,14391.0,29,0,0.8220262223270243,-0.5492658470126855
29,220773,0,0.479,0.844,9,-8.551,1,0.0568,0.156,0.1,0.151,0.787,183.968,4,47952.0,49,0,1.8233921220496492,-1.0549167603140517
30,243160,0,0.706,0.575,3,-9.793,1,0.0261,0.298,0.0,0.219,0.563,98.244,4,26765.0,51,0,0.5172044488998877,0.0619478156413086
37,104853,0,0.638,0.416,8,-18.695,1,0.904,0.0989,0.0,0.322,0.583,64.968,3,613060.0,90,1,-1.2767013399455018,2.7965975206203084
14,195000,0,0.362,0.906,0,-5.739,1,0.133,0.284,0.0,0.117,0.345,122.745,3,65701.0,47,0,0.9415355243432934,-1.2005539975777777
6,124067,0,0.417,0.264,7,-15.595,0,0.0328,0.0762,0.0,0.081,0.636,168.68,3,2677.0,29,3,-0.45559672481651226,-0.8582222494482513
33,101293,0,0.515,0.448,8,-12.007,1,0.661,0.638,0.0,0.435,0.457,95.116,3,23593.0,71,1,-1.3356661899179036,1.7975244870604024
0,3624960,0,0.808,0.883,11,-7.146,0,0.0503,0.00198,0.83,0.314,0.14,125.012,4,43.0,2,2,3.210150513374588,-12.65388113395177
4,84480,0,0.716,0.606,0,-8.692,1,0.0351,0.144,0.000197,0.2,0.8,111.366,4,244.0,17,0,1.2194277876126824,0.7428853370050119
5,192000,0,0.607,0.158,4,-18.752,0,0.034,0.895,3.03e-06,0.111,0.385,129.513,4,39169.0,35,3,-2.3789387796769876,-0.28644038922194215
30,185500,0,0.824,0.889,1,-3.286,1,0.102,0.122,0.0,0.238,0.929,101.99,4,110286.0,46,0,2.7594244688883953,0.9771648184410786
0,244011,0,0.504,0.747,9,-9.752,1,0.329,0.295,0.0,0.141,0.815,178.122,4,20580.0,44,0,1.3082369349730776,-0.2681795220899017
18,241093,0,0.686,0.375,0,-11.921,1,0.0262,0.227,0.0,0.193,0.29,108.108,4,25398.0,44,3,-0.38043920288997113,-0.393316082748708
32,274107,0,0.763,0.717,7,-7.434,1,0.0419,0.139,0.0,0.27,0.686,133.965,4,37062.0,36,0,1.7898634716468007,0.023693965364063953
25,303840,0,0.729,0.477,10,-10.524,1,0.0311,0.696,0.0,0.067,0.312,128.859,4,11132.0,38,3,-0.36320352735471223,-0.7643325586355798
23,222053,0,0.63,0.905,3,-6.239,1,0.135,0.25,0.0,0.133,0.908,97.934,4,2441.0,26,0,1.9684909002405278,0.31703353702761083
26,52613,0,0.754,0.455,0,-13.518,0,0.945,0.798,0.0,0.668,0.895,58.967,3,79023.0,76,1,-1.1500439225364736,4.478900153202142
6,131960,0,0.702,0.42,10,-13.569,0,0.0476,0.825,0.0642,0.0927,0.904,150.006,4,12359.0,35,3,-0.28341673996723565,0.4334737081726539
53,237840,0,0.646,0.549,4,-6.923,1,0.0319,0.629,5.55e-05,0.254,0.483,113.554,4,3123799.0,80,3,0.1859960527183312,-0.1892508226605158
20,238307,0,0.657,0.477,9,-6.302,0,0.0325,0.728,0.0,0.102,0.569,120.264,3,8261.0,37,3,0.14770885517140184,-0.3653905290408403
26,174827,0,0.457,0.363,2,-9.386,1,0.0368,0.801,1.28e-06,0.104,0.674,153.614,4,4529.0,26,3,-0.5411507007611432,-0.6835021340523175
38,255147,0,0.575,0.555,11,-10.063,0,0.0261,0.202,0.0,0.231,0.521,104.077,4,1331.0,42,0,0.3520986780427441,-0.40905424772685184
44,263026,0,0.636,0.363,6,-11.014,0,0.0286,0.0135,0.915,0.0742,0.69,109.993,4,65395.0,53,2,-0.2701629906509046,-1.3673750003446377
21,234167,0,0.485,0.906,0,-4.577,1,0.0587,0.271,2.78e-06,0.125,0.847,200.512,4,218565.0,53,0,2.5027695143552466,-1.1303992322746053
7,325973,0,0.328,0.747,7,-6.744,1,0.0454,0.000504,0.0169,0.108,0.367,100.457,4,44348.0,43,0,0.8138604296150762,-1.7943604851812465
25,169573,0,0.729,0.888,7,-3.85,1,0.0322,0.176,5.69e-06,0.0762,0.961,128.034,4,9980.0,29,0,2.7222388629636645,0.21450490174913658
9,225200,0,0.659,0.731,1,-5.276,1,0.0334,0.582,0.0,0.358,0.897,119.422,4,8411.0,40,0,1.4118059364861202,0.4855844381000389
58,353278,0,0.613,0.24,0,-12.056,0,0.0303,0.866,0.0178,0.0709,0.436,95.019,3,643196.0,65,3,-1.5103489853480023,-0.7565248073857017
11,169707,0,0.655,0.87,0,-3.243,1,0.0336,0.143,0.0,0.388,0.924,94.663,4,1751.0,19,0,2.3643655064459836,0.7732560604108294
57,264960,0,0.473,0.516,1,-11.962,0,0.0322,0.026,0.199,0.14,0.127,140.036,3,629496.0,62,3,-0.288832349094728,-1.8181679476180241
27,287027,0,0.564,0.821,4,-6.589,1,0.0413,0.156,0.0,0.967,0.352,93.034,4,97206.0,53,0,0.9759682550168953,0.5998925692721707
27,80600,0,0.735,0.418,9,-11.249,1,0.949,0.811,0.0,0.183,0.421,76.56,3,23593.0,71,1,-1.4804273229594263,2.7034351640626455
23,234827,0,0.474,0.273,9,-9.332,1,0.0274,0.841,0.0,0.131,0.3,69.478,4,6581.0,39,3,-1.7617760590255576,-0.6420482944422541
4,167800,0,0.714,0.181,1,-15.321,0,0.229,0.996,0.438,0.358,0.797,92.418,4,21786.0,34,3,-2.1205160927940705,1.2007755859374594
32,299979,0,0.592,0.572,1,-5.977,1,0.0321,0.326,4.07e-06,0.115,0.226,138.197,4,18342.0,45,0,0.5421257798470325,-1.384511203610762
22,199506,0,0.527,0.324,4,-10.626,0,0.0263,0.504,0.0,0.136,0.409,80.7,4,198.0,14,3,-1.0394056724809533,-0.38271092578177474
26,186373,0,0.499,0.861,8,-6.355,1,0.0387,0.611,3.62e-05,0.131,0.923,170.089,4,2188.0,31,0,1.6545819813422167,-0.5253495240552104
26,74708,0,0.714,0.472,8,-12.359,1,0.944,0.515,0.0,0.558,0.822,125.223,4,79023.0,76,1,-0.30782629159777314,3.4298231203437473
3,176135,0,0.471,0.505,7,-7.245,1,0.0644,0.059,1.43e-05,0.27,0.521,113.657,4,2563.0,20,0,0.5463477800206407,-0.42005469735748063
53,272400,0,0.25,0.389,2,-5.739,1,0.0304,0.328,0.0,0.172,0.225,174.765,4,5734698.0,73,3,-0.19121923995458465,-2.341367869966742
17,141893,0,0.854,0.647,7,-4.036,0,0.132,0.585,0.0,0.282,0.888,111.894,4,3015.0,30,0,1.5152024749361428,1.371201909263079
5,337373,0,0.333,0.841,1,-6.948,1,0.0682,0.0211,0.000375,0.083,0.108,160.531,4,1559.0,28,0,1.042787515766654,-2.5558796111693924
28,248667,0,0.433,0.447,11,-9.941,1,0.0295,0.191,4.43e-06,0.14,0.177,129.802,4,59776.0,43,3,-0.37510826863276425,-1.5239418326566831
33,94333,0,0.654,0.5,2,-12.032,1,0.442,0.0535,0.0,0.61,0.589,106.815,4,23593.0,71,1,0.12611928117597318,1.9803177344650522
28,121867,0,0.746,0.778,7,-8.861,1,0.95,0.374,0.0,0.217,0.414,80.319,4,23593.0,71,1,0.22749288679394974,2.4354686908729346
37,313067,0,0.5,0.475,0,-4.834,0,0.0268,0.111,0.0,0.28,0.255,149.096,4,271231.0,61,0,0.6872184717412788,-1.4891150829855626
2,168427,0,0.679,0.286,0,-15.791,0,0.0376,0.875,0.948,0.146,0.656,125.147,4,81.0,4,2,-2.0986835300124476,-0.6594235917388215
16,165000,0,0.796,0.608,4,-12.78,1,0.0386,0.0162,0.0,0.0896,0.923,111.338,4,827.0,25,0,1.3356050226879637,0.6902837997721052
1,185027,0,0.351,0.309,5,-7.31,1,0.0334,0.833,0.0,0.202,0.194,119.06,4,127889.0,53,3,-1.5257603183232593,-1.1914062300734727
18,143173,0,0.718,0.758,5,-11.771,1,0.0401,0.0705,1.48e-05,0.194,0.946,144.708,4,754.0,20,0,1.791621874126074,0.5182804043922593
21,83867,0,0.668,0.594,5,-8.503,0,0.0417,0.215,0.0,0.341,0.985,124.826,4,470.0,25,0,1.3466417092889982,1.0346165250583543
29,82973,0,0.681,0.347,2,-12.89,0,0.93,0.792,0.0,0.197,0.267,70.286,3,23593.0,71,1,-2.1064233223048756,2.4324319721747956
31,217653,0,0.629,0.889,0,-2.873,1,0.099,0.304,0.0,0.131,0.711,119.825,4,5414.0,24,0,2.0989186436164857,-0.20704954335060297
34,245240,0,0.652,0.862,0,-3.607,1,0.0344,0.0951,1.77e-05,0.195,0.723,124.96,4,124575.0,53,0,2.3743975380770395,-0.3133363230418786
79,135581,0,0.74,0.688,5,-4.361,0,0.0916,0.061,0.0,0.138,0.935,115.035,4,123980.0,67,0,2.2225045901248035,0.6593097373765124
27,166812,0,0.354,0.879,2,-11.136,1,0.0625,0.0169,0.618,0.24,0.332,159.16,4,16139.0,38,2,0.39335686535982195,-1.9308001106390125
15,360202,0,0.355,0.487,7,-9.246,1,0.0283,0.377,0.000264,0.106,0.103,78.795,4,21230.0,37,3,-0.9446894563243402,-1.8634499380057767
28,190933,0,0.674,0.392,5,-16.671,0,0.0348,0.731,0.0717,0.0913,0.29,101.063,4,462254.0,62,3,-1.6718269302208224,-0.22945548255923934
41,291307,0,0.357,0.293,0,-7.842,1,0.0337,0.738,0.0,0.118,0.265,133.757,4,968962.0,60,3,-1.2065116492371375,-1.7193659061119397
53,89653,0,0.874,0.984,9,-8.065,1,0.0685,0.0552,4.94e-05,0.0685,0.919,130.008,4,39713.0,56,0,2.7924187176005297,0.9110853683367496
21,169103,0,0.402,0.882,2,-3.96,1,0.0873,0.00266,0.0,0.37,0.852,179.773,4,1453.0,26,0,2.5316637818710266,-0.5359619074614947
28,292573,0,0.744,0.666,7,-6.015,0,0.0383,0.103,2.75e-06,0.173,0.629,92.003,4,501590.0,58,0,1.5208553368772275,-0.07131444821883758
51,267757,0,0.115,0.194,5,-20.176,1,0.0379,0.918,0.865,0.144,0.0385,73.506,4,1080.0,39,2,-4.7498193869947185,-2.65905416956181
40,68575,0,0.0786,0.261,3,-17.818,1,0.0451,0.935,0.863,0.126,0.0684,63.772,4,154646.0,61,2,-4.593063213868494,-2.0379058878520575
42,341413,0,0.516,0.587,1,-9.764,0,0.0568,0.551,0.00155,0.312,0.546,146.116,4,93552.0,46,3,0.21585420511301182,-0.8466471115651861
10,408892,0,0.629,0.8,11,-9.854,0,0.0701,0.726,0.000142,0.351,0.911,120.055,4,54.0,5,0,0.9754962346484217,-0.015574497350662159
17,306387,0,0.524,0.557,2,-9.012,1,0.0285,0.138,1.55e-06,0.139,0.285,119.899,4,363.0,12,0,0.3052146452811242,-1.3221393235762124
25,1108600,0,0.656,0.286,0,-17.712,1,0.951,0.681,0.0,0.139,0.314,92.593,3,40.0,19,3,-1.7465032693090932,-1.1979583437679941
22,226107,0,0.272,0.642,5,-4.574,1,0.0515,0.165,2.44e-05,0.0926,0.627,197.396,4,11192.0,28,0,1.4028293771610627,-1.9845465004258007
57,226880,0,0.563,0.891,4,-4.511,0,0.0397,0.0359,0.0,0.0915,0.332,141.965,4,16457.0,49,0,1.8746300515733485,-1.2643402197630105
0,182555,0,0.605,0.238,8,-11.295,1,0.0384,0.976,0.00013,0.081,0.706,107.145,4,28.0,0,3,-1.2686195043609922,0.10911249913852294
28,248867,0,0.758,0.66,7,-4.287,1,0.0317,0.512,0.000144,0.0728,0.817,98.95,3,634720.0,67,0,1.4272805973086127,0.15845048360641123
36,66827,0,0.643,0.479,0,-10.072,0,0.702,0.1,0.0,0.171,0.516,93.406,3,613060.0,90,1,-0.059433640765641005,1.765258324623867
42,219453,0,0.777,0.963,0,-3.28,1,0.0888,0.046,0.0,0.0926,0.937,135.043,4,2078.0,33,0,3.2248987924906167,0.18939186228202923
31,94503,0,0.685,0.421,9,-14.029,1,0.955,0.597,0.0,0.321,0.599,58.431,4,128057.0,82,1,-1.441448120337311,3.1480982746621495
9,212040,0,0.56,0.9,9,-4.295,1,0.0562,0.00379,2.22e-05,0.1,0.534,95.984,4,18565.0,36,0,1.9080543335231348,-0.6012557479372888
1,145644,0,0.523,0.65,1,-7.07,0,0.0276,0.0881,0.0,0.159,0.711,131.406,4,350.0,16,0,1.3097614034306941,-0.36621376757831686
22,151440,0,0.716,0.55,7,-10.332,1,0.0297,0.427,1.42e-06,0.196,0.913,117.664,4,894.0,18,0,0.7734289239265846,0.6968257365340812
23,279147,0,0.686,0.722,9,-8.24,1,0.0614,0.392,0.00212,0.0771,0.894,171.964,4,18099.0,38,0,1.783651614475644,-0.4543939864991739
40,322167,0,0.624,0.615,2,-6.291,1,0.027,0.744,6.57e-05,0.194,0.541,127.795,4,218565.0,53,0,0.4397114963454441,-0.6768454954516296
37,60640,0,0.592,0.497,1,-14.564,1,0.944,0.0921,0.0,0.331,0.467,76.523,3,613060.0,90,1,-0.8607928883951809,2.604928589273489
36,160787,0,0.66,0.158,0,-12.903,1,0.0322,0.967,0.00133,0.113,0.353,109.915,3,8537.0,39,3,-1.9775331247191468,-0.04439368594285334
31,131866,0,0.725,0.74,2,-4.637,1,0.0742,0.373,0.0,0.0644,0.961,91.997,4,94337.0,50,0,1.7579034201941093,0.737208182907946
29,251925,0,0.68,0.245,9,-10.12,1,0.0303,0.634,0.0,0.201,0.305,115.86,4,6874.0,33,3,-0.9797870298268523,-0.38974740570546085
0,187268,0,0.523,0.433,10,-11.344,1,0.0458,0.993,0.942,0.112,0.649,126.452,4,203.0,10,2,-1.7084467263972005,-1.2653441093755198
7,129893,0,0.664,0.136,4,-17.545,1,0.0332,0.783,0.0,0.102,0.486,95.093,3,1609.0,27,3,-2.185492413713229,0.38024353124510935
44,214500,0,0.721,0.828,4,-5.447,0,0.121,0.242,0.0,0.346,0.774,127.97,4,2275.0,39,0,2.027273442946953,0.5458981547939231
0,166788,0,0.321,0.586,0,-6.109,1,0.0425,0.952,1.54e-05,0.797,0.61,81.706,4,802.0,22,3,-0.7784817618505465,0.6629955489834831
0,212972,0,0.22,0.446,3,-5.186,0,0.0348,0.986,0.0,0.0728,0.311,78.108,5,591.0,15,3,-1.4978791810589416,-1.439515688664152
54,156613,1,0.492,0.92,4,-3.905,0,0.401,0.0764,0.0,0.14,0.359,122.613,5,3980041.0,79,0,1.529440276704679,-0.19848214079228696
2,117440,0,0.544,0.275,1,-20.421,1,0.92,0.798,0.0,0.114,0.61,205.854,4,5001.0,25,1,-1.909378446911134,1.38113467822107
3,190627,0,0.642,0.133,7,-14.54,1,0.122,0.974,0.00222,0.109,0.208,104.956,4,10745.0,21,3,-2.4852859723337057,-0.11707247944096927
38,75453,0,0.798,0.473,4,-11.163,0,0.916,0.345,0.0,0.401,0.651,62.725,3,613060.0,90,1,-0.40862952317483053,3.481383909679117
2,438274,0,0.544,0.985,9,-7.066,0,0.0489,0.0122,0.849,0.149,0.33,138.004,4,2081.0,42,2,1.2378702267671056,-2.735945829033613
69,189231,1,0.696,0.57,0,-9.084,1,0.557,0.673,3.02e-06,0.098,0.329,76.976,4,3963793.0,82,1,-0.6532077650274322,1.0504537177683309
14,295360,0,0.827,0.784,9,-5.384,1,0.0346,0.385,0.00018,0.109,0.794,122.323,4,9512.0,33,0,2.0233177889500085,0.036650028107281046
43,135797,0,0.537,0.47,7,-14.577,1,0.113,0.611,0.0285,0.109,0.719,173.958,4,489263.0,66,3,-0.3392903641714292,-0.2431697063406885
23,272588,0,0.507,0.532,5,-3.603,1,0.0376,0.664,2.29e-06,0.0997,0.427,83.093,3,54147.0,41,3,-0.013221992598523087,-0.8469514299293357
35,206310,0,0.811,0.572,7,-10.035,1,0.0629,0.0614,0.0,0.0949,0.971,177.795,4,3385.0,53,0,2.0095131948226137,0.18094919579955276
35,87787,0,0.708,0.344,7,-15.775,1,0.919,0.893,8.4e-05,0.27,0.621,127.713,4,2981.0,48,1,-1.6686643590056365,2.697537409061939
16,196880,0,0.559,0.468,8,-10.637,1,0.0345,0.55,0.00583,0.13,0.461,121.287,4,6593.0,42,3,-0.407796117768142,-0.5235684087788328
1,230792,0,0.528,0.652,10,-5.727,1,0.0328,0.00049,0.872,0.102,0.167,159.996,4,874.0,7,2,0.40496628168716975,-2.5808280911657273
43,243093,0,0.744,0.881,5,-3.646,0,0.0344,0.00577,0.0,0.339,0.936,133.986,4,20672.0,38,0,3.004777740757317,0.37182027058490763
17,156200,0,0.546,0.405,7,-10.106,1,0.0867,0.728,4.66e-05,0.0322,0.787,79.234,3,875.0,23,3,-0.6329012710049446,0.2606141721773544
18,182133,0,0.496,0.445,10,-12.084,1,0.0418,0.613,5.23e-06,0.0487,0.515,142.247,4,2319.0,28,3,-0.5886018780612122,-0.8052114304144639
31,230533,0,0.51,0.444,9,-8.322,0,0.0256,0.635,0.0,0.0989,0.72,93.645,4,1597.0,20,3,-0.21999079803496377,-0.3412965150640115
20,154549,0,0.382,0.37,10,-14.341,1,0.0322,0.718,0.000103,0.141,0.265,181.092,3,911.0,23,3,-1.4245687038877093,-1.3729847811924305
69,147748,0,0.665,0.743,4,-4.434,1,0.0567,0.0604,0.0,0.959,0.658,131.573,4,19554042.0,83,0,1.8748502152232467,1.387591114709825
34,230840,0,0.621,0.518,7,-9.142,0,0.0307,0.769,0.000357,0.105,0.67,114.289,4,34084.0,39,3,-0.0786179848198676,-0.19992137104858276
12,218000,0,0.532,0.28,6,-13.769,0,0.0499,0.437,0.0,0.045,0.549,180.333,3,3314.0,23,3,-0.5202541187504884,-1.0511589559897236
50,264293,1,0.654,0.8,7,-6.219,0,0.0409,0.0326,0.000991,0.259,0.495,82.052,4,257327.0,61,0,1.477000772581726,-0.16517131484566433
3,186547,0,0.469,0.506,3,-6.082,0,0.0315,0.826,0.0,0.212,0.422,128.301,4,1165.0,18,3,-0.39505731045093784,-0.7052643468527033
6,251507,0,0.752,0.867,4,-8.892,0,0.169,0.0286,0.0103,0.367,0.91,91.238,4,9744.0,37,0,2.0367911748725818,1.081888552600879
4,234160,0,0.611,0.38,4,-10.921,0,0.0324,0.285,1.05e-05,0.0895,0.379,106.832,4,925.0,32,3,-0.3519581552007587,-0.6312868453985955
12,198373,0,0.19,0.0796,5,-17.678,1,0.0351,0.938,4.61e-05,0.207,0.18,74.733,4,5552.0,27,3,-3.813486575934598,-1.078240280088482
10,151067,0,0.723,0.667,2,-6.893,1,0.0665,0.811,2.73e-06,0.0789,0.886,125.195,4,246.0,13,0,0.8862734997870857,0.5008168386705911
38,70145,0,0.634,0.197,7,-17.042,1,0.96,0.746,0.0,0.455,0.324,169.158,3,128057.0,82,1,-2.2254695880868858,2.3252312254431478
39,223641,0,0.277,0.946,5,-4.785,0,0.102,0.0896,0.0,0.363,0.453,175.777,4,81717.0,52,0,1.7445504181615592,-1.4583965753662038
30,63179,0,0.76,0.317,5,-17.434,0,0.915,0.448,0.0,0.502,0.689,134.186,1,79023.0,76,1,-1.117756611845854,3.3003881911360464
48,189280,0,0.95,0.681,7,-4.326,1,0.0505,0.0919,0.0,0.0588,0.783,128.008,4,210914.0,56,0,2.4560139942766877,0.5215310833087033
53,279960,0,0.733,0.62,2,-10.051,1,0.0512,0.011,0.39,0.222,0.92,127.933,4,25172.0,50,0,1.391074832275824,-0.190709870784246
32,399533,0,0.535,0.102,2,-20.509,0,0.0381,0.975,0.935,0.112,0.239,79.16,4,1871.0,32,2,-4.0498564819176766,-1.9057106429845163
32,361138,0,0.735,0.965,2,-6.367,0,0.0336,0.0775,0.00397,0.0826,0.92,123.067,4,8277.0,35,0,2.815353567967438,-0.4006625964772704
25,211507,0,0.64,0.871,2,-2.714,1,0.0364,0.421,1.5e-06,0.104,0.359,138.012,4,28597.0,44,0,1.6115994057946812,-0.8766314077405828
39,82747,0,0.693,0.549,11,-12.003,0,0.857,0.532,0.0,0.598,0.76,119.351,5,613060.0,90,1,-0.23745049954751224,3.1955565177151652
20,151107,0,0.524,0.877,2,-4.457,1,0.0516,0.000188,0.0,0.0702,0.38,105.042,4,205.0,16,0,1.6068805619950086,-0.8037147079015953
7,209975,0,0.781,0.635,8,-5.785,1,0.1,0.301,1.1e-05,0.278,0.715,88.926,4,5117.0,23,0,1.2617226632095184,0.7999434036512421
43,255547,0,0.735,0.62,2,-7.665,1,0.0349,0.619,0.0,0.144,0.568,96.023,4,23888.0,36,0,0.4503668658252995,0.027661965267992566
37,199933,0,0.552,0.853,9,-3.646,0,0.0387,0.125,0.0,0.136,0.751,104.589,4,1749.0,27,0,2.027929367307157,-0.3285854470938013
26,255547,0,0.826,0.786,1,-6.662,1,0.199,0.357,0.0,0.617,0.881,93.142,4,41198.0,37,0,1.6944159160807408,1.7824717021943006
13,194800,0,0.711,0.55,4,-11.385,0,0.0272,0.192,0.0,0.089,0.507,124.541,4,110940.0,47,0,0.5306869156499961,-0.24730997596658283
51,236693,0,0.499,0.721,4,-6.382,1,0.0282,0.0684,0.0,0.0921,0.618,93.601,4,7473.0,43,0,1.2293277228146742,-0.7224769453078685
20,287427,0,0.483,0.474,0,-7.69,0,0.0248,0.0583,1.41e-06,0.106,0.238,104.48,4,18354.0,21,3,0.1304973790035176,-1.417839141389827
53,225435,0,0.454,0.525,0,-6.662,1,0.0327,0.766,0.0003,0.207,0.197,137.806,4,980444.0,77,3,-0.5648125414114834,-1.2328583490076044
28,282960,0,0.707,0.783,11,-7.344,0,0.0397,0.162,0.00183,0.23,0.767,89.991,4,10825.0,18,0,1.6578789782162793,0.18560604286697951
39,140907,0,0.698,0.493,0,-9.064,1,0.0561,0.673,0.0,0.38,0.495,121.05,4,65.0,25,3,-0.16328354830744599,0.576667060878643
39,175027,0,0.601,0.435,0,-14.12,0,0.0841,0.399,0.000186,0.152,0.708,112.672,4,12359.0,35,3,-0.32975550325917186,0.21586848452693383
20,211973,0,0.663,0.832,11,-5.674,0,0.04,0.182,2.23e-06,0.303,0.632,135.02,4,11134.0,36,0,1.898499518765071,-0.08115064834394285
43,194235,0,0.779,0.916,5,-2.645,0,0.0509,0.379,0.00178,0.107,0.82,97.963,4,109631.0,39,0,2.3338882813809785,0.42242017108165647
5,139720,0,0.664,0.318,2,-7.767,1,0.064,0.628,8.7e-05,0.0551,0.612,124.656,4,434.0,7,3,-0.19875311264466186,0.008252114608306632
36,230973,0,0.669,0.847,2,-9.116,0,0.0512,0.0665,0.000127,0.11,0.73,101.002,4,462254.0,62,0,1.687160172858165,-0.048590470568457556
6,213867,0,0.315,0.497,0,-5.437,0,0.0279,0.798,0.0,0.0854,0.722,180.305,4,4449.0,20,3,0.20819433273247115,-1.4701942945933681
32,262973,0,0.343,0.895,4,-2.873,1,0.0517,0.00362,0.00161,0.347,0.646,175.898,4,2392.0,30,0,2.3580910713890435,-1.3750299872182439
36,82027,0,0.753,0.403,10,-14.416,0,0.93,0.11,0.0,0.264,0.654,67.348,4,613060.0,90,1,-0.6020303323249481,3.1075425282687537
41,217640,0,0.858,0.526,7,-7.719,1,0.0641,0.382,0.00602,0.0716,0.902,96.606,4,226260.0,63,0,1.1714108222434914,0.7587626285888809
44,207107,0,0.658,0.686,11,-11.356,1,0.0306,0.386,0.00281,0.304,0.849,135.397,4,14572.0,37,0,0.9842478847555668,0.34481705159331305
29,376893,0,0.842,0.888,7,-5.959,1,0.0499,0.0684,0.0114,0.26,0.807,120.226,4,498.0,18,0,2.6780024425681033,0.05475517137348695
45,201067,0,0.658,0.702,5,-3.417,0,0.0372,0.417,0.0,0.126,0.924,88.018,4,419575.0,60,0,1.609151398799215,0.33472574426106033
0,156733,0,0.463,0.1,1,-21.024,1,0.0492,0.992,0.937,0.112,0.559,70.943,4,1278.0,5,2,-4.045085941249866,-0.7819214700755703
22,232933,0,0.764,0.658,4,-10.735,0,0.0391,0.227,0.00043,0.256,0.785,91.264,4,4414.0,41,0,1.02806805636852,0.6618415062315528
23,210027,0,0.629,0.657,3,-6.263,0,0.0311,0.425,0.0,0.113,0.443,122.998,4,2334.0,35,0,0.756840717115592,-0.5889457973158451
32,167600,0,0.785,0.699,5,-8.461,0,0.0393,0.471,0.0,0.222,0.975,93.363,4,30713.0,48,0,1.2799489588391704,1.1022622806027054
11,270000,0,0.552,0.597,6,-10.852,1,0.0423,0.255,0.0,0.186,0.55,82.771,4,6957.0,34,0,0.1636565421164174,-0.35159402044981347
60,628547,0,0.668,0.815,9,-8.998,0,0.0833,0.0326,0.00102,0.0498,0.785,117.809,4,26905.0,49,0,2.109755795365697,-1.5058208038673642
26,192333,0,0.546,0.531,5,-8.679,1,0.0296,0.168,0.0,0.317,0.828,120.323,4,8570.0,24,0,0.8973970905105085,0.11649452256521081
0,167440,0,0.284,0.381,8,-9.137,0,0.0371,0.927,0.0783,0.137,0.0613,88.711,3,824.0,5,3,-2.2307068949757154,-1.388261774034852
36,140000,0,0.74,0.263,2,-13.272,0,0.0329,0.497,0.000152,0.117,0.383,116.803,4,2345.0,25,3,-0.9347503562791428,0.11839785030495668
51,403640,0,0.415,0.938,10,-4.948,1,0.0974,0.226,0.00973,0.803,0.336,91.012,4,1664425.0,75,0,1.100729077016508,-0.41079110881172043
14,256800,0,0.61,0.994,5,-6.094,0,0.0442,0.092,3.11e-05,0.672,0.805,137.843,4,10122.0,34,0,2.4820453107015448,0.47762131512838263
28,72440,0,0.514,0.404,1,-12.177,0,0.431,0.768,1.36e-06,0.16,0.186,95.92,4,84951.0,73,3,-1.86664145827825,0.60788823232408
2,197080,0,0.514,0.342,9,-15.075,1,0.0531,0.988,0.884,0.125,0.783,87.379,4,1622.0,16,2,-2.3322345424724493,-0.6879539032811193
9,255420,0,0.772,0.626,11,-14.618,0,0.0407,0.494,0.000417,0.0726,0.931,101.161,4,357.0,11,0,0.496495920384595,0.5285690633327695
6,360000,0,0.48,0.18,0,-17.109,1,0.0326,0.914,0.00245,0.104,0.226,101.262,4,3639.0,34,3,-2.6743370176003176,-1.2272399014296036
36,281533,0,0.774,0.703,0,-5.183,1,0.0373,0.182,0.00158,0.0351,0.933,116.69,4,47249.0,43,0,2.200875301267071,-0.020005762274086732
10,268653,0,0.647,0.79,2,-4.834,0,0.0315,0.285,2.59e-05,0.114,0.282,114.96,3,972.0,19,0,1.1973840965075404,-0.9517387427004815
2,151133,0,0.673,0.0604,10,-24.44,0,0.891,0.924,0.0,0.155,0.297,89.489,3,1033.0,25,1,-3.9039235620367965,2.215453475847922
22,173640,0,0.506,0.319,0,-9.643,1,0.0333,0.932,0.028,0.064,0.605,122.742,4,2114.0,34,3,-1.0737289897461293,-0.48051946364254333
26,227133,0,0.726,0.845,9,-4.337,0,0.0396,0.016,0.035,0.155,0.974,130.287,4,67809.0,50,0,2.8186081100760214,0.10956188026475423
34,98400,0,0.701,0.724,11,-7.672,0,0.848,0.63,0.0,0.523,0.561,124.043,5,613060.0,90,1,0.2714388526430144,2.6467428775038617
37,225091,0,0.699,0.857,1,-5.284,0,0.037,0.0468,0.0024,0.0677,0.697,126.995,4,470986.0,64,0,2.3115184407802327,-0.3751747631260165
45,255733,0,0.629,0.718,2,-7.57,1,0.0314,0.39,1.28e-06,0.368,0.604,125.942,3,72127.0,43,0,1.035279072834304,-0.08663057855820581
16,343987,0,0.639,0.587,7,-4.957,0,0.0769,0.586,0.00431,0.313,0.78,148.724,4,3572.0,44,0,1.1807899768232153,-0.3160116544614731
14,154347,0,0.658,0.422,9,-12.186,1,0.0421,0.976,2.11e-05,0.132,0.505,112.883,4,33313.0,36,3,-1.118125111145827,0.15845988734571376
61,219692,0,0.852,0.767,7,-4.197,0,0.0705,0.115,1.7e-06,0.811,0.535,130.022,4,146799.0,62,0,2.069938260262898,1.257014904766623
40,219218,0,0.733,0.709,1,-5.698,0,0.0341,0.525,3.4e-06,0.121,0.96,100.115,4,73254.0,49,0,1.5024528927704928,0.4823284154057562
26,117693,0,0.619,0.812,6,-10.89,0,0.948,0.245,0.0,0.407,0.348,83.017,4,23593.0,71,1,-0.03148916501366588,2.3688296423106485
37,70880,0,0.823,0.744,7,-6.626,1,0.748,0.361,0.0,0.562,0.763,36.585,3,613060.0,90,1,0.7148374321877541,3.719762661874137
35,75479,0,0.472,0.425,9,-14.537,0,0.354,0.685,0.0,0.611,0.302,126.185,3,128057.0,82,1,-1.6912879281530222,1.1014709918276386
40,247547,0,0.762,0.396,4,-9.035,1,0.0356,0.768,0.0,0.1,0.679,107.013,4,70692.0,49,3,-0.13549118024351686,0.18595262751663297
18,231973,1,0.626,0.733,3,-4.961,0,0.0288,0.00404,1.07e-06,0.0609,0.399,93.165,4,965.0,15,0,1.406066645251648,-0.7419141350789955
48,210000,0,0.812,0.857,4,-6.034,1,0.103,0.0083,0.0,0.354,0.651,126.951,4,346352.0,48,0,2.335081220787278,0.5864823679945076
0,183947,0,0.731,0.327,8,-7.941,1,0.125,0.932,0.863,0.0481,0.884,95.973,4,21786.0,34,2,-1.0239500843947194,-0.14325247743824523
25,209600,0,0.355,0.336,11,-6.131,1,0.0305,0.687,0.0,0.0926,0.172,148.009,4,447.0,21,3,-0.946915736034349,-1.7704871615398332
36,86720,0,0.669,0.433,5,-13.354,0,0.94,0.628,0.0,0.562,0.324,141.861,4,23593.0,71,1,-1.2677241045345564,2.588397472759409
61,298147,0,0.6,0.761,9,-3.248,1,0.0327,0.189,0.0,0.214,0.752,134.11,4,980612.0,68,0,2.102725276322721,-0.6049061100672534
27,126253,0,0.755,0.725,10,-7.676,1,0.845,0.535,0.0,0.0822,0.713,90.964,4,23593.0,71,1,0.5555382995964467,2.2856702102290956
16,369200,0,0.693,0.767,8,-14.387,0,0.454,0.888,0.0,0.473,0.696,175.535,4,25653.0,46,0,0.17745106648736675,0.7799298273316432
22,211788,0,0.243,0.272,8,-11.887,1,0.0352,0.887,3.05e-06,0.0696,0.134,75.906,4,257.0,34,3,-2.6550057201166197,-1.4507756622547365
4,149072,0,0.637,0.45,9,-11.977,0,0.0274,0.24,0.0132,0.219,0.543,99.688,4,2058.0,21,3,-0.1112140425119753,0.19657450298071488
51,287400,0,0.466,0.342,4,-8.191,1,0.03,0.613,0.0,0.124,0.21,135.616,4,385812.0,49,3,-0.8465777358887996,-1.5256905042298563
22,370040,0,0.537,0.299,9,-17.161,1,0.0409,0.798,0.000439,0.37,0.156,128.012,4,8716.0,33,3,-2.1110659619639476,-0.9237712774787591
36,244186,0,0.651,0.293,0,-7.919,1,0.0487,0.864,0.0,0.182,0.416,138.85,4,518246.0,47,3,-0.7234927072549425,-0.46212754219201907
11,109493,0,0.366,0.947,0,-3.572,0,0.238,0.00184,0.237,0.289,0.381,91.973,4,1761.0,31,0,1.1834863403374496,-0.4630244116106744
45,262360,1,0.296,0.695,9,-7.172,1,0.0383,0.000865,2e-06,0.116,0.302,113.53,4,51211.0,46,0,0.5729666355486526,-1.8064870273939317
0,183169,0,0.333,0.0786,0,-21.06,1,0.036,0.932,0.0672,0.135,0.182,81.337,4,2506.0,40,3,-3.934562328162941,-0.8301015965140046
8,157440,0,0.469,0.959,9,-3.434,0,0.0784,0.000732,0.0,0.376,0.341,138.001,4,3415.0,28,0,1.9200759441909212,-0.669776438915195
39,67480,0,0.724,0.636,5,-12.272,1,0.954,0.491,0.0,0.316,0.65,82.733,4,613060.0,90,1,-0.3621847959101071,3.1353468862121505
29,64613,0,0.612,0.923,7,-9.993,1,0.934,0.849,0.000121,0.72,0.129,117.176,4,84951.0,73,1,-0.6695316067094021,2.6717051542421606
15,177027,0,0.305,0.797,6,-11.076,1,0.0856,0.00147,1.86e-05,0.536,0.408,89.044,4,22411.0,38,0,0.2619076268751821,-0.24452823102728177
41,263000,0,0.661,0.804,11,-8.239,0,0.0313,0.0637,0.0658,0.204,0.756,130.006,4,25469.0,35,0,1.8588860594507393,-0.31174777288563627
23,274840,0,0.924,0.537,11,-7.982,1,0.0373,0.135,0.029,0.0862,0.889,98.008,4,4450.0,25,0,1.6363774450544115,0.603309013109228
35,82693,0,0.644,0.58,5,-9.402,1,0.633,0.274,0.0,0.512,0.651,102.445,3,613060.0,90,1,0.2321550737829988,2.3126915599476976
28,223867,0,0.678,0.405,7,-7.51,0,0.029,0.784,0.0,0.145,0.485,139.327,3,6891.0,25,3,-0.18249081658087205,-0.38760041195232287
26,65698,0,0.445,0.679,1,-13.538,0,0.833,0.294,0.0,0.352,0.394,174.421,4,79023.0,76,1,-0.27791856809486437,1.216810467813033
6,81747,0,0.729,0.418,6,-7.641,1,0.0484,0.646,0.0,0.186,0.915,134.426,4,244.0,17,0,0.5342130354298084,0.8757659851485715
64,236547,0,0.617,0.519,10,-11.411,0,0.0404,0.292,0.0,0.411,0.692,121.35,4,83469.0,55,0,0.372540905521462,0.25994294963576203
35,249507,0,0.525,0.566,2,-5.855,0,0.0264,0.167,0.0,0.272,0.493,172.036,4,2369.0,24,0,1.171062083708753,-1.0720429266950777
30,251000,0,0.781,0.551,11,-8.442,1,0.0283,0.591,1.11e-06,0.0786,0.429,113.018,4,1478.0,27,0,0.26327668384884517,-0.24935494918171514
39,65600,0,0.516,0.314,6,-15.065,1,0.381,0.275,1.17e-06,0.801,0.638,136.328,3,613060.0,90,1,-0.893280723864286,1.9158030372293324
62,146289,0,0.794,0.894,5,-1.519,1,0.0445,0.111,0.0,0.23,0.932,145.413,3,196216.0,68,0,3.2044950320524133,0.5438029181047077
22,181146,1,0.81,0.843,11,-6.693,1,0.17,0.283,0.102,0.421,0.845,115.934,4,2467.0,29,0,1.9007783653810049,1.233362855380952
21,214581,0,0.436,0.0167,0,-24.2,0,0.0315,0.829,0.0,0.259,0.172,83.469,4,1966.0,26,3,-4.027266232679176,-0.3604040604847047
23,249760,0,0.497,0.641,2,-5.602,1,0.0761,0.433,0.0,0.574,0.646,141.957,3,66867.0,47,0,0.9013109990691531,-0.03030761234278521
31,183427,0,0.69,0.889,0,-7.413,1,0.0409,0.00889,0.762,0.117,0.948,129.999,4,45395.0,44,0,1.9032890153787936,-0.6415009138682047
34,195250,1,0.724,0.84,6,-4.535,0,0.303,0.206,0.0,0.262,0.896,92.117,4,2578.0,40,0,2.050035054918821,1.2286756745040266
3,256305,0,0.653,0.365,1,-14.092,0,0.0845,0.69,2.84e-05,0.0392,0.792,105.004,4,2862.0,28,3,-0.6688521079335328,0.10487138333278395
23,264373,0,0.556,0.522,6,-10.728,0,0.0404,0.793,0.0221,0.165,0.921,149.597,3,12191.0,20,0,0.18033018440107434,-0.2873248249812245
4,406154,0,0.692,0.805,10,-8.056,0,0.0445,0.000487,0.839,0.111,0.266,130.01,4,4850.0,15,2,0.8466804621068938,-2.295047333929862
39,214347,1,0.493,0.794,7,-6.801,1,0.548,0.236,0.0,0.281,0.508,84.685,1,895839.0,70,0,0.637587170544159,0.7429419690449183
14,214480,0,0.429,0.505,9,-7.853,0,0.0302,0.354,0.0,0.117,0.58,77.245,4,606.0,35,3,-0.08669020294982505,-0.5903894722287238
1,290000,0,0.753,0.808,4,-7.098,0,0.061,0.000854,0.681,0.113,0.503,109.96,4,1087.0,20,0,1.2777830557112866,-1.1196559868516853
54,194211,0,0.709,0.644,5,-7.055,0,0.21,0.407,0.0,0.079,0.275,152.2,4,806930.0,64,0,0.6820681997514094,-0.4201655678125251
17,230240,0,0.643,0.81,9,-8.422,1,0.0346,0.284,0.000373,0.351,0.648,142.196,4,1257.0,17,0,1.4682628640731548,-0.06846741813781408
13,201573,0,0.622,0.591,9,-12.292,0,0.0383,0.0676,1.97e-05,0.0815,0.658,98.02,4,92686.0,51,0,0.5837973632671681,-0.12903275256264954
28,102653,0,0.588,0.639,1,-8.643,1,0.617,0.723,0.0,0.255,0.683,93.314,3,23593.0,71,1,-0.2280205507108681,1.7867457476429136
27,225620,0,0.396,0.33,11,-16.713,0,0.0411,0.967,0.00226,0.176,0.389,137.713,3,2364.0,33,3,-2.1578417827835765,-0.9159147783779813
7,380187,0,0.468,0.38,7,-17.062,0,0.0623,0.949,0.000188,0.0883,0.896,116.73,4,726.0,22,3,-1.2998369857313279,-0.5912024595295443
24,192453,0,0.59,0.696,0,-6.658,1,0.0263,0.216,0.0,0.232,0.825,109.993,4,10774.0,39,0,1.4229300332415986,0.09543465751511228
0,30023,0,0.447,0.608,0,-11.045,1,0.0707,0.992,0.59,0.291,0.257,67.424,4,332.0,1,2,-2.161548055421934,-0.25246876800269946
45,217588,0,0.464,0.961,10,-2.092,1,0.0646,0.0193,0.0,0.138,0.738,185.04,4,57175.0,48,0,2.9348508290847715,-1.23052760448679
24,93867,0,0.559,0.166,5,-14.323,1,0.0313,0.975,0.00234,0.108,0.559,96.007,4,200.0,24,3,-2.1429821194109717,0.2914172865903102
41,307797,0,0.734,0.662,11,-9.094,0,0.0375,0.235,0.00828,0.337,0.832,119.867,4,9500.0,42,0,1.4270966839173467,0.28271802543033353
32,279902,0,0.583,0.387,4,-9.402,1,0.0304,0.694,0.0,0.0898,0.244,135.972,3,33851.0,49,3,-0.7455836079978235,-1.1762229767082493
23,281453,0,0.494,0.638,9,-5.932,0,0.0398,0.272,1.5e-06,0.371,0.749,94.856,4,25050.0,43,0,0.9719139241218734,-0.15433221325921753
8,165212,0,0.645,0.533,2,-11.976,0,0.0521,0.198,0.633,0.116,0.425,92.979,4,8076.0,42,2,-0.5408956551584403,-0.7411388858278063
32,243027,0,0.749,0.857,7,-4.27,0,0.0584,0.194,0.0,0.101,0.867,92.023,4,4795.0,35,0,2.294179603748507,0.28097392090615336
8,67600,0,0.519,0.549,9,-10.582,1,0.0377,0.0175,0.00403,0.177,0.155,100.449,4,17449.0,43,3,-0.1851656499015751,-0.45432957556998355
26,293173,0,0.607,0.332,7,-13.339,1,0.0271,0.572,0.0,0.0633,0.444,79.925,4,11280.0,22,3,-1.152913152096663,-0.5017737074509707
27,228560,0,0.73,0.502,2,-10.389,1,0.0364,0.464,0.000212,0.151,0.785,119.941,4,7113.0,39,0,0.531274681673163,0.24377504451942558
20,189240,0,0.698,0.232,4,-14.041,0,0.171,0.722,0.0,0.204,0.411,86.269,4,6720.0,34,3,-1.6606198962735161,0.6193944214179394
15,167507,0,0.752,0.543,9,-12.615,0,0.0331,0.755,0.0037,0.486,0.962,128.125,4,16100.0,34,0,0.23088259390083868,1.380857922214233
22,394333,0,0.485,0.442,8,-9.28,1,0.0274,0.0403,0.00442,0.0571,0.134,132.479,3,43161.0,45,3,0.03831119207473778,-2.164168760962776
36,212463,0,0.61,0.689,6,-7.054,0,0.274,0.0901,0.0,0.137,0.536,174.03,4,16212.0,46,0,1.5194758776655393,-0.4191630260941033
63,181931,0,0.489,0.308,5,-8.979,1,0.0278,0.978,0.000595,0.0741,0.269,101.115,4,629496.0,62,3,-1.6756113216801773,-0.7739962452239781
29,210653,0,0.593,0.595,9,-6.741,1,0.0383,0.306,0.0,0.104,0.667,138.373,4,5017.0,29,0,1.0673833900687022,-0.5367606750951818
32,88874,0,0.704,0.684,10,-12.502,1,0.0817,0.146,0.0,0.424,0.712,134.507,4,128057.0,82,0,0.964789021131229,1.0004631151957235
26,312493,0,0.58,0.483,3,-7.364,1,0.0278,0.194,0.0,0.088,0.126,129.935,4,1539.0,41,3,0.18953789400306853,-1.574203675198166
4,133879,0,0.529,0.31,8,-10.962,1,0.0316,0.651,0.0,0.14,0.444,140.469,4,1445.0,13,3,-0.9179966874140186,-0.4863254957614513
33,59424,0,0.749,0.369,2,-18.1,1,0.94,0.859,0.0,0.921,0.763,86.198,5,128057.0,82,1,-1.9324162007642467,4.652023585955845
29,62440,0,0.716,0.467,0,-8.817,1,0.937,0.827,0.0,0.369,0.557,129.418,3,84951.0,73,1,-0.6819732900996895,2.761102993005307
27,84693,0,0.588,0.564,4,-14.198,1,0.939,0.705,0.0,0.635,0.593,66.566,3,23593.0,71,1,-1.440201475856089,3.4191683112181246
38,129653,0,0.677,0.92,9,-11.51,0,0.0473,0.382,0.558,0.0998,0.405,99.054,4,100522.0,57,2,0.226810308304221,-0.5656823014992372
28,264280,0,0.715,0.743,6,-10.257,0,0.03,0.0337,0.000382,0.33,0.899,132.335,4,1700.0,43,0,1.8847139022704043,0.3208705858565657
37,255240,0,0.682,0.645,10,-13.993,1,0.0356,0.0609,0.000727,0.0467,0.394,114.988,4,1035.0,28,0,0.43691675504002,-0.6430206632173848
28,58764,0,0.531,0.758,7,-20.075,1,0.943,0.283,0.0,0.406,0.112,81.156,4,79023.0,76,1,-1.6569461460595456,2.2547638440718307
8,204240,0,0.273,0.228,10,-14.825,1,0.0405,0.814,0.0,0.466,0.277,83.863,4,29818.0,43,3,-2.7263283289192373,-0.44484702449016983
9,185107,0,0.341,0.428,3,-9.26,1,0.0311,0.512,0.000417,0.0889,0.332,147.998,4,334.0,27,3,-0.6515927227094991,-1.5180466703170181
44,219354,0,0.454,0.704,11,-5.059,0,0.0302,0.25,5.02e-06,0.112,0.379,104.995,4,11332.0,40,0,0.7482541962628714,-1.100178229204398
8,171642,0,0.4,0.908,10,-4.653,1,0.0471,0.0116,8.4e-06,0.173,0.96,164.442,4,945.0,21,0,2.5914245448584277,-0.7357424911893365
26,173333,0,0.448,0.451,3,-7.907,1,0.0289,0.556,0.0,0.115,0.56,134.155,4,12962.0,36,3,-0.1448656610542238,-0.7932900669893107
21,125608,0,0.629,0.228,10,-16.434,0,0.955,0.787,0.0,0.243,0.507,171.337,5,516.0,41,1,-1.835383722541498,1.928888478067626
20,133827,0,0.27,0.139,4,-22.369,0,0.0553,0.994,0.48,0.273,0.129,116.464,3,1242.0,27,2,-4.357317132552355,-1.2546086539553747
31,215253,0,0.55,0.21,6,-13.387,1,0.029,0.818,0.00043,0.113,0.124,98.925,4,11952.0,30,3,-2.2207267931955403,-0.753566119791245
24,221827,0,0.748,0.895,2,-4.838,0,0.0582,0.0608,1.98e-06,0.342,0.961,128.032,4,1040.0,30,0,2.813513401619702,0.6205075745308857
13,191000,0,0.483,0.219,7,-16.349,0,0.0461,0.862,6.85e-05,0.183,0.389,83.394,4,1327.0,27,3,-2.458288572779855,-0.1721771726595383
45,290307,0,0.738,0.699,9,-9.447,1,0.183,0.125,0.0,0.2,0.641,87.978,4,470952.0,64,0,1.1211313625902688,0.39067885312458167
48,222178,0,0.731,0.593,1,-9.923,0,0.06,0.236,1.13e-06,0.0886,0.165,114.988,4,197765.0,56,0,0.23997462121742977,-0.5939453766307842
13,113685,0,0.561,0.0175,3,-20.792,1,0.0787,0.991,0.912,0.0935,0.127,79.94,4,10903.0,55,2,-4.577003327615984,-0.9195718618875074
9,204133,0,0.629,0.527,5,-9.191,1,0.0446,0.294,0.0,0.101,0.6,140.825,4,248.0,11,0,0.657614780842485,-0.45896639854704174
33,219093,0,0.697,0.336,7,-7.488,1,0.0338,0.873,7.42e-06,0.119,0.497,115.987,4,2674.0,39,3,-0.5628281982000424,-0.14753158850186948
36,70227,0,0.534,0.426,7,-13.2,1,0.929,0.706,0.0,0.483,0.602,150.4,4,613060.0,90,1,-1.1671235235404618,2.4187308173934716
9,173213,0,0.544,0.527,2,-5.7,0,0.0337,0.435,0.0,0.0995,0.614,131.412,4,728.0,14,0,0.6288159621292078,-0.5551732297476271
50,206893,0,0.562,0.77,10,-8.12,0,0.054,0.137,0.0,0.0665,0.954,117.411,4,654373.0,59,0,1.7376974404660468,-0.16229296995644493
51,370833,0,0.681,0.838,9,-4.531,1,0.218,0.437,0.0,0.103,0.505,143.951,4,189790.0,58,0,1.6512434103078069,-0.7510142637065841
48,326467,0,0.744,0.765,1,-12.174,1,0.0344,0.0393,0.707,0.258,0.831,119.743,4,18364.0,40,2,1.0825539323729652,-0.6344254996883167
37,254062,0,0.662,0.551,10,-5.887,1,0.0275,0.4,0.0,0.0878,0.516,95.982,4,539622.0,54,0,0.6023185400611576,-0.4234458621881832
27,268000,0,0.23,0.367,5,-8.099,1,0.0321,0.908,0.0105,0.08,0.0922,77.241,4,766.0,34,3,-2.1188876708999107,-1.8169913156885789
5,167933,0,0.615,0.406,9,-7.008,1,0.0266,0.711,0.000278,0.0568,0.641,112.036,4,20169.0,50,3,-0.12532241548979842,-0.16681512413059005
26,323027,0,0.842,0.712,10,-10.41,0,0.0625,0.45,0.73,0.0721,0.659,107.213,4,939177.0,76,2,0.4239617231099186,-0.7262069516588845
34,174733,1,0.815,0.647,4,-7.616,1,0.178,0.128,0.0,0.0572,0.966,150.085,4,9914.0,32,0,2.0898634371024167,0.6252347625271807
34,78133,0,0.694,0.73,11,-8.181,0,0.925,0.478,0.0,0.453,0.816,98.432,3,613060.0,90,1,0.5628768517600382,3.2038717455840806
74,177565,0,0.717,0.717,6,-5.03,1,0.0621,0.508,0.0,0.102,0.628,110.021,4,393425.0,70,0,1.1744451908181406,0.10680094422745592
5,188333,0,0.545,0.185,7,-16.099,1,0.0483,0.99,0.395,0.117,0.502,89.515,4,43.0,1,3,-2.7075313218821226,-0.41137460207494536
40,181333,0,0.659,0.827,4,-5.472,0,0.0701,0.0299,1.29e-05,0.15,0.496,90.018,4,2078742.0,70,0,1.6263532648586159,-0.08369711175202905
17,180360,0,0.568,0.324,6,-14.298,0,0.0605,0.374,0.0,0.102,0.662,109.003,4,1148.0,26,3,-0.6797881717162089,-0.05159790452291482
18,265640,0,0.356,0.431,0,-9.248,1,0.0321,0.154,0.0,0.119,0.151,126.483,4,102989.0,52,3,-0.45661135680408005,-1.8454698010513435
37,320759,0,0.349,0.343,6,-15.549,1,0.0399,0.32,0.139,0.175,0.309,135.816,3,9536.0,32,3,-1.3611174207201013,-1.7740944552312503
35,232080,0,0.612,0.694,11,-7.448,0,0.026,0.00103,0.0,0.213,0.358,104.953,4,215.0,23,0,1.0467915150305764,-0.5882396646804621
16,238455,0,0.54,0.432,11,-10.956,0,0.0326,0.555,0.0214,0.125,0.391,94.257,4,3063201.0,68,3,-0.809755759558652,-0.6216034944200556
29,241720,0,0.791,0.904,6,-8.981,0,0.0673,0.0711,0.0,0.0823,0.946,118.762,4,12420.0,34,0,2.424456659273436,0.34626756677773524
6,194943,0,0.627,0.788,5,-4.386,1,0.0299,0.473,2.94e-06,0.404,0.883,88.714,4,5117.0,23,0,1.4877378898303362,0.7386840249382324
24,329333,0,0.699,0.282,3,-11.25,1,0.0324,0.736,1.52e-05,0.125,0.367,138.089,4,107366.0,47,3,-0.8372678180436455,-0.7785749740327621
13,279341,0,0.529,0.355,0,-10.228,0,0.0808,0.723,0.91,0.0705,0.438,78.309,4,1431.0,30,2,-1.9004669256826157,-1.5196330824673325
35,165920,0,0.784,0.605,10,-5.56,1,0.0648,0.33,0.0,0.358,0.724,132.01,4,13474.0,56,0,1.4491214292643109,0.7315780189847468
5,181053,0,0.383,0.487,7,-6.795,1,0.0339,0.409,0.0,0.0522,0.697,96.241,4,2692.0,20,3,0.09406019636036725,-0.7104837100101721
34,55956,0,0.627,0.256,8,-19.813,1,0.957,0.465,0.0,0.278,0.369,74.109,4,128057.0,82,1,-2.5447830070997584,2.7588649357497146
10,112880,0,0.571,0.289,9,-9.145,1,0.0275,0.722,0.000237,0.163,0.584,89.976,3,3732.0,37,3,-0.9629263509619573,0.24921767684142984
22,148013,0,0.527,0.969,6,-3.899,1,0.0595,0.000485,0.0,0.529,0.605,132.011,4,25331.0,43,0,2.281509905482511,0.1311278600551243
15,100787,0,0.667,0.412,11,-9.314,0,0.121,0.191,0.0,0.0625,0.585,104.085,4,4482.0,40,0,0.2363996476994138,0.3176301306210194
19,341481,0,0.486,0.829,0,-10.227,1,0.106,0.00155,3.44e-06,0.107,0.645,154.607,4,4918.0,28,0,1.6072704385706733,-1.2788577597887676
42,186107,0,0.516,0.81,4,-7.412,0,0.0794,0.0786,0.0,0.954,0.511,169.838,4,47195.0,51,0,1.518991203714443,0.5069919846020107
15,412293,0,0.691,0.718,1,-12.303,1,0.0427,0.0122,0.757,0.133,0.916,118.32,4,939177.0,76,2,1.047248698073445,-1.2131491460365844
27,390173,0,0.402,0.565,0,-7.509,0,0.0266,0.124,0.0098,0.1,0.144,149.789,4,36185.0,40,3,0.35954067672214957,-2.43751337094789
0,188400,0,0.466,0.482,10,-11.971,1,0.0798,0.963,0.758,0.29,0.862,192.377,4,149.0,11,2,-0.8964810355756795,-1.044863190921576
8,184367,0,0.574,0.509,5,-5.637,1,0.0245,0.452,1.61e-05,0.37,0.35,90.411,4,1159.0,19,3,-0.01696832004906495,-0.05944215148723783
35,126772,0,0.625,0.621,11,-9.658,1,0.0394,0.388,0.0,0.841,0.781,113.548,4,2851.0,26,0,0.6024646170797087,1.5818860860308177
20,235000,0,0.772,0.849,4,-6.903,1,0.0293,0.0165,0.000107,0.0508,0.968,116.026,4,130592.0,44,0,2.587879679145496,0.17756195506413455
39,255660,0,0.424,0.208,1,-13.473,1,0.0379,0.859,1.56e-05,0.132,0.25,126.404,4,415209.0,54,3,-2.130382437418679,-1.2002358208449802
35,202333,0,0.875,0.514,5,-7.559,0,0.082,0.469,1.13e-05,0.0968,0.935,114.021,3,233690.0,54,0,1.208883529603201,0.8769899581193036
3,153293,0,0.589,0.472,7,-10.268,0,0.0412,0.805,0.0,0.329,0.746,130.529,4,667.0,10,3,-0.27864288655742253,0.4225473289719013
30,270267,0,0.639,0.744,4,-7.833,0,0.0391,0.176,0.0,0.0339,0.798,89.982,4,10734.0,35,0,1.4500485598672899,-0.2524988772563835
35,88347,0,0.653,0.536,2,-13.195,1,0.9,0.732,0.0,0.337,0.295,125.194,3,23593.0,71,1,-1.2876330708528272,2.1440209071028526
36,60377,0,0.552,0.401,1,-17.192,1,0.841,0.829,0.0,0.603,0.45,120.945,5,128057.0,82,1,-2.1494771811651585,2.677588608039476
1,177253,0,0.563,0.5,0,-12.68,1,0.135,0.0355,0.00877,0.165,0.948,151.085,4,511.0,12,0,0.9376202263364812,0.12236010229645133
32,62770,0,0.654,0.216,8,-17.631,1,0.943,0.659,0.0,0.367,0.353,157.669,1,79023.0,76,1,-2.113675107402855,2.315173938632694
21,131547,0,0.396,0.279,2,-8.77,0,0.039,0.812,0.0,0.348,0.641,147.006,4,85225.0,47,3,-0.9272495312430693,-0.2403057723917648
35,274467,0,0.673,0.452,9,-10.283,0,0.0444,0.677,0.0,0.104,0.284,117.766,4,976.0,23,3,-0.597908939922447,-0.676532442106442
25,306400,0,0.377,0.383,6,-12.85,1,0.0266,0.12,0.0,0.1,0.447,169.244,4,25398.0,44,3,-0.15607245740212414,-1.8523791557074687
12,223000,0,0.649,0.619,11,-5.631,0,0.0339,0.0892,0.0,0.202,0.415,109.924,4,22457.0,41,0,1.105033910533551,-0.44082837692668725
33,248573,0,0.644,0.896,10,-7.651,0,0.123,0.00969,0.00106,0.261,0.727,100.266,4,1162685.0,63,0,1.9364492710063606,0.20536738933882473
55,93579,0,0.929,0.322,0,-10.427,1,0.061,0.746,0.0,0.0908,0.966,95.033,4,141707.0,72,0,0.04665243907831694,1.6510171203994297
31,209467,0,0.69,0.183,7,-13.888,1,0.0299,0.757,0.0,0.124,0.267,116.125,4,2119.0,29,3,-1.7269184466633016,-0.29691708380781856
9,357400,0,0.512,0.311,5,-14.741,1,0.0475,0.707,0.00786,0.043,0.727,147.652,4,388.0,15,3,-0.8431935315969249,-1.0540369306235156
46,82340,0,0.808,0.511,6,-9.524,1,0.11,0.758,1.88e-06,0.0731,0.926,140.141,4,916.0,54,0,0.5616423120999927,1.0322302653042723
37,192960,0,0.691,0.26,2,-14.15,1,0.0297,0.823,4.8e-06,0.102,0.447,79.08,4,23451.0,40,3,-1.680006299252903,0.22679394522180807
12,176187,0,0.643,0.563,3,-8.045,0,0.0327,0.264,4.37e-05,0.158,0.776,104.704,4,5013.0,32,0,0.8991745162985891,0.19732331406533407
19,211600,0,0.718,0.676,5,-7.151,0,0.05,0.0824,0.000142,0.111,0.679,110.037,4,16073.0,37,0,1.5437026819407988,-0.00627490978044888
46,179199,0,0.635,0.594,7,-5.289,0,0.0498,0.114,0.0,0.0652,0.238,159.924,4,10234.0,54,0,1.0983700395428118,-1.1272893342669228
11,180253,0,0.705,0.588,3,-11.012,1,0.0317,0.814,0.817,0.144,0.892,113.34,4,1261.0,28,2,-0.4509754931080682,-0.2735225293403855
45,224573,0,0.4,0.565,8,-6.535,1,0.0289,0.295,0.0,0.0705,0.347,152.015,4,300488.0,56,0,0.40596547964465796,-1.6665983042174963
34,72005,0,0.639,0.482,7,-11.679,0,0.906,0.787,0.0,0.188,0.43,82.882,1,128057.0,82,1,-1.4391918534056973,2.363299079987173
14,110991,0,0.803,0.532,1,-13.12,0,0.0527,0.0256,0.0,0.0869,0.682,124.768,4,28.0,6,0,0.855450462964027,0.5381785929906961
0,179053,0,0.552,0.337,7,-17.641,0,0.0314,0.993,0.688,0.412,0.766,77.061,1,425.0,7,2,-2.5241567408215766,0.2687232740433108
34,218960,0,0.596,0.621,1,-8.817,1,0.0302,0.449,0.0,0.113,0.651,107.231,4,50436.0,42,0,0.505223662980667,-0.2749499123545679
39,211673,0,0.319,0.0607,2,-22.564,1,0.0356,0.913,0.00018,0.109,0.248,132.288,3,5296.0,51,3,-3.6338387653217996,-1.2033773276481174
37,242200,0,0.701,0.932,4,-4.854,1,0.046,0.127,0.000819,0.0603,0.965,144.253,4,125730.0,59,0,2.892197645837694,-0.21404871714171128
22,161493,0,0.685,0.591,8,-9.638,1,0.0337,0.7,0.0,0.736,0.968,128.117,4,2721.0,39,0,0.5867717519042355,1.6169990512749068
0,204918,0,0.547,0.579,2,-9.471,1,0.0291,0.288,0.000587,0.435,0.208,105.941,4,1777.0,11,3,-0.15971273440724715,-0.32481347230291613
30,200967,0,0.781,0.815,5,-5.031,0,0.0406,0.0345,0.026,0.343,0.651,119.891,4,4082.0,29,0,2.2147987111848555,0.3984547001031572
19,236080,0,0.712,0.579,9,-8.841,0,0.0318,0.0851,0.00118,0.0639,0.66,133.937,4,1582426.0,73,0,1.29731125302622,-0.38379884712877776
36,219333,0,0.385,0.376,9,-8.838,1,0.0271,0.386,0.000397,0.412,0.183,150.974,1,12450.0,38,3,-0.6750475773124665,-1.174908174105184
71,171880,1,0.966,0.582,8,-6.225,1,0.0837,0.138,1.92e-05,0.112,0.186,115.05,4,138719.0,73,0,1.0950848845901682,0.20957587031647087
13,320035,0,0.647,0.712,6,-3.183,1,0.0291,0.575,3.11e-06,0.063,0.732,108.804,4,3063201.0,68,0,1.3918002572727564,-0.5851038896255976
63,243093,0,0.799,0.772,2,-5.466,0,0.111,0.109,0.0,0.112,0.671,79.995,4,284005.0,64,0,1.8169408144685557,0.4006808165157679
21,144973,0,0.641,0.489,7,-12.526,1,0.252,0.0172,3.97e-05,0.072,0.529,184.612,4,14182.0,38,0,0.6895624134522897,-0.24630370410217434
21,196253,0,0.513,0.885,4,-6.321,1,0.04,0.0223,0.0,0.149,0.588,160.519,4,25886.0,45,0,2.0420265438286096,-0.971392965769313
22,206507,0,0.451,0.908,7,-4.904,1,0.0299,0.0365,0.0,0.13,0.844,155.915,4,25331.0,43,0,2.441996506053536,-0.9043256745030498
12,235024,0,0.411,0.32,11,-15.998,0,0.0363,0.875,0.0,0.154,0.419,105.091,4,2364.0,33,3,-2.113712318310843,-0.7176408512512793
16,233587,0,0.551,0.605,2,-6.673,1,0.025,0.301,4.98e-06,0.131,0.309,99.784,4,714.0,32,0,0.33054059616561654,-0.8644311941781633
29,110040,0,0.595,0.643,6,-11.165,0,0.948,0.442,0.0,0.859,0.39,78.924,1,23593.0,71,1,-0.782244309506641,3.3082464377008955
33,221640,0,0.584,0.956,9,-8.145,1,0.0395,0.28,0.0019,0.198,0.948,168.188,4,6517.0,38,0,2.3084631657591403,-0.3055990497645421
32,281600,0,0.624,0.807,2,-11.539,1,0.201,0.265,0.000153,0.702,0.968,147.397,4,816.0,33,0,1.5064268805811272,1.11422723440308
7,123874,0,0.357,0.174,0,-14.868,1,0.0403,0.987,0.0191,0.413,0.385,99.823,4,6701.0,41,3,-2.768512945121924,-0.007209644329386484
43,235547,0,0.648,0.713,11,-5.727,0,0.0316,0.0138,0.0,0.0604,0.799,118.048,4,47660.0,49,0,1.9951052543956058,-0.3617803433405671
36,146000,1,0.688,0.805,11,-4.488,0,0.36,0.111,0.0,0.701,0.641,179.968,4,6177.0,42,0,2.1642999102557976,1.249690319661309
33,194325,0,0.336,0.797,9,-5.75,1,0.0363,9.28e-05,0.12,0.191,0.716,136.943,4,7104.0,29,0,1.5619895066793503,-1.1656310095914892
15,103120,0,0.0864,0.108,10,-15.774,1,0.0361,0.924,0.951,0.118,0.286,171.485,1,910.0,26,2,-3.7563611153002445,-2.811299162789797
0,191107,0,0.631,0.158,5,-13.262,1,0.107,0.985,0.000181,0.308,0.709,93.041,4,15718.0,32,3,-1.762267305543208,0.8636945848972272
11,286631,0,0.793,0.237,7,-20.589,1,0.0397,0.802,0.372,0.102,0.696,90.194,4,114906.0,58,3,-2.043833819655306,0.16028174120782743
39,182000,0,0.656,0.502,2,-10.325,1,0.0301,0.939,0.629,0.119,0.812,142.112,4,26143.0,43,2,-0.5868572005804176,-0.5435651966971192
8,151693,0,0.632,0.288,3,-15.899,1,0.0488,0.898,0.0874,0.121,0.582,132.185,4,1609.0,27,3,-1.5841023454339886,0.025197365886776107
57,172350,0,0.772,0.903,1,-5.022,1,0.137,0.00626,0.0,0.0559,0.552,111.988,4,58974.0,49,0,2.2516129126469044,0.09692760115412466
26,264533,0,0.744,0.318,10,-14.581,0,0.103,0.132,2.75e-05,0.0674,0.746,96.559,4,5968.0,27,0,-0.03223318316955984,0.2915429730034151
37,245170,0,0.706,0.762,0,-7.314,1,0.0637,0.0849,0.0,0.114,0.465,94.948,4,20954.0,46,0,1.3319967774805583,-0.2733935178710011
36,197800,0,0.461,0.885,9,-6.67,1,0.0568,0.0565,0.0,0.0513,0.931,173.068,4,1605.0,27,0,2.4151948977141124,-0.911211908378774
0,296880,0,0.171,0.129,7,-25.596,1,0.0358,0.956,0.905,0.135,0.04,159.775,4,101.0,2,2,-4.868124519499708,-3.1743347750385182
48,259547,0,0.702,0.77,7,-5.34,1,0.0648,0.59,3.88e-05,0.0861,0.915,95.215,4,18656.0,42,0,1.4628288352053715,0.24806283938695597
44,162800,0,0.435,0.239,5,-16.52,0,0.0578,0.906,3.76e-05,0.109,0.517,73.393,4,106551.0,53,3,-2.4792162150498522,-0.07060322229432234
15,188749,0,0.343,0.236,0,-13.113,0,0.032,0.904,0.946,0.0794,0.186,97.024,4,116214.0,34,2,-3.296302973748485,-2.1552692333592303
28,56333,0,0.496,0.491,7,-10.941,1,0.659,0.282,1.6e-06,0.606,0.641,85.335,4,33506.0,64,1,-0.5423042591112495,2.395579354329567
42,241070,0,0.56,0.713,7,-8.455,1,0.0311,0.0601,0.000204,0.0682,0.706,163.969,4,830806.0,61,0,1.683151867582081,-0.979039979492897
36,186840,0,0.793,0.507,1,-10.693,0,0.164,0.141,0.0,0.231,0.69,120.05,4,1641296.0,63,0,0.8379085907614497,0.7749137073531047
31,206240,0,0.584,0.451,5,-8.795,1,0.0421,0.0671,0.0,0.323,0.922,109.733,4,21606.0,36,0,0.9653653742219098,0.3838448084393043
9,241641,0,0.86,0.911,10,-9.381,0,0.107,0.0977,0.138,0.478,0.92,108.67,4,5492.0,27,0,2.194603125756635,1.244602376442518
9,264653,0,0.862,0.554,4,-11.092,0,0.0984,0.11,0.0,0.0713,0.846,143.993,4,220.0,16,0,1.5185457177504431,0.27581778980300864
27,109253,0,0.646,0.587,9,-6.766,0,0.906,0.493,0.0,0.328,0.929,157.755,3,23593.0,71,1,0.868123087158042,2.3968183389097084
13,288587,0,0.689,0.503,4,-15.493,1,0.0758,0.849,0.0,0.27,0.926,114.088,4,438.0,13,3,-0.43345633692148605,0.6473830773205304
51,191423,0,0.629,0.223,5,-7.079,0,0.0294,0.924,1.91e-06,0.113,0.123,106.954,4,30536.0,66,3,-1.5222431662241311,-0.6317738824022066
49,188827,0,0.73,0.839,7,-7.949,1,0.0471,0.376,0.0,0.238,0.891,133.04,4,18494.0,43,0,1.8410977707686005,0.49399551611527054
22,275813,0,0.4,0.563,2,-5.145,1,0.0398,0.84,0.0,0.478,0.44,96.427,3,127889.0,53,3,-0.46318716808538235,-0.450533976895552
39,296227,0,0.526,0.69,8,-5.223,1,0.0769,0.448,0.0,0.0935,0.551,164.002,4,70692.0,49,0,1.1861385456391542,-1.2759597843350823
21,194090,0,0.776,0.863,7,-5.749,1,0.0447,0.0535,1.73e-05,0.15,0.908,124.036,4,24132.0,40,0,2.61991372493296,0.39208963587062207
44,268467,0,0.703,0.411,11,-13.881,0,0.0346,0.342,0.565,0.0895,0.763,136.139,4,1710498.0,71,2,-0.2544426507296749,-0.7679911608616987
37,62396,0,0.707,0.474,11,-16.414,0,0.934,0.783,0.0,0.191,0.645,77.137,3,128057.0,82,1,-1.6023576135641424,3.0420452927083548
39,348920,0,0.506,0.487,10,-9.377,0,0.0362,0.536,1.85e-06,0.529,0.48,88.363,4,123495.0,51,3,-0.436730956783421,-0.205201483393171
54,220980,0,0.708,0.889,1,-2.879,1,0.0622,0.46,0.0,0.113,0.645,128.05,4,1035846.0,67,0,1.9991115528332764,-0.22533127072653455
19,209600,0,0.247,0.0731,5,-23.706,1,0.0909,0.887,7.85e-06,0.279,0.461,80.459,3,11.0,34,3,-3.906287839220339,-0.3014514602105844
68,237961,0,0.677,0.74,2,-6.528,1,0.0243,0.242,0.0146,0.105,0.679,110.193,4,274403.0,63,0,1.4844619386933304,-0.2644407112193545
30,249475,0,0.594,0.936,10,-4.965,1,0.0807,0.0682,0.0,0.275,0.848,131.979,4,26549.0,43,0,2.524996488407912,-0.11833446436392024
18,133200,0,0.665,0.389,1,-9.513,1,0.837,0.335,0.0,0.164,0.565,95.129,4,6155.0,57,1,-0.42905771393949715,1.9671981087362043
16,217880,0,0.748,0.562,2,-11.43,1,0.0543,0.637,0.00157,0.0392,0.959,100.808,4,222.0,12,0,0.45451611976972767,0.5694230162098256
7,202133,0,0.711,0.0723,5,-18.913,1,0.0412,0.828,3.27e-05,0.0775,0.518,79.666,4,3452.0,18,3,-2.464800685392357,0.4266946408235854
34,308200,0,0.767,0.331,1,-16.749,1,0.0503,0.0843,0.108,0.0942,0.705,94.083,4,21061.0,45,0,-0.23283370471597675,0.02892211866381931
30,198402,0,0.793,0.765,5,-4.817,0,0.0369,0.00134,0.0,0.0932,0.802,125.967,4,36228.0,30,0,2.482129633659221,0.13403830842408726
35,198562,0,0.722,0.592,2,-6.466,1,0.145,0.273,0.0,0.12,0.758,170.098,4,15395.0,38,0,1.6119307498666153,-0.03888462095941359
25,259753,0,0.354,0.922,4,-5.462,0,0.11,0.0708,0.0601,0.159,0.339,170.127,4,6254.0,25,0,1.582924314746786,-1.8866390283821426
57,199809,0,0.164,0.848,1,-25.455,1,0.204,0.00612,0.949,0.81,0.0192,112.52,4,1824.0,55,2,-2.545450383508314,-1.295209077190819
10,238773,0,0.388,0.275,7,-21.599,0,0.0348,0.881,0.873,0.115,0.647,146.596,4,8584.0,29,2,-2.9653421170517404,-1.686792560815505
38,197333,0,0.763,0.566,7,-9.33,1,0.0419,0.659,0.0,0.0656,0.966,87.043,4,30713.0,48,0,0.5846446726327342,0.7725665377540862
7,188773,0,0.329,0.274,7,-9.035,1,0.0287,0.374,4.73e-06,0.135,0.225,86.971,4,24479.0,44,3,-1.3408205570535978,-1.192562385519162
36,151613,0,0.629,0.321,0,-10.73,1,0.0483,0.879,0.0,0.239,0.694,74.657,4,18494.0,43,3,-1.1232069318894562,0.7670213281351651
13,142400,0,0.597,0.257,9,-17.063,0,0.0422,0.97,0.0,0.0934,0.921,110.417,4,9607.0,33,3,-1.5511604147997473,0.6122560815546706
37,262800,0,0.676,0.642,9,-11.175,1,0.0388,0.453,3.71e-06,0.0929,0.796,125.126,4,3594.0,26,0,0.7681346383238433,-0.1373725106323154
24,365147,0,0.551,0.309,9,-13.715,0,0.0272,0.614,0.000227,0.292,0.284,105.959,4,5138.0,29,3,-1.4174529326987055,-0.8401923075593293
7,214773,0,0.71,0.6,7,-10.365,0,0.0366,0.72,0.000191,0.0949,0.884,119.855,4,216.0,7,0,0.4974541889431654,0.3102496672553804
31,316840,0,0.898,0.359,6,-8.886,0,0.0734,0.00282,0.000867,0.184,0.925,122.994,4,8877.0,32,0,1.5146626312194587,0.5417905703727167
16,172760,0,0.653,0.754,4,-8.235,0,0.0407,0.215,0.0,0.383,0.795,131.818,4,40632.0,36,0,1.555925584183881,0.4650252496758931
35,300020,0,0.612,0.898,6,-2.382,1,0.0349,0.215,0.0,0.598,0.827,148.505,3,8939.0,34,0,2.6252450757203865,0.091105497947639
9,242413,0,0.339,0.605,7,-6.209,1,0.0321,0.451,0.0,0.114,0.199,142.493,4,8411.0,40,3,-0.036507348864190395,-1.885646423880966
55,273547,0,0.73,0.804,11,-7.598,0,0.17,0.00224,0.719,0.0629,0.815,129.992,4,23627.0,44,0,1.6364548585608583,-0.7797001091424222
24,167165,0,0.56,0.368,7,-8.487,1,0.0292,0.86,0.0,0.176,0.591,104.389,4,1358.0,28,3,-0.7894829154606106,-0.020133438161672866
35,68838,0,0.636,0.271,11,-15.255,0,0.956,0.416,0.0,0.389,0.376,86.835,5,128057.0,82,1,-1.8723975786353348,2.7477552662562745
30,102987,0,0.669,0.606,1,-13.628,0,0.934,0.695,0.0,0.738,0.371,115.453,1,23593.0,71,1,-1.1186623229556154,3.099951003318607
21,158916,0,0.316,0.205,7,-12.12,1,0.0396,0.978,1.27e-05,0.134,0.361,95.324,4,308.0,42,3,-2.4552265482519826,-0.7839967531857212
41,271173,0,0.202,0.454,5,-7.189,1,0.0295,0.435,0.0,0.178,0.175,186.864,4,7660.0,28,3,-0.40955523692379914,-2.5532505513576202
28,93973,0,0.661,0.518,0,-8.538,1,0.889,0.596,0.0,0.679,0.668,128.114,3,23593.0,71,1,-0.1709562561344765,3.057938345189309
6,238051,0,0.434,0.644,9,-13.18,0,0.0588,0.0113,1.15e-05,0.284,0.751,113.225,4,866.0,29,0,0.5925571991563017,-0.32708385915437493
9,328867,0,0.457,0.575,7,-11.926,1,0.0496,0.5,0.0021,0.286,0.679,138.962,4,1432.0,10,3,0.06721610082149691,-0.7722717068377019
36,277067,0,0.46,0.626,7,-5.163,1,0.0293,0.0661,2.44e-05,0.128,0.356,136.04,4,903800.0,64,0,1.0318119575206544,-1.5424122908186604
29,280333,0,0.667,0.639,10,-7.882,0,0.023,0.209,0.000525,0.0936,0.461,104.921,4,1405.0,29,0,0.8668326591070189,-0.6432093641271516
49,184088,0,0.844,0.596,4,-7.79,0,0.0365,0.0574,0.237,0.0706,0.839,139.973,4,80829.0,58,0,1.744396409460543,0.056911307051942125
48,332973,0,0.319,0.329,2,-7.433,1,0.0324,0.855,1.86e-06,0.0864,0.205,128.659,3,255714.0,59,3,-1.386081268786805,-2.040796300195793
0,188600,0,0.39,0.326,1,-10.291,1,0.0343,0.988,0.000515,0.104,0.553,94.675,4,3743.0,19,3,-1.6139281743540503,-0.5632219978328217
16,153345,0,0.468,0.794,9,-7.333,1,0.0327,0.16,0.899,0.0901,0.867,150.723,4,17291.0,44,2,1.0342577835666382,-1.53914248825985
21,238028,0,0.454,0.413,0,-12.616,1,0.0343,0.0557,0.0,0.0896,0.711,159.292,4,199.0,37,0,0.3860030435501693,-1.0480987392995922
61,181824,0,0.574,0.648,5,-3.8,0,0.0278,0.347,0.00544,0.107,0.488,147.983,4,1082529.0,72,0,1.2089587325301465,-0.8569004639562441
2,184307,0,0.515,0.0848,0,-24.254,1,0.042,0.995,0.94,0.119,0.603,96.403,4,7302.0,30,2,-4.091729593369738,-0.8072232630086739
35,79533,0,0.711,0.672,0,-8.05,0,0.943,0.476,0.0,0.558,0.742,74.777,5,613060.0,90,1,0.20571184677388907,3.556947787584328
24,299053,0,0.855,0.673,6,-8.83,1,0.218,0.28,9.21e-05,0.105,0.406,90.065,4,70621.0,46,0,0.8093350807273512,0.28880558211248636
6,188778,0,0.492,0.536,1,-11.384,1,0.0267,0.199,1.07e-05,0.277,0.74,86.288,4,1126.0,31,0,0.16680072990714678,0.11145476470818476
12,221280,0,0.541,0.227,0,-13.076,0,0.0381,0.895,0.0587,0.113,0.292,120.914,4,7271.0,29,3,-1.9538689596032643,-0.7836144642824665
52,207667,0,0.707,0.474,9,-10.025,1,0.0379,0.202,4.85e-05,0.298,0.942,80.762,4,464746.0,62,0,0.7496511231868142,0.9378176984659155
24,261120,0,0.62,0.348,2,-14.601,0,0.056,0.824,0.0559,0.0998,0.472,180.01,4,2590.0,23,3,-0.9727006646572514,-0.9015092924245355
35,251987,0,0.737,0.796,2,-8.792,0,0.0314,0.104,0.0145,0.0633,0.883,126.681,4,5900.0,33,0,2.050646130825216,-0.07681707027927304
41,198485,1,0.777,0.542,11,-11.288,1,0.302,0.2,1.56e-06,0.795,0.124,117.05,4,10376.0,55,1,-0.1460619864137875,1.3648565995253386
36,467000,0,0.795,0.349,11,-10.032,0,0.13,0.12,6.17e-05,0.0757,0.53,118.795,4,1582426.0,73,0,0.5854456444095038,-0.7175128017912408
13,135520,0,0.827,0.386,9,-7.922,1,0.0341,0.692,0.0,0.253,0.946,95.634,4,811.0,36,0,0.35319548908377446,1.3831914994397856
0,197016,0,0.403,0.316,7,-14.457,0,0.0472,0.993,0.0255,0.448,0.285,116.625,4,1428.0,15,3,-2.329734808785981,-0.32790219240030427
30,223530,0,0.629,0.538,9,-8.642,0,0.115,0.679,0.0,0.0463,0.892,163.735,4,72222.0,61,0,0.7329988245682172,-0.20661909496425845
1,288117,0,0.672,0.875,0,-6.527,1,0.0766,0.00975,0.000523,0.236,0.849,139.999,4,44522.0,57,0,2.5191978842295,-0.159261748316487
7,144867,0,0.671,0.447,2,-8.879,1,0.0271,0.402,0.0,0.124,0.747,104.005,3,261.0,9,0,0.352714969014064,0.33264412482153166
36,239949,0,0.818,0.93,8,-5.886,0,0.0463,0.0286,0.0,0.154,0.968,138.036,4,94450.0,50,0,3.0570037183014893,0.3198400138004029
3,218200,0,0.755,0.235,9,-14.314,1,0.0455,0.751,4.26e-06,0.0793,0.473,124.159,4,850.0,22,3,-1.2118658415960881,-0.008380846596056514
44,194444,0,0.721,0.653,6,-9.174,1,0.0297,0.0524,1.16e-05,0.171,0.887,117.094,4,19426.0,39,0,1.6397529811527194,0.3681670270688457
9,258480,0,0.481,0.788,5,-11.304,1,0.032,0.0124,3.21e-05,0.947,0.544,145.2,4,4297.0,31,0,1.0558911149386543,0.34547496729482996
32,247920,0,0.682,0.489,2,-8.146,0,0.0393,0.744,0.0,0.0841,0.731,84.309,4,51889.0,51,3,-0.009747752805479931,0.1512685208495258
17,301267,0,0.729,0.722,9,-6.618,0,0.0309,0.272,3.17e-05,0.301,0.891,119.708,4,1651.0,24,0,1.8451229610500077,0.24649216948255676
37,340114,0,0.475,0.729,9,-6.44,0,0.0711,0.682,0.000584,0.0486,0.674,164.235,4,5721.0,28,0,0.944542516373531,-1.4259310452662464
11,123067,0,0.358,0.969,5,3.273,0,0.0676,0.735,0.0,0.231,0.962,183.868,4,8887.0,49,0,2.564601097116059,-0.6687599305850175
18,272000,0,0.525,0.944,2,-3.477,1,0.0797,0.129,0.000503,0.255,0.316,111.01,4,43161.0,45,0,1.6799764658580212,-0.9319945356332552
60,289811,0,0.521,0.0998,0,-17.308,0,0.0997,0.986,0.868,0.234,0.311,151.094,3,17231.0,65,2,-3.2636790048782167,-1.6476227684276932
25,150226,0,0.33,0.163,10,-21.464,0,0.0483,0.915,0.000481,0.331,0.284,119.27,4,2.0,28,3,-3.387870637400695,-0.42575857402817374
37,89640,0,0.696,0.617,3,-10.199,1,0.928,0.498,0.0,0.699,0.564,128.11,3,613060.0,90,1,-0.08969942802764781,3.157266967909136
9,154693,0,0.59,0.539,8,-7.513,1,0.0259,0.506,0.0,0.361,0.768,134.046,4,20404.0,40,0,0.6234787130681552,0.31387823030347767
51,213577,0,0.756,0.773,1,-4.332,1,0.0424,0.101,0.0,0.104,0.773,112.019,4,3820336.0,80,0,2.230961494872903,0.09621110831779987
1,250827,1,0.389,0.997,10,-5.033,0,0.192,2.49e-05,0.00474,0.831,0.094,116.163,4,2348.0,12,0,1.192208420576179,-0.24431478621021788
47,128746,1,0.493,0.653,7,-5.636,1,0.0459,0.0143,0.0,0.641,0.286,159.919,4,222547.0,60,0,1.057954713596478,-0.24444911521882495
9,224333,0,0.485,0.741,7,-13.83,1,0.0638,0.039,0.0511,0.0828,0.878,184.053,4,1771.0,28,0,1.3862745833744992,-0.9078936261465798
5,205133,0,0.784,0.533,8,-9.754,1,0.392,0.783,0.0,0.0573,0.812,96.01,4,23185.0,34,0,0.03670877443835021,1.3048581469506324
36,238733,0,0.718,0.948,8,-6.261,1,0.0279,0.411,6.43e-05,0.19,0.961,132.1,4,18895.0,37,0,2.3260082324790474,0.2219336971933987
36,78267,0,0.714,0.557,5,-13.505,0,0.906,0.42,0.0,0.772,0.499,112.598,5,613060.0,90,1,-0.6225479094796339,3.419238268023128
41,269573,0,0.382,0.546,0,-10.896,1,0.0499,0.166,0.0,0.941,0.397,131.809,4,25766.0,42,3,-0.09594104360670214,0.04167823316830773
45,285187,0,0.594,0.512,9,-6.812,1,0.0321,0.112,1.03e-05,0.109,0.0799,119.995,4,1453780.0,69,3,0.2989924179407675,-1.4152660970843307
12,140667,0,0.542,0.41,0,-9.932,0,0.0545,0.976,0.895,0.0661,0.81,154.114,4,1216.0,24,2,-1.1591748104276418,-1.10941467841095
26,178120,0,0.554,0.765,2,-7.772,1,0.0346,0.649,0.0,0.321,0.849,165.025,4,2188.0,31,0,1.1717302789396056,-0.021303123846460822
43,298333,0,0.762,0.867,2,-7.157,0,0.0335,0.517,9.1e-05,0.0788,0.961,133.97,4,1552.0,41,0,2.041474578934041,-0.019588429337362375
42,201452,0,0.814,0.631,9,-5.684,1,0.196,0.212,0.0,0.445,0.55,92.053,4,40877.0,50,0,1.1714494984986683,1.1732228892088992
32,241787,0,0.683,0.6,7,-5.782,1,0.0289,0.466,0.0,0.63,0.5,108.033,4,13805.0,27,0,0.6440229787407827,0.5703389446166278
52,194133,0,0.62,0.883,7,-3.884,1,0.146,0.195,0.0,0.0428,0.951,169.939,4,92502.0,51,0,2.732120097814233,-0.28925740786447623
28,228833,0,0.231,0.707,7,-4.467,1,0.0516,0.0947,0.0,0.069,0.303,73.956,3,16926.0,30,0,0.3685596962645648,-1.6661025015284754
0,169744,0,0.817,0.646,0,-7.555,0,0.0501,0.636,0.492,0.156,0.963,98.93,4,72.0,3,0,0.708680648358885,0.5312188601239356
53,208260,0,0.389,0.479,5,-8.029,1,0.0438,0.256,0.0,0.124,0.301,152.309,4,206143.0,66,3,0.011608492644613964,-1.5403666674190708
13,202408,0,0.75,0.527,6,-17.029,1,0.0419,0.707,0.000899,0.135,0.943,123.701,4,1750.0,9,0,-0.18501072831687862,0.7268608133786235
31,213080,0,0.78,0.846,9,-5.525,1,0.0459,0.195,0.0,0.105,0.963,96.062,4,761101.0,66,0,2.327066998153768,0.5605097141147214
22,219661,0,0.509,0.368,0,-11.483,1,0.0872,0.846,5.93e-06,0.153,0.567,120.877,4,3378.0,21,3,-1.075769397651606,-0.34302780260905297
19,201107,0,0.277,0.0762,9,-19.369,0,0.0518,0.98,0.000605,0.11,0.209,85.21,4,27.0,31,3,-3.7995771788917194,-0.9984788015168605
3,238376,0,0.578,0.52,4,-7.051,1,0.0712,0.797,0.0,0.545,0.657,75.875,1,2256.0,19,3,-0.3013905882853881,0.7798593470736159
44,199320,0,0.538,0.532,6,-9.61,0,0.0249,0.555,7.27e-05,0.118,0.433,77.018,4,50972.0,51,3,-0.5103320496570143,-0.359928751012072
35,116533,0,0.68,0.543,7,-11.982,0,0.889,0.381,0.0,0.401,0.728,110.954,3,613060.0,90,1,-0.1252792872523406,2.7393265408299667
11,200893,0,0.541,0.666,11,-11.425,0,0.0289,0.00013,0.178,0.103,0.891,128.906,4,1108.0,22,0,1.1670883986535292,-0.48642135359608624
15,134920,0,0.552,0.502,7,-15.487,1,0.0369,0.892,0.938,0.138,0.76,109.904,4,8433.0,32,2,-1.7872120922244945,-0.6656410874824225
32,222880,0,0.488,0.795,4,-6.227,1,0.0378,0.125,0.0,0.311,0.914,177.065,5,1105.0,27,0,2.2039895971270953,-0.5250565032025748
6,309427,0,0.591,0.485,0,-13.887,1,0.05,0.887,0.00914,0.213,0.233,117.78,4,8110.0,45,3,-1.3861100961504726,-0.7484093972428049
35,238467,0,0.773,0.357,4,-12.405,1,0.0514,0.105,0.000726,0.106,0.833,105.289,4,10571.0,35,0,0.5354206463416227,0.4058183293364681
40,273427,0,0.706,0.8,9,-9.421,0,0.0516,0.0333,0.0377,0.0488,0.724,122.396,4,38949.0,48,0,1.7919302356971207,-0.4074975805827545
28,115280,0,0.666,0.63,10,-8.702,1,0.922,0.249,0.0,0.31,0.729,93.93,3,23593.0,71,1,0.45455418690165683,2.627511261586863
19,76000,0,0.632,0.553,0,-9.441,1,0.957,0.322,0.0,0.287,0.874,166.442,5,6155.0,57,1,0.6719479377557042,2.3914465311061313
38,67853,0,0.764,0.438,9,-11.309,0,0.926,0.562,0.0,0.34,0.602,55.427,3,613060.0,90,1,-0.9687148766791377,3.3783667999426066
9,174707,0,0.352,0.351,6,-11.158,0,0.0343,0.635,0.0,0.385,0.434,81.031,4,549.0,29,3,-1.515134277704508,-0.21554199014776015
33,272262,0,0.595,0.817,5,-5.69,1,0.0346,0.469,2.04e-06,0.716,0.762,142.229,4,167642.0,56,0,1.5658265093221406,0.45853910215361665
17,251252,0,0.64,0.63,5,-11.04,0,0.0532,0.355,1.37e-05,0.394,0.565,132.205,4,48174.0,40,0,0.518696486657464,0.028418576878936234
13,274911,0,0.767,0.795,9,-7.686,1,0.0971,0.262,0.00164,0.22,0.839,143.64,4,1385393.0,70,0,2.022022155076445,0.19879740300618842
23,137947,0,0.414,0.645,2,-5.47,1,0.0673,0.751,0.0,0.155,0.857,143.908,4,914.0,19,0,0.6281048276640213,-0.33609577748812886
36,94973,0,0.769,0.452,7,-12.029,1,0.901,0.418,0.0,0.371,0.828,46.732,4,613060.0,90,1,-0.5383898052949628,3.6243770085980267
42,239267,0,0.662,0.891,3,-7.245,1,0.0349,0.0103,3.64e-06,0.634,0.743,107.75,4,214038.0,63,0,2.0503892468901594,0.7408429521338304
39,220000,0,0.764,0.454,1,-8.514,1,0.0315,0.859,2.81e-05,0.0758,0.488,130.032,4,20397.0,42,3,-0.1906061514022141,-0.16499400319925925
14,121827,0,0.557,0.498,10,-10.228,1,0.0329,0.884,0.167,0.11,0.962,111.93,4,35765.0,44,3,-0.33493013584794235,0.2678132872311525
23,204027,0,0.489,0.918,2,-3.306,1,0.0643,0.0301,0.00018,0.104,0.767,138.978,4,208371.0,56,0,2.4751910720763335,-0.779029000104567
1,164760,0,0.508,0.279,9,-14.063,1,0.0565,0.85,0.0,0.239,0.573,130.449,4,85225.0,47,3,-1.5127517752129906,-0.06639639924161479
73,218808,0,0.413,0.521,9,-4.469,1,0.0466,0.162,0.0,0.323,0.532,103.391,4,886529.0,71,0,0.6107387493923496,-0.6028054106394417
32,204133,0,0.484,0.739,1,-5.5,1,0.0343,0.00106,0.0,0.172,0.463,149.875,4,40904.0,50,0,1.5528861669446699,-1.1291596974821543
25,223307,0,0.56,0.663,9,-10.394,1,0.0663,0.00285,0.0,0.127,0.722,114.202,4,5482.0,26,0,1.1144609020916443,-0.32362824155813863
7,206381,0,0.78,0.593,10,-6.496,0,0.0244,0.00333,0.00671,0.0883,0.962,106.98,4,8416.0,45,0,1.9946850396049334,0.41612794791493707
3,185227,0,0.644,0.451,8,-10.413,1,0.11,0.698,0.151,0.061,0.641,135.913,4,5513.0,32,3,-0.30472692923211475,-0.23676311756793875
22,197682,0,0.495,0.765,1,-3.26,0,0.0351,0.103,0.0,0.406,0.406,79.999,4,3283.0,28,0,1.1587366909570673,-0.2333136676597139
45,235840,0,0.891,0.794,4,-5.377,0,0.0509,0.0213,0.0,0.196,0.805,97.002,4,26851.0,40,0,2.443104056054786,0.7098032912981108
26,273573,0,0.672,0.935,5,-6.13,0,0.038,0.00307,0.0548,0.0449,0.964,126.057,4,8184.0,33,0,2.754034544524043,-0.36989164993870555
9,157253,0,0.435,0.195,2,-14.734,1,0.0281,0.593,0.0,0.109,0.523,92.386,4,5844.0,30,3,-1.8232867001675876,-0.35309619475221876
32,217907,0,0.66,0.771,2,-11.683,1,0.0285,0.00235,0.000824,0.272,0.804,120.014,4,7093.0,34,0,1.5257761949681319,0.21740999728815344
24,146181,0,0.583,0.301,0,-12.516,0,0.0565,0.964,0.00126,0.112,0.267,87.426,3,2407.0,26,3,-2.0175879127441583,-0.10994618381468747
14,273933,0,0.421,0.82,7,-10.847,1,0.0389,0.198,0.0639,0.0965,0.598,148.111,4,1568.0,12,0,0.9784260169364486,-1.3966412210492014
8,201281,0,0.416,0.202,0,-15.041,1,0.0457,0.988,0.0,0.493,0.407,114.805,4,1129.0,29,3,-2.4495332432177768,-0.018263866286621553
34,222373,0,0.492,0.242,5,-18.129,1,0.0293,0.471,0.541,0.219,0.27,92.703,4,2870.0,28,2,-2.549211995110451,-1.067143862028222
49,256052,0,0.791,0.746,6,-9.294,0,0.0489,0.401,0.0,0.099,0.332,119.983,4,719.0,50,0,0.7972632099370793,-0.37433003318484803
25,256907,0,0.461,0.0721,5,-20.104,1,0.0317,0.945,0.0,0.0581,0.399,88.79,4,178.0,20,3,-3.210460802129575,-0.6282386406715323
2,188175,0,0.801,0.498,8,-15.96,1,0.432,0.809,0.0,0.0755,0.911,125.821,4,1415.0,25,1,-0.3986812899104902,1.5663177328526094
28,64048,0,0.768,0.258,0,-18.64,1,0.947,0.319,0.0,0.548,0.739,55.217,4,79023.0,76,1,-1.6478049295180055,4.106405394977992
32,244923,0,0.603,0.574,9,-7.056,1,0.0582,0.266,0.0,0.273,0.544,96.186,4,6124.0,36,0,0.6159086442131512,-0.1202769549347498
39,132001,0,0.565,0.94,2,-2.464,1,0.0419,0.00752,4.85e-06,0.315,0.831,148.009,4,48842.0,46,0,2.843872292839565,-0.008571259426410507
17,203293,0,0.457,0.0466,2,-24.315,1,0.0316,0.579,5.56e-06,0.0758,0.151,109.353,4,3448.0,21,3,-3.4391418773820903,-0.8768273561924947
35,276200,0,0.736,0.606,0,-10.866,1,0.0366,0.00583,0.207,0.0473,0.933,138.687,4,3061467.0,76,0,1.5484094740003598,-0.3729592625623135
23,225933,0,0.684,0.736,0,-11.157,0,0.0483,0.46,0.0,0.172,0.833,130.185,4,6306.0,33,0,1.0265314563902506,0.1748983916777816
53,193433,0,0.795,0.836,7,-5.412,0,0.0486,0.00702,0.546,0.319,0.736,133.995,4,24975.0,50,0,2.0614333062274803,-0.11406046807944713
61,120341,1,0.596,0.927,11,-6.241,0,0.0727,0.0142,0.00913,0.0665,0.641,132.984,4,195073.0,62,0,2.121114298629644,-0.3304956619930237
25,48990,0,0.706,0.254,1,-14.605,1,0.953,0.706,0.0,0.127,0.57,133.838,3,79023.0,76,1,-1.5456365400251524,2.464770229617132
27,247937,0,0.836,0.61,0,-1.877,1,0.0343,0.733,5.65e-06,0.0392,0.962,110.373,4,4616.0,25,0,1.6557047495658712,0.4113611888043292
21,307293,0,0.87,0.328,11,-13.237,0,0.124,0.00141,0.0342,0.0266,0.653,114.337,4,2320.0,22,0,0.5016446580109978,0.10543994990182504
19,152867,0,0.729,0.373,9,-15.41,1,0.0941,0.644,0.0,0.0368,0.785,138.893,4,1656.0,33,3,-0.4631437181769692,0.4299877051454592
6,172013,0,0.47,0.493,0,-10.627,1,0.0885,0.918,0.401,0.172,0.524,89.782,4,682.0,21,3,-1.4855310646400193,-0.5064595679232744
0,171507,0,0.632,0.144,10,-13.824,1,0.0321,0.991,0.794,0.0908,0.43,98.273,4,990.0,22,2,-2.7853916024307805,-0.8253903762966346
0,117499,0,0.525,0.974,9,-2.248,1,0.0527,0.000757,0.0143,0.623,0.754,130.014,4,874.0,7,0,2.6027765245134598,0.5349480614017836
17,122627,0,0.71,0.277,9,-17.922,0,0.0548,0.587,2.62e-05,0.268,0.881,117.633,4,1656.0,33,3,-0.9331811680080853,1.143803548955341
27,185653,0,0.676,0.544,2,-9.518,1,0.0293,0.29,1.29e-05,0.306,0.805,122.992,4,2069.0,34,0,0.8674504570712255,0.4561183815177984
38,255973,0,0.607,0.597,0,-8.012,1,0.0323,0.149,0.0,0.136,0.446,128.021,4,89351.0,52,0,0.8484080160842296,-0.8148425043081
13,204187,1,0.773,0.666,7,-6.045,1,0.128,0.0446,0.0,0.0823,0.345,94.921,4,848.0,21,0,1.2022040026894991,-0.05764355093680754
50,296307,0,0.474,0.978,11,-5.454,1,0.164,0.00309,0.0,0.421,0.0722,111.217,4,1120761.0,61,0,1.2787124952224298,-0.9598383664168909
30,243307,0,0.66,0.535,9,-8.594,0,0.0402,0.52,0.00155,0.131,0.354,101.999,4,145274.0,48,3,-0.07600070079576239,-0.44470902628139825
32,215427,0,0.666,0.754,8,-5.0,0,0.033,0.0232,0.0,0.0781,0.224,94.996,4,220426.0,51,0,1.253215552952557,-0.765650593738754
37,223307,0,0.715,0.385,4,-10.721,1,0.103,0.671,0.0,0.114,0.949,103.883,4,3033.0,30,0,0.011566309392338476,0.6791388082352547
23,164160,0,0.271,0.151,5,-16.228,0,0.037,0.869,0.000526,0.141,0.161,111.888,5,1105.0,26,3,-3.077954272144245,-1.2149408780831945
49,205840,0,0.149,0.169,5,-17.504,1,0.0339,0.905,0.805,0.12,0.0621,79.452,4,990703.0,75,2,-4.374723772683553,-2.4201649347079552
34,222773,0,0.68,0.605,8,-6.251,1,0.0451,0.57,0.0,0.112,0.412,77.052,4,4749.0,38,0,0.19004116459629117,-0.13536592815086654
14,142347,0,0.34,0.333,11,-12.29,1,0.0345,0.903,1.13e-05,0.239,0.628,176.695,3,317.0,15,3,-1.1881136264549543,-0.7746023151358485
54,216831,0,0.485,0.73,11,-7.96,0,0.144,0.419,0.0,0.103,0.403,174.015,4,4434582.0,73,0,0.7518078572875897,-1.164541614559301
37,60227,0,0.72,0.369,7,-11.1,1,0.576,0.229,0.0,0.375,0.959,115.747,4,613060.0,90,1,0.2908037950575298,2.54175374430319
31,209147,0,0.398,0.611,1,-7.858,1,0.0337,0.00909,0.743,0.0308,0.276,83.101,4,1317.0,31,2,-0.38399248637781286,-2.095107430070321
0,241493,0,0.398,0.0712,10,-17.33,1,0.0598,0.962,0.0,0.231,0.312,98.939,3,598.0,9,3,-3.146042168522022,-0.5999650396058906
0,218488,0,0.441,0.222,0,-17.04,0,0.0507,0.979,0.909,0.123,0.499,77.38,4,864.0,12,2,-3.3547020998856767,-1.2132403701294485
33,147927,0,0.764,0.786,9,-4.518,0,0.0876,0.0839,0.0041,0.11,0.506,100.026,4,1052.0,31,0,1.7794797361832972,0.19911705649044475
37,269750,0,0.549,0.357,9,-12.581,0,0.0313,0.332,0.000864,0.34,0.234,115.421,4,346.0,23,3,-0.8854801867085074,-0.6517255254242347
1,197733,0,0.505,0.547,1,-10.28,1,0.0335,0.811,0.000131,0.271,0.918,107.817,4,667.0,10,3,-0.13587646040172052,0.30186995769704095
10,160367,0,0.555,0.424,2,-8.19,1,0.0383,0.967,5.11e-06,0.107,0.76,96.329,4,104.0,14,3,-0.616785569182283,0.16340421463134142
18,205693,0,0.74,0.377,9,-11.621,1,0.0374,0.614,0.0123,0.0973,0.846,81.975,4,3616.0,38,3,-0.2484968237081749,0.6626170619365473
17,113506,0,0.151,0.128,4,-15.738,0,0.0439,0.989,0.0333,0.123,0.175,84.396,4,277.0,21,3,-3.6582805463020556,-1.172022343007521
35,133440,0,0.555,0.347,2,-7.995,0,0.0316,0.0943,0.0,0.224,0.709,122.91,4,1045.0,24,0,0.503677805551552,-0.007281136751785965
5,592800,0,0.0953,0.0577,2,-22.661,0,0.0417,0.482,0.119,0.0505,0.119,75.627,4,6084.0,53,3,-3.7975326455871934,-3.1458627145273668
42,248013,0,0.469,0.494,2,-10.576,1,0.0304,0.431,0.0,0.072,0.479,115.003,4,83469.0,55,3,-0.2950451746486117,-1.0048860170057066
31,214093,0,0.618,0.723,7,-5.507,1,0.0271,0.00926,8.45e-05,0.586,0.676,116.099,4,65701.0,47,0,1.7421757141422483,0.44177237365686833
32,255773,0,0.328,0.629,2,-8.105,1,0.0343,0.0034,0.00363,0.0937,0.411,173.862,4,11134.0,29,0,0.9085050098396997,-2.0339635388568005
37,140227,0,0.497,0.489,5,-7.546,1,0.0382,0.514,0.0,0.376,0.816,83.391,3,1664425.0,75,0,0.06537943559126579,0.608245313198205
0,135000,0,0.737,0.347,9,-22.833,1,0.956,0.57,0.0,0.384,0.496,74.669,3,17413.0,55,1,-2.408111548152076,3.202489064518567
19,415960,0,0.622,0.428,9,-14.048,1,0.0836,0.205,0.335,0.119,0.372,137.558,4,18753.0,34,3,-0.4270863040498932,-1.6020027270434793
16,203000,0,0.568,0.445,9,-11.623,0,0.0375,0.107,2.13e-06,0.0597,0.443,119.412,4,92686.0,51,3,0.04243851650850772,-0.7286561997720546
8,224173,0,0.26,0.389,0,-12.405,0,0.0409,0.792,0.000761,0.241,0.214,136.304,4,22638.0,33,3,-1.809843831709051,-1.487759116976621
54,218880,0,0.691,0.759,2,-4.575,1,0.0278,0.0141,0.0,0.175,0.63,117.034,4,176904.0,52,0,2.0324080839488072,-0.21902265499906295
30,230347,0,0.553,0.376,5,-9.413,1,0.0251,0.595,0.0,0.243,0.248,84.033,4,9644.0,28,3,-1.06462647639674,-0.45598071049669087
28,179760,0,0.591,0.803,7,-5.012,0,0.0803,0.0534,8.29e-06,0.184,0.688,143.985,4,80754.0,53,0,2.069828014505757,-0.3323950593153534
32,230627,0,0.496,0.475,4,-7.662,0,0.0272,0.327,0.0,0.108,0.282,128.89,3,2717.0,31,3,-0.03528619603783923,-1.243183120344835
20,242547,0,0.723,0.778,9,-8.904,1,0.0251,0.0682,0.00276,0.395,0.943,110.607,4,1470.0,32,0,1.963703934419173,0.7112829571298016
31,188933,0,0.607,0.271,2,-15.906,1,0.0386,0.88,0.0,0.208,0.713,86.829,4,1340.0,27,3,-1.6702267291144643,0.5527617294733521
48,213333,0,0.598,0.93,9,-4.014,0,0.0466,0.00176,0.0,0.0353,0.97,175.795,4,69901.0,47,0,3.1740454101531523,-0.7003827058461898
30,183307,0,0.715,0.826,11,-2.903,0,0.0513,0.0959,0.0,0.284,0.861,97.02,4,4374.0,31,0,2.4097601719974175,0.621656887977783
18,69627,0,0.749,0.581,9,-13.213,1,0.917,0.81,0.0,0.183,0.681,81.873,4,8150.0,48,1,-0.9095141528236688,3.01740396561448
35,283920,0,0.504,0.217,0,-8.944,1,0.0333,0.899,0.0,0.105,0.304,131.645,4,968962.0,60,3,-1.437866969730106,-1.2032227545724676
27,169440,0,0.683,0.387,9,-14.952,0,0.0599,0.261,0.0,0.0762,0.756,86.295,4,96543.0,54,3,-0.2904006767169049,0.5000220836954996
14,145107,0,0.667,0.969,7,-6.162,1,0.0454,0.222,0.0,0.298,0.801,151.086,4,1767.0,34,0,2.387488318633126,0.25632946485006536
28,88573,0,0.652,0.678,10,-9.756,1,0.908,0.247,0.0,0.327,0.711,130.248,3,23593.0,71,1,0.6302344323531374,2.4135309262855595
17,240760,0,0.689,0.428,0,-10.213,1,0.0255,0.229,0.0,0.21,0.279,107.948,4,25398.0,44,3,-0.10091954478646814,-0.40668889171247435
43,216907,0,0.484,0.563,4,-7.228,1,0.0256,0.165,0.00184,0.261,0.291,157.891,4,6008.0,40,0,0.5790298450879929,-1.209071914025541
18,170467,0,0.64,0.7,8,-10.367,1,0.0409,0.703,0.0,0.0568,0.886,126.122,3,1480.0,28,0,0.6477189401647809,0.16086498019082174
35,254267,0,0.539,0.405,8,-11.101,1,0.0419,0.584,0.394,0.103,0.382,122.246,4,22021.0,37,3,-1.0491288374438272,-1.2946402429383383
21,141160,0,0.862,0.489,0,-11.59,0,0.252,0.183,0.0112,0.0499,0.869,128.973,4,11039.0,41,0,0.9989212415255078,1.1359771252600521
54,383053,0,0.168,0.974,4,-9.116,1,0.112,3.05e-05,0.641,0.0752,0.0943,93.424,4,264055.0,51,2,-0.07915894251260638,-3.2394935223248273
35,197160,0,0.835,0.805,9,-4.389,0,0.0378,0.349,0.0,0.099,0.939,123.97,4,116.0,22,0,2.372906175122124,0.5140087719988495
33,97400,0,0.577,0.574,1,-12.319,1,0.625,0.304,0.000147,0.525,0.352,136.071,4,23593.0,71,1,-0.3991823935367019,1.5503645579170608
35,71667,0,0.595,0.564,11,-9.725,0,0.81,0.08,0.0,0.348,0.811,79.168,4,613060.0,90,1,0.34662337067427507,2.6200341323261536
5,193789,0,0.393,0.61,7,-6.242,1,0.0315,0.898,2.83e-05,0.0954,0.537,101.769,4,3063201.0,68,3,-0.4006439619793321,-0.7958008536957868
32,90300,0,0.725,0.396,6,-15.05,0,0.918,0.794,0.0,0.488,0.609,117.121,4,128057.0,82,1,-1.4241686780435212,3.1498671829237335
56,114617,0,0.803,0.155,6,-14.465,1,0.0456,0.96,0.898,0.105,0.0759,98.11,4,1108.0,50,2,-3.1050317984277456,-0.6694554189729897
14,169533,0,0.447,0.887,0,-12.028,1,0.0425,0.0125,0.0,0.0969,0.392,105.04,4,24727.0,36,0,0.7337306476557997,-0.8633480611675138
73,150112,1,0.69,0.744,8,-4.941,1,0.271,0.0618,0.0,0.0887,0.62,99.634,4,998360.0,78,0,1.626507083104085,0.49713559565150733
49,199322,0,0.818,0.553,0,-5.694,1,0.0882,0.107,4.24e-06,0.118,0.842,118.043,4,92088.0,47,0,1.788930982177995,0.5177675776564922
16,190933,0,0.686,0.94,7,-6.024,1,0.0307,0.00652,0.0,0.0901,0.919,127.958,4,820.0,24,0,2.733908342186438,0.0012097800228429568
36,65221,0,0.671,0.237,2,-17.474,1,0.938,0.863,0.0,0.255,0.439,82.391,4,128057.0,82,1,-2.6572070945994573,2.8341829942038945
29,63973,0,0.616,0.498,2,-10.564,0,0.9,0.859,0.0,0.602,0.714,120.653,3,84951.0,73,1,-0.8613951852372653,3.141556340682573
35,310600,0,0.453,0.54,4,-10.402,0,0.0597,0.528,5.47e-06,0.0897,0.474,118.819,4,29385.0,40,3,-0.2891106252962072,-1.1836680889349702
0,185680,0,0.439,0.251,1,-11.949,0,0.0407,0.989,0.908,0.116,0.384,71.094,5,760.0,3,2,-2.9890029018041506,-1.3413945709091781
19,409387,0,0.491,0.418,5,-17.071,1,0.0741,0.751,0.353,0.69,0.822,111.869,4,466010.0,66,3,-1.3841785852923443,0.018183493546837088
20,248333,0,0.665,0.302,9,-13.668,1,0.033,0.901,0.000482,0.115,0.441,150.981,4,25479.0,55,3,-1.1959455572772753,-0.5256571095831165
10,138827,1,0.195,0.727,4,-5.434,1,0.0374,0.0,0.677,0.0879,0.657,81.104,4,117145.0,52,2,0.29714261093362393,-1.785965361653716
79,240760,0,0.551,0.801,6,-5.069,1,0.0303,0.013,6.03e-06,0.265,0.625,128.027,4,4755356.0,85,0,1.915559862393807,-0.5693581550166446
31,185387,0,0.845,0.491,3,-10.639,1,0.237,0.856,7.14e-05,0.147,0.835,96.692,4,1024.0,23,0,-0.07131038318355053,1.4340257094782214
19,48827,0,0.782,0.39,0,-13.251,1,0.835,0.926,0.000971,0.249,0.776,79.873,4,6155.0,57,1,-1.3208513744860437,3.2987982601118655
43,151907,0,0.338,0.31,0,-13.159,0,0.0297,0.715,2.99e-06,0.0894,0.243,89.719,4,358093.0,63,3,-2.117288122946972,-0.9592974874951079
12,169760,0,0.551,0.435,0,-11.634,1,0.15,0.72,0.0,0.39,0.753,138.804,4,91.0,5,3,-0.42998134840168895,0.566156371367032
42,154624,0,0.45,0.0953,5,-14.77,1,0.0465,0.945,1.4e-06,0.0988,0.351,206.337,3,2506.0,39,3,-2.0089857738209758,-1.2342508215286305
31,203680,0,0.535,0.224,4,-17.77,0,0.0349,0.92,0.0862,0.171,0.256,97.041,4,80657.0,48,3,-2.7312978119135205,-0.435322895597105
29,107973,0,0.434,0.173,5,-13.804,1,0.0391,0.99,9.07e-06,0.18,0.299,131.085,3,41.0,32,3,-2.415986013274338,-0.5158182915531994
54,66262,0,0.0,2.03e-05,1,-35.106,1,0.0,0.956,0.99,0.173,0.0,0.0,0,4728.0,61,2,-7.712192596196324,-1.6093064537329465
19,167003,1,0.716,0.828,2,-8.048,1,0.2,0.0289,0.0,0.0962,0.933,144.851,4,17021.0,36,0,2.3283123219876387,0.47721622492421895
14,138627,0,0.128,0.296,6,-15.392,1,0.0343,0.956,0.00163,0.321,0.193,76.225,4,61.0,30,3,-3.246787015494616,-0.88947182048254
47,236627,0,0.349,0.307,4,-10.331,0,0.0327,0.757,8.24e-05,0.106,0.502,82.397,3,503520.0,62,3,-1.524140341755872,-0.858213459022208
6,246267,0,0.501,0.324,11,-11.267,0,0.0298,0.784,0.000562,0.235,0.511,83.893,4,861.0,17,3,-1.360820213681275,-0.23915103705542975
16,101160,0,0.591,0.199,1,-16.661,1,0.825,0.833,0.0,0.769,0.584,168.045,1,6155.0,57,1,-1.9950189350003247,2.740160931757368
32,84881,0,0.676,0.301,1,-15.802,1,0.924,0.821,0.0,0.499,0.725,97.058,4,128057.0,82,1,-1.8151130838970375,3.391905790817875
38,206200,0,0.0711,0.159,2,-22.217,1,0.0406,0.783,0.879,0.148,0.0723,70.371,3,240141.0,70,2,-4.954242089293803,-2.4893167212631813
24,184280,0,0.768,0.539,1,-9.174,1,0.44,0.0372,4.33e-06,0.122,0.785,88.185,4,80933.0,46,0,0.9785662076577819,1.3859237843135592
38,120000,1,0.733,0.798,7,-5.448,1,0.299,0.27,0.0,0.0717,0.556,177.92,4,6177.0,42,0,1.8699623782887667,0.1450042920341242
36,166747,0,0.907,0.669,7,-7.106,1,0.0443,0.579,5.15e-06,0.121,0.941,133.995,4,3170.0,44,0,1.630498921402246,0.9118316307971301
1,76853,0,0.744,0.0585,7,-17.962,1,0.232,0.959,0.0,0.126,0.769,111.944,4,108.0,6,3,-2.156921118585526,1.5110926365445005
36,59998,0,0.677,0.206,9,-18.651,1,0.96,0.68,0.0,0.164,0.635,86.399,3,79023.0,76,1,-2.303588347531239,2.942019836413569
0,391307,0,0.704,0.969,1,-6.786,1,0.216,0.000216,0.86,0.078,0.234,138.031,4,33.0,0,2,1.2760686134232604,-2.0756934797921214
35,146173,0,0.741,0.729,9,-4.73,1,0.0679,0.178,0.0,0.319,0.669,97.007,4,35331.0,52,0,1.6431188665745875,0.744641206310959
48,152267,0,0.68,0.826,4,-5.671,1,0.0289,0.0724,1.49e-05,0.255,0.928,114.249,4,26663.0,39,0,2.292178119676425,0.5439889446921443
20,295533,0,0.643,0.529,9,-10.628,0,0.0319,0.317,0.0,0.233,0.279,129.898,4,97206.0,53,3,0.05891152473835899,-0.7964363863252033
52,127304,0,0.804,0.805,1,-4.975,0,0.117,0.167,4.62e-06,0.346,0.476,100.029,4,138719.0,73,0,1.6321221680177203,0.8623181908424957
22,243427,0,0.464,0.284,3,-20.882,0,0.0332,0.899,0.891,0.108,0.159,105.757,4,54163.0,50,2,-3.690994333542161,-1.8517845030618056
31,95429,0,0.712,0.427,10,-15.692,0,0.951,0.694,0.0,0.498,0.668,131.734,5,128057.0,82,1,-1.1450192694224335,3.1384884566156277
23,212573,0,0.651,0.59,11,-11.453,1,0.107,0.533,0.0,0.0837,0.895,176.114,4,2195.0,32,0,0.870590362012005,-0.12765296604975118
0,204000,0,0.41,0.907,7,-8.984,1,0.0321,0.00344,0.785,0.41,0.65,142.034,4,438.0,3,2,0.9787453963642249,-1.3738729468343374
17,251173,0,0.693,0.433,11,-8.732,1,0.033,0.406,0.0,0.105,0.171,137.91,4,8700.0,35,3,-0.10531442776898023,-0.9482868823448427
36,169600,0,0.419,0.036,7,-24.988,1,0.0509,0.979,0.933,0.225,0.152,68.366,4,1724.0,43,2,-5.209707226829248,-1.1221242551176933
20,182867,0,0.182,0.336,8,-11.585,1,0.0319,0.896,0.083,0.123,0.339,83.859,4,7866.0,34,3,-2.3612402763762033,-1.3249053075032138
42,147067,0,0.511,0.322,0,-9.537,0,0.0387,0.751,0.0,0.246,0.82,113.027,4,994.0,31,3,-0.5989385498773402,0.2859221235799994
3,85452,0,0.522,0.0974,5,-19.839,1,0.16,0.989,0.609,0.199,0.27,124.678,3,16379.0,40,2,-3.706154729469957,-0.42101573806972015
41,247295,0,0.632,0.925,10,-3.11,0,0.0639,0.106,0.0,0.128,0.71,123.891,4,1297051.0,71,0,2.4922281774931765,-0.4549146060392747
19,193118,0,0.648,0.614,6,-7.303,0,0.0409,0.64,0.0,0.0827,0.965,135.029,4,18709.0,35,0,1.0448351295473604,0.11312085049295349
36,97667,0,0.67,0.409,7,-14.384,0,0.752,0.778,0.0,0.296,0.774,94.194,3,613060.0,90,1,-1.220545640987122,2.6334346978730023
3,103877,0,0.484,0.692,2,-13.174,1,0.0292,0.00917,0.0977,0.0934,0.838,107.741,4,140.0,9,0,0.7345568000410396,-0.11326178461885453
5,174967,0,0.703,0.838,5,-3.989,0,0.0347,0.26,2.81e-06,0.687,0.662,89.787,4,5117.0,23,0,1.719449250686809,1.1906241016214125
29,304000,0,0.504,0.476,9,-13.237,0,0.0289,0.045,0.0105,0.0626,0.954,124.384,4,6900.0,34,0,0.6955176873167438,-0.6547576633177958
1,140457,0,0.455,0.223,0,-15.747,1,0.0667,0.968,0.00629,0.36,0.496,116.011,3,12184.0,34,3,-2.2965705655237616,0.19237114624478152
0,174807,0,0.655,0.581,7,-6.274,1,0.0415,0.994,0.384,0.137,0.883,99.33,4,191.0,8,0,-0.06565727170793578,0.11469582236169358
21,176400,0,0.585,0.384,5,-13.12,1,0.029,0.578,0.698,0.0807,0.236,135.019,4,15928.0,39,2,-1.6203766967000355,-1.5289209299443915
17,164227,0,0.767,0.455,0,-7.299,0,0.17,0.773,0.0,0.183,0.962,95.32,4,2427.0,32,0,0.35041661661790857,1.3073698733619623
23,217747,0,0.76,0.793,9,-5.027,0,0.0373,0.23,0.000757,0.0815,0.961,106.982,4,15313.0,43,0,2.2565460965402337,0.35103409038685124
6,36027,0,0.716,0.417,5,-10.8,1,0.107,0.903,2.94e-06,0.121,0.781,151.193,4,1296.0,29,3,-0.28491781946936867,0.8405944624281474
45,223827,0,0.559,0.85,2,-4.333,1,0.0729,0.0871,0.0,0.252,0.897,95.975,4,581816.0,59,0,2.136641494292547,0.1402745484325063
9,267027,0,0.391,0.213,0,-14.96,1,0.0312,0.773,0.797,0.126,0.183,75.845,4,11879.0,24,2,-3.2551970357587483,-1.8942866722329443
73,185224,0,0.697,0.401,7,-10.216,1,0.0543,0.43,0.0109,0.316,0.478,108.996,4,882477.0,70,3,-0.22688160947521643,0.33241362587803114
43,267333,0,0.828,0.77,0,-5.292,1,0.0931,0.147,2.85e-05,0.154,0.94,79.999,4,1260058.0,76,0,2.199409045695554,0.7697460103242862
67,122070,0,0.467,0.553,6,-9.692,0,0.1,0.152,0.683,0.291,0.39,144.943,4,74879.0,64,2,-0.3094975991052505,-1.1749550493204304
0,217000,0,0.571,0.184,5,-14.832,1,0.0331,0.563,0.0,0.165,0.65,101.747,4,47083.0,39,3,-1.3375293853690566,-0.0034139207386097463
33,279290,0,0.625,0.804,6,-11.557,0,0.0388,0.0117,0.00402,0.122,0.54,120.839,4,24481.0,34,0,1.2522669077432682,-0.6721566787744404
35,105693,0,0.71,0.444,2,-7.765,0,0.872,0.689,0.0,0.808,0.669,85.438,4,613060.0,90,1,-0.5806339263867409,3.672014133589938
54,183013,0,0.585,0.608,10,-5.511,1,0.0263,0.0249,2.88e-06,0.337,0.562,95.805,4,158957.0,60,0,1.1396395459924515,0.02521357143380408
49,247133,0,0.828,0.834,9,-6.153,1,0.0334,0.474,0.0,0.0814,0.937,110.101,4,41523.0,54,0,2.017612184638019,0.44760436373348217
15,154080,0,0.598,0.959,11,-4.862,1,0.127,0.00173,2.49e-06,0.135,0.678,124.904,4,9203.0,24,0,2.349088268712565,-0.12110279025735687
0,168173,0,0.41,0.215,11,-12.615,0,0.0573,0.773,7.15e-06,0.159,0.45,206.907,4,74.0,2,3,-1.2163130729928082,-1.230847518210118
22,208067,0,0.438,0.958,0,-7.968,1,0.0423,0.00333,0.0,0.382,0.61,97.775,4,24727.0,36,0,1.5398786740890569,-0.2681264061478398
24,199092,0,0.807,0.464,7,-14.213,1,0.0404,0.311,0.0,0.0473,0.969,114.764,4,46371.0,53,0,0.5884641987189935,0.6739549282820477
44,183907,0,0.42,0.0414,3,-20.652,1,0.0332,0.991,0.869,0.0967,0.073,63.266,4,3030.0,63,2,-4.816348518614604,-1.5200563990886593
47,192333,0,0.775,0.954,4,-3.743,1,0.0369,0.0825,3.08e-06,0.204,0.971,132.04,4,3690.0,39,0,3.119653565996282,0.45425794797768587
42,130613,0,0.587,0.817,9,-4.502,1,0.0936,0.0354,0.0,0.253,0.902,178.265,4,225922.0,54,0,2.629023989824296,-0.025460162887675795
36,318307,0,0.645,0.668,0,-14.579,1,0.0477,0.354,0.000713,0.31,0.961,141.505,4,29223.0,34,0,0.8882129025476625,0.13680761164163047
4,231689,0,0.78,0.281,4,-14.646,0,0.258,0.11,0.00849,0.0787,0.818,85.259,4,5949.0,14,0,-0.10941759353709789,1.003179969740614
22,197507,0,0.644,0.81,0,-7.63,1,0.0327,0.0556,0.000142,0.0537,0.876,135.043,4,88367.0,47,0,2.1383889120680304,-0.24163000139448498
23,224533,0,0.434,0.355,3,-13.789,1,0.0394,0.556,0.0,0.0756,0.316,75.233,4,6510.0,28,3,-1.6589041176602717,-0.7927673643218358
10,357907,0,0.337,0.966,8,-5.244,1,0.0857,7.44e-05,0.011,0.25,0.273,114.832,4,3834.0,26,0,1.4325067609241957,-1.7992200826463558
34,327800,0,0.502,0.646,0,-9.776,1,0.0567,0.137,0.0,0.0989,0.367,149.55,4,52315.0,46,0,0.6979374384817983,-1.5743294603305726
1,588508,0,0.171,0.53,11,-7.758,1,0.0398,0.84,0.205,0.362,0.298,84.807,4,5597.0,30,3,-1.3852908127000256,-2.5705564636614997
35,344627,0,0.604,0.849,1,-3.618,1,0.0781,0.0638,0.0,0.288,0.645,186.147,4,1166.0,28,0,2.635690920696224,-1.0623924377178664
25,331853,0,0.545,0.641,6,-8.365,0,0.0289,0.398,0.0,0.203,0.487,92.126,4,16649.0,33,0,0.333117302640337,-0.7435654458442231
24,282813,0,0.437,0.477,2,-7.204,1,0.0294,0.414,2.61e-06,0.114,0.132,180.004,3,541493.0,52,3,-0.03413366421529269,-2.1048712827471707
11,137323,0,0.877,0.597,11,-7.064,1,0.0575,0.0893,0.0,0.402,0.773,99.988,4,643.0,24,0,1.5939795119560338,1.4053914116847748
48,280347,0,0.55,0.702,7,-6.442,1,0.0281,0.012,0.0,0.544,0.218,125.011,4,30426.0,44,0,0.9854673960252982,-0.6409848115360164
10,104920,0,0.461,0.557,9,-7.416,1,0.0733,0.528,0.581,0.281,0.949,174.644,4,1324.0,24,2,0.42323922019281696,-0.5871739332522111
28,291533,0,0.639,0.872,3,-10.716,1,0.0481,0.0115,0.0401,0.325,0.537,128.492,4,252814.0,56,0,1.5084124391460942,-0.4069886756940705
26,101320,0,0.85,0.457,9,-10.856,1,0.0661,0.314,0.0,0.129,0.972,110.153,4,10636.0,46,0,0.8729005463479287,1.2899703210783895
18,147067,0,0.475,0.0703,0,-22.699,0,0.0465,0.961,0.891,0.13,0.497,153.597,4,10903.0,31,2,-3.741007761595417,-1.2909839720316203
36,207546,0,0.674,0.894,4,-4.481,0,0.033,0.0386,0.0,0.238,0.961,108.013,4,108494.0,59,0,2.6442847569895642,0.36566581551076405
21,112065,0,0.915,0.632,3,-7.89,1,0.0317,0.775,8.59e-05,0.0805,0.969,95.025,4,171.0,23,0,0.9704085377838052,1.402500371150562
22,244867,1,0.933,0.668,2,-6.815,1,0.185,0.124,0.0,0.0588,0.781,97.006,4,2510.0,23,0,1.8725150544746025,0.8542291904072382
19,219200,0,0.578,0.942,11,-3.109,0,0.0656,0.000209,0.176,0.282,0.922,175.071,4,29356.0,42,0,3.0174388068418,-0.5408057488196589
33,248813,0,0.63,0.478,10,-9.468,0,0.0328,0.908,0.00411,0.0696,0.527,109.914,4,23181.0,41,3,-0.5828254467938642,-0.4019814880999045
12,343040,0,0.431,0.328,0,-7.926,0,0.0329,0.787,0.0,0.3,0.579,98.925,4,132894.0,36,3,-0.8829170900427356,-0.7195422412671999
44,333653,0,0.432,0.692,1,-6.578,1,0.0361,0.126,0.0,0.131,0.31,134.006,4,383575.0,51,0,0.8657363410219189,-1.7913748156668658
41,302067,0,0.568,0.749,5,-11.12,1,0.0328,0.0277,0.000113,0.291,0.617,111.968,4,3807.0,28,0,1.1031725180466585,-0.4387468521171272
37,218493,0,0.43,0.336,0,-14.408,1,0.045,0.474,0.0,0.184,0.548,203.655,3,1165.0,32,3,-0.5436268837405049,-1.2294983838349163
19,310191,0,0.416,0.459,0,-9.901,1,0.0831,0.0711,0.424,0.073,0.561,185.516,3,6390.0,39,0,0.3439370072343027,-2.2000522554441666
34,163893,0,0.809,0.572,4,-5.615,0,0.229,0.679,0.0,0.243,0.838,97.467,4,3190.0,43,0,0.7994854148241674,1.4160326733576354
37,67987,0,0.803,0.549,0,-11.447,1,0.916,0.599,0.0,0.247,0.586,113.171,3,613060.0,90,1,-0.3535639919696051,2.849964386574859
7,71120,0,0.876,0.38,7,-11.56,1,0.0637,0.416,1.65e-06,0.0856,0.962,129.626,4,1296.0,29,0,0.6292709216440502,1.2672134761205445
31,239013,0,0.569,0.384,4,-10.577,0,0.0272,0.343,0.00323,0.182,0.27,142.758,4,1140.0,20,3,-0.37642280919031407,-0.9921448730581987
34,201493,0,0.634,0.897,9,-6.365,0,0.0398,0.00121,0.867,0.134,0.963,109.282,4,1088.0,23,2,1.760558683197091,-0.7859524219212324
0,482288,0,0.343,0.177,1,-12.608,1,0.0615,0.27,0.487,0.111,0.351,88.34,3,16379.0,40,2,-1.7962766436283957,-2.437301561307371
51,172133,0,0.535,0.652,2,-15.336,1,0.0365,0.0184,0.00391,0.153,0.89,145.924,4,229659.0,52,0,0.9170827327542171,-0.1519483571213043
0,151787,0,0.586,0.183,0,-8.972,1,0.0903,0.943,0.0,0.0843,0.372,73.392,4,901.0,12,3,-1.8403774978165774,0.06300452666624631
19,192021,0,0.726,0.78,7,-7.48,0,0.0752,0.317,1.74e-06,0.235,0.887,104.861,4,10446.0,26,0,1.6347824078631916,0.7079057819070418
4,211200,0,0.409,0.308,10,-11.303,1,0.0289,0.563,0.171,0.178,0.373,134.686,3,8476.0,37,3,-1.253549869631988,-1.2375313092772886
0,164373,0,0.597,0.221,5,-16.032,0,0.435,0.918,0.0,0.568,0.614,89.097,4,29818.0,43,1,-2.217864784391227,1.9758982029233247
35,172493,0,0.666,0.487,9,-13.979,1,0.0353,0.326,0.0,0.065,0.784,96.312,4,18981.0,51,0,0.03312810884831085,0.32116119012104644
29,88040,0,0.615,0.346,2,-13.341,1,0.492,0.62,0.0,0.316,0.426,151.601,3,23593.0,71,1,-1.109384579675525,1.1148769137100567
42,182486,0,0.631,0.706,1,-6.857,1,0.0357,0.166,0.0,0.118,0.597,80.009,4,1572.0,46,0,1.0690207112804122,-0.022521318889813378
13,208840,0,0.183,0.106,4,-18.756,1,0.0377,0.941,0.178,0.138,0.0878,75.085,4,539.0,20,3,-4.129692687637838,-1.5355700445171
24,218693,0,0.329,0.0912,7,-23.649,0,0.0369,0.901,0.797,0.157,0.179,103.784,4,48.0,26,2,-4.565265212897251,-1.8107212486972266
36,61440,0,0.709,0.564,1,-11.151,1,0.35,0.0296,0.000108,0.677,0.531,96.344,4,613060.0,90,1,0.34839153427597797,2.1413567420549398
13,157840,0,0.908,0.442,0,-6.637,1,0.154,0.425,0.0,0.0734,0.887,116.243,4,26439.0,42,0,1.1497085561542657,1.123302252205165
0,179333,0,0.542,0.121,4,-16.994,1,0.0884,0.995,0.773,0.0961,0.682,66.527,5,42.0,0,2,-3.191497296650533,-0.3277118647549686
5,204013,0,0.453,0.46,11,-6.384,0,0.0316,0.767,0.0,0.22,0.845,104.942,3,3800.0,32,3,-0.05552941922047584,-0.10535732530451097
55,200000,1,0.885,0.737,1,-6.468,1,0.0677,0.0061,0.0,0.592,0.496,89.977,4,34236.0,55,0,1.6777099752178688,1.271425441750145
47,1943484,0,0.158,0.574,8,-25.155,1,0.179,0.00583,0.579,0.347,0.0299,110.004,4,95127.0,69,2,-1.6163989276162685,-7.682651601377145
1,269531,0,0.546,0.553,7,-8.109,1,0.0239,0.00323,0.0,0.067,0.601,98.998,4,3975.0,19,0,0.8799877183054519,-0.7911052606297354
24,244637,0,0.469,0.916,9,-4.101,0,0.0369,0.000262,0.000964,0.347,0.207,130.058,4,50.0,30,0,1.606146126711597,-1.195424444333714
0,177006,0,0.799,0.748,5,-9.148,1,0.105,0.956,0.0383,0.224,0.962,152.046,3,151.0,4,0,0.9833032914362103,0.8894017704172833
23,44227,0,0.894,0.473,5,-7.349,1,0.071,0.595,2.85e-06,0.0697,0.978,93.322,4,2204.0,36,0,0.8235894821891834,1.6231116938049697
32,245693,0,0.849,0.547,5,-8.877,0,0.0544,0.404,0.774,0.047,0.946,109.987,4,2358.0,25,2,0.6049774376611765,-0.25136756817472694
0,144411,0,0.76,0.199,1,-9.173,0,0.455,0.991,0.439,0.243,0.878,83.278,4,7738.0,9,1,-1.4167372886869096,1.696970846258256
38,223520,0,0.682,0.781,11,-7.745,0,0.0378,0.00387,0.00123,0.14,0.525,128.013,4,42452.0,56,0,1.6879288254766074,-0.45016673581893996
22,276160,0,0.236,0.809,9,-11.891,1,0.0633,0.181,0.00088,0.984,0.211,149.222,4,208371.0,56,3,-0.009036871375680704,-0.6106838765570974
34,62093,0,0.629,0.124,9,-22.22,1,0.0366,0.812,4.83e-06,0.102,0.796,85.258,4,3232907.0,69,3,-2.4921427737426898,1.083382614197568
11,151333,0,0.203,0.163,3,-18.68,1,0.036,0.92,0.139,0.123,0.121,126.76,3,1220.0,17,3,-3.559133883754802,-1.6258904802361152
41,284520,0,0.796,0.578,4,-6.733,1,0.109,0.575,0.0,0.385,0.949,152.068,4,2345.0,31,0,1.4329244271460106,0.7180160294970318
55,191373,0,0.885,0.508,9,-6.444,0,0.0518,0.244,0.0,0.114,0.846,102.071,4,523678.0,57,0,1.4449104750853587,0.810126827675913
36,61137,0,0.652,0.195,1,-23.004,1,0.938,0.548,0.0,0.148,0.592,89.144,1,128057.0,82,1,-2.6638076323255104,2.78467972486199
41,246080,0,0.261,0.242,5,-11.184,1,0.0392,0.89,0.0,0.111,0.236,76.258,3,1453780.0,69,3,-2.4717717866373703,-1.324396580106945
22,206720,0,0.648,0.589,8,-8.969,1,0.157,0.574,0.0,0.122,0.932,93.515,4,42048.0,30,0,0.5482207681690099,0.6651859828195625
41,215960,0,0.566,0.832,9,-4.72,1,0.033,0.502,0.0,0.0465,0.95,140.457,3,20002.0,35,0,1.8944453131662295,-0.4251781950130136
37,184000,0,0.642,0.749,0,-6.652,1,0.0304,0.00302,0.0,0.0858,0.801,81.007,4,825228.0,58,0,1.711707810194457,0.12747838895808553
40,206867,0,0.339,0.934,1,-5.085,1,0.0784,0.00271,0.0315,0.361,0.581,165.864,4,86844.0,54,0,1.9860616151442465,-1.1095438143959457
0,215347,0,0.426,0.342,5,-16.722,0,0.0591,0.978,0.812,0.45,0.6,89.487,1,3027.0,23,2,-2.8344582733255046,-0.5048474727607568
42,154634,0,0.829,0.776,11,-6.612,0,0.0492,0.00875,0.0237,0.0544,0.919,123.044,4,10819.0,34,0,2.456904389015342,0.5094666649344918
20,200627,0,0.401,0.274,9,-10.414,0,0.0347,0.924,0.0298,0.315,0.174,124.292,4,85225.0,47,3,-1.9900799743463868,-0.9087511668280761
30,206440,0,0.535,0.627,11,-7.316,0,0.0291,0.303,0.0786,0.0646,0.232,136.771,4,14712.0,33,0,0.3471911547665295,-1.3625635616088925
49,272667,0,0.574,0.757,1,-4.54,1,0.0266,0.193,0.0,0.263,0.711,107.98,4,29967.0,37,0,1.6690889243188676,-0.34114845308371455
23,193747,0,0.736,0.883,2,-6.004,1,0.156,0.218,0.0,0.473,0.69,120.026,4,20028.0,45,0,1.942175903093529,0.9170632099112387
40,159320,0,0.777,0.845,9,-8.257,0,0.0598,0.687,0.0,0.0763,0.907,145.762,4,4866.0,30,0,1.5711493052587633,0.4544526650036142
25,181333,0,0.376,0.668,0,-5.036,1,0.0334,0.0469,0.884,0.144,0.497,114.048,4,4361.0,38,2,0.2927680939199192,-2.0094700617160632
1,161186,0,0.44,0.469,2,-10.638,0,0.0327,0.47,0.00104,0.396,0.527,142.637,4,13.0,3,3,-0.31740179947532177,-0.31942731295769006
18,300000,0,0.752,0.424,0,-11.163,1,0.0314,0.361,2.85e-06,0.254,0.78,94.95,4,2093.0,21,0,0.32214978496534447,0.41190373129902125
1,128293,0,0.406,0.274,2,-6.125,1,0.0321,0.933,4.09e-05,0.115,0.375,177.141,3,326.0,19,3,-0.9409646115753533,-1.216394728847549
33,236569,0,0.493,0.646,7,-6.769,1,0.0318,0.0132,0.0,0.236,0.414,73.882,4,10806.0,38,0,0.6702068835578291,-0.5721179494441216
4,66000,0,0.606,0.454,9,-15.894,1,0.0498,0.889,0.0,0.649,0.393,95.809,4,8304.0,26,3,-1.7817008538434964,1.32513548697235
15,167133,0,0.729,0.437,7,-13.647,0,0.0787,0.866,0.0204,0.185,0.814,132.944,4,1329.0,27,3,-0.4621301873861718,0.6889354271938726
35,70600,0,0.609,0.563,1,-14.951,1,0.815,0.339,0.0,0.879,0.452,88.389,1,613060.0,90,1,-1.0150619437579185,3.3052464954327916
21,209786,0,0.508,0.373,5,-11.482,1,0.0686,0.626,0.0,0.12,0.659,138.105,4,69.0,40,3,-0.5251479107892243,-0.4770993514740975
2,168733,0,0.383,0.261,0,-9.143,1,0.0309,0.58,0.000115,0.264,0.247,67.075,4,244.0,17,3,-1.7067007248400552,-0.5180687477075343
9,216560,0,0.376,0.0488,8,-23.486,1,0.0347,0.976,0.8,0.102,0.175,83.054,3,539.0,20,2,-4.804889786956496,-1.624523812478866
51,189893,0,0.766,0.733,10,-6.748,1,0.0439,0.187,0.0,0.0555,0.936,135.299,4,11645.0,47,0,2.1457604312800327,0.22164948971851217
3,270107,0,0.605,0.211,2,-19.383,1,0.0555,0.413,0.102,0.0529,0.26,123.793,4,2596.0,35,3,-1.901627941748729,-0.9436978635248612
29,68298,0,0.78,0.255,9,-16.986,1,0.946,0.32,0.0,0.77,0.639,85.351,4,79023.0,76,1,-1.428566943890533,4.151128756423995
49,190000,0,0.647,0.725,8,-5.717,1,0.0553,0.2,0.834,0.103,0.464,130.052,4,631065.0,65,2,0.6814776219013756,-1.4180335811581184
16,157989,0,0.718,0.538,9,-8.994,0,0.0336,0.49,6.57e-06,0.0417,0.859,86.931,4,72222.0,61,0,0.5542414705542575,0.5516343492160567
4,126688,0,0.698,0.634,4,-10.03,1,0.0691,0.637,0.0,0.149,0.688,106.788,4,844.0,21,0,0.27970870706992407,0.5695635665676957
45,235333,0,0.848,0.903,11,-4.654,0,0.0549,0.124,0.00152,0.405,0.931,120.006,4,98590.0,40,0,2.8356032477408983,0.9753673308108174
27,48453,0,0.713,0.464,7,-9.578,0,0.951,0.846,0.0,0.225,0.701,113.903,3,33506.0,64,1,-0.7049397040728991,2.877013844082871
11,192029,0,0.397,0.357,5,-12.009,0,0.0338,0.719,0.00491,0.224,0.323,86.095,4,40630.0,35,3,-1.7172805521750756,-0.5935513808110607
5,195240,0,0.531,0.531,9,-9.172,1,0.32,0.528,2.39e-06,0.277,0.671,88.579,4,684.0,16,3,-0.2060393272381969,0.7364809629071692
19,147000,0,0.57,0.394,11,-14.878,1,0.325,0.828,0.0,0.263,0.924,169.969,4,761042.0,66,3,-0.6229348495752465,0.906073918240156
47,196560,0,0.404,0.496,9,-9.811,1,0.0395,0.689,0.0,0.164,0.429,93.201,4,421502.0,56,3,-0.9283040930918987,-0.6699323090328566
48,208375,0,0.74,0.437,9,-8.437,0,0.0378,0.734,0.0,0.187,0.558,94.969,4,7364.0,37,3,-0.24687104038209137,0.3402049818100766
4,156400,0,0.532,0.325,0,-9.18,1,0.0427,0.711,0.399,0.139,0.196,126.488,4,255.0,7,3,-1.5077256319699495,-1.1810097569730034
23,243493,0,0.428,0.35,9,-14.979,1,0.0277,0.373,0.0,0.0774,0.57,105.424,4,1097.0,19,3,-1.0032787390904034,-0.8206509941384906
2,126120,0,0.716,0.04,2,-21.035,1,0.0865,0.994,0.0026,0.143,0.931,72.83,4,85.0,8,3,-2.5552916500124025,1.553082135878376
28,86825,0,0.655,0.463,6,-12.78,1,0.954,0.821,0.0,0.427,0.783,95.609,5,79023.0,76,1,-1.1097713240992906,3.266206382446105
38,77467,0,0.605,0.739,9,-6.983,1,0.0262,0.0178,0.736,0.109,0.799,104.996,4,3617.0,36,2,1.061633744531169,-0.517022772099584
28,204507,0,0.358,0.324,7,-14.117,1,0.0328,0.855,0.000247,0.147,0.399,92.836,4,20315.0,49,3,-2.092598639871023,-0.7526438550290182
51,211969,0,0.594,0.907,2,-2.59,1,0.102,0.0664,0.000148,0.298,0.777,138.918,4,4080.0,40,0,2.6215719429092506,-0.08985205506313577
39,158213,0,0.466,0.833,11,-5.302,0,0.047,0.018,3.48e-06,0.0405,0.77,94.404,4,17511.0,41,0,1.759744106291454,-0.4612635068576054
36,82720,0,0.535,0.428,0,-12.615,0,0.56,0.0865,0.0,0.691,0.497,155.949,4,613060.0,90,1,-0.2084463806626153,1.6583548975212437
5,144640,0,0.489,0.916,2,-4.686,1,0.0715,0.0339,0.0,0.179,0.658,81.847,4,44348.0,43,0,1.7578008794564284,-0.1124778968210118
55,248211,0,0.446,0.118,11,-15.478,1,0.045,0.939,0.0,0.105,0.275,82.887,5,103949.0,56,3,-2.8656818680043377,-0.7352377552361171
0,134973,0,0.558,0.346,0,-8.916,0,0.0627,0.975,4.92e-06,0.139,0.844,93.228,3,1204.0,9,3,-0.8132206049185878,0.5165185709725646
10,213200,0,0.675,0.697,11,-8.612,1,0.0422,0.101,0.000852,0.301,0.965,130.077,4,69.0,21,0,1.8311435577708692,0.44468171964737035
69,113684,0,0.851,0.424,6,-9.307,1,0.0463,0.383,0.0,0.0843,0.591,94.927,4,451821.0,72,0,0.28673502153832897,0.7576437196344818
44,215187,0,0.658,0.478,4,-7.534,0,0.0325,0.49,0.0,0.13,0.668,95.057,4,14755.0,44,0,0.30022292959351843,0.04109667239161796
64,181868,0,0.547,0.693,6,-6.404,1,0.0264,0.0224,0.0,0.523,0.716,79.963,4,229643.0,59,0,1.2556535849524793,0.5857343978537701
0,205313,0,0.769,0.796,1,-7.071,1,0.0628,0.107,0.0371,0.0822,0.733,113.948,4,3390.0,36,0,1.930370059149214,0.1150991284860743
30,283469,0,0.554,0.496,2,-12.109,1,0.0635,0.765,0.0198,0.088,0.555,179.945,4,3340685.0,68,3,-0.2587876815680081,-1.094087838058028
29,356136,0,0.545,0.366,7,-12.163,1,0.0237,0.0574,3.17e-05,0.128,0.396,79.563,4,2640.0,38,3,-0.3804417192592346,-0.9726049955692654
2,279360,0,0.465,0.219,3,-8.462,1,0.0389,0.943,0.744,0.0838,0.32,123.907,4,2038.0,14,2,-2.139201267373518,-2.0253091885754926
37,153240,0,0.542,0.256,9,-14.548,1,0.0365,0.748,2.89e-06,0.106,0.548,97.781,4,101583.0,49,3,-1.6446438666118954,-0.028370540636005637
56,256533,1,0.91,0.689,9,-6.032,1,0.105,0.0435,0.0,0.0978,0.891,149.989,4,11032.0,43,0,2.599230004869023,0.3698680632853845
49,300373,0,0.657,0.589,5,-8.855,0,0.504,0.118,0.0,0.647,0.548,193.742,4,663625.0,69,0,1.1812248183739793,0.744193146321249
1,94507,0,0.405,0.00758,11,-24.485,0,0.0545,0.985,0.117,0.107,0.142,124.439,3,268.0,12,3,-4.2809860879976105,-0.6797679430176471
38,212600,0,0.888,0.855,5,-5.998,1,0.072,0.0558,2.19e-06,0.117,0.963,151.433,4,18261.0,41,0,3.0092003019867732,0.49311910433167155
38,57600,0,0.412,0.215,10,-13.397,1,0.039,0.986,1.73e-05,0.156,0.536,124.802,4,5863.0,49,3,-2.0676887523346834,-0.12290025519029588
49,325720,0,0.491,0.64,9,-6.937,0,0.0317,0.139,0.000259,0.0938,0.118,142.576,4,373213.0,54,0,0.5931529230088781,-1.9709832552293491
29,209787,0,0.531,0.681,9,-6.589,0,0.0263,0.229,1.86e-06,0.0808,0.386,99.096,4,6937.0,40,0,0.6632285875292668,-0.851158394579305
12,223733,0,0.343,0.712,5,-9.707,1,0.0327,0.0209,0.954,0.487,0.555,93.85,4,27675.0,46,2,-0.23557735611307093,-1.3811583102589846
21,275000,0,0.835,0.914,4,-10.897,0,0.0635,0.0509,0.0,0.0858,0.52,119.869,4,51111.0,32,0,1.8154666700317705,-0.15009858192620612
38,243360,0,0.481,0.863,10,-6.399,1,0.0286,0.0556,0.0589,0.0961,0.422,145.945,4,3982.0,26,0,1.5690023121719008,-1.4836949070320047
11,204280,0,0.46,0.481,7,-8.241,1,0.0275,0.531,0.0,0.194,0.31,181.05,3,714.0,32,3,-0.0750566487853138,-1.3758676560495164
7,259067,0,0.549,0.645,0,-9.338,1,0.0486,0.817,0.612,0.118,0.645,126.936,4,1014.0,20,2,-0.43321945783232974,-1.1863417005532253
13,362107,0,0.614,0.925,2,-7.611,0,0.0327,0.179,0.00296,0.111,0.831,139.988,4,304.0,16,0,2.251203199818859,-0.8484348872035129
15,119133,0,0.517,0.133,0,-19.549,1,0.0449,0.995,0.866,0.115,0.276,103.573,1,466010.0,66,2,-3.864583977147601,-1.0602617965170213
14,192052,0,0.413,0.745,10,-13.038,0,0.0794,0.000436,0.718,0.223,0.106,124.995,4,35.0,29,2,-0.5732522685942457,-1.9443817356237287
32,66300,0,0.681,0.264,1,-16.44,1,0.952,0.768,0.0,0.381,0.731,81.625,3,128057.0,82,1,-1.9840691192727464,3.43431436290969
6,88266,0,0.632,0.608,2,-7.389,1,0.149,0.869,0.0201,0.883,0.634,114.768,4,294.0,11,1,-0.12333667431413231,1.8948818496833728
15,199467,0,0.455,0.106,10,-12.396,1,0.0382,0.894,0.0,0.394,0.553,108.524,4,5320.0,17,3,-2.0313894497915275,0.04895308219783637
35,234573,0,0.573,0.907,6,-3.843,1,0.0276,0.000666,1.26e-05,0.3,0.517,112.041,4,185707.0,56,0,2.0787086998351425,-0.4860970376162468
0,209947,0,0.599,0.26,9,-14.101,1,0.036,0.83,0.0109,0.21,0.483,123.561,4,47083.0,39,3,-1.5134448814687937,-0.15164985918991014
28,195459,0,0.307,0.675,1,-8.771,0,0.0471,0.793,0.181,0.537,0.702,132.362,4,32834.0,35,3,-0.30526767041651737,-0.37484730961408064
16,166333,0,0.706,0.517,5,-10.428,1,0.0346,0.725,0.0,0.135,0.96,111.312,3,2169.0,33,0,0.3008709614381311,0.6987826991975846
23,223960,0,0.61,0.842,7,-4.24,1,0.1,0.726,1.06e-06,0.191,0.818,106.024,4,5306.0,20,0,1.2903733848093533,0.19909749195376358
35,256470,0,0.698,0.916,5,-9.193,0,0.0687,0.139,4.92e-06,0.93,0.905,93.03,4,2276800.0,67,0,1.8639726439518896,1.7646706096992621
41,105187,0,0.0,2.03e-05,11,-20.844,1,0.0,0.908,0.06,0.468,0.0,0.0,0,293.0,59,3,-5.435094266988487,-0.5284663536593389
8,170800,0,0.291,0.555,11,-7.184,0,0.055,0.713,1.68e-06,0.146,0.54,86.058,4,18295.0,36,3,-0.6623723393947534,-0.7443276958805024
24,238321,0,0.794,0.465,7,-10.673,1,0.0454,0.0303,0.69,0.0502,0.928,117.485,4,1662.0,20,2,0.7508085748118137,-0.4160733437862967
19,234267,0,0.446,0.452,5,-7.18,0,0.0263,0.628,0.0182,0.0986,0.124,85.983,3,1191.0,25,3,-1.028173159335058,-1.2418755548501283
10,316667,0,0.42,0.38,2,-18.67,1,0.924,0.947,0.0,0.939,0.477,73.691,5,1191.0,21,1,-2.905903989937701,2.690785398806265
26,288160,0,0.768,0.443,4,-15.545,0,0.0375,0.5,0.214,0.0647,0.214,116.95,4,26027.0,38,3,-1.01751149420274,-0.7985461518522676
28,280720,0,0.559,0.899,8,-2.997,1,0.355,0.183,0.0,0.0983,0.761,133.182,5,12313.0,31,0,2.246107604713162,-0.19152507521591378
0,200853,0,0.52,0.49,6,-11.115,1,0.132,0.964,0.00272,0.0754,0.895,161.66,4,1065.0,28,3,-0.2362653317441639,-0.1864406608844873
27,196960,0,0.473,0.598,1,-5.462,1,0.0329,0.42,0.0,0.086,0.363,116.081,4,182.0,16,3,0.3046140833534053,-1.0588958732133122
16,55542,0,0.681,0.134,4,-14.034,1,0.156,0.986,0.0,0.504,0.87,96.808,4,99.0,21,3,-1.7153312473346258,2.104170751220089
9,401067,0,0.419,0.365,2,-17.165,1,0.0326,0.00542,0.0561,0.0584,0.576,125.934,4,129.0,21,3,-0.505727546277886,-1.6478348064682469
35,64213,0,0.667,0.753,3,-10.204,1,0.936,0.654,0.0,0.534,0.593,139.986,5,613060.0,90,1,0.0689369622754961,2.856819404008782
32,232573,0,0.771,0.664,0,-5.59,1,0.0639,0.125,0.0,0.434,0.696,92.957,4,12422.0,30,0,1.5838341748922917,0.8059550123232831
22,283792,0,0.39,0.41,1,-10.369,1,0.029,0.583,0.00059,0.28,0.237,65.497,4,5462.0,34,3,-1.4415203101538916,-0.852448571348142
10,131680,0,0.692,0.252,4,-11.885,0,0.0363,0.886,0.000323,0.0931,0.655,123.321,3,1000.0,22,3,-1.0306762578536466,0.3356505245751587
12,227484,0,0.384,0.513,7,-9.627,0,0.0421,0.644,9.94e-06,0.35,0.409,92.536,4,44931.0,42,3,-0.8774780674313012,-0.516907792945195
32,60135,0,0.588,0.287,11,-17.389,0,0.917,0.598,0.0,0.134,0.427,170.44,3,128057.0,82,1,-1.732967561745679,1.6425421739544654
19,275987,0,0.653,0.577,2,-9.333,1,0.0317,0.29,0.0,0.0505,0.83,145.508,4,9281.0,31,0,1.1933514837650094,-0.5132169000881219
5,192493,0,0.72,0.842,8,-9.393,1,0.04,0.319,3.01e-06,0.0833,0.967,129.571,4,5462.0,34,0,1.8643132734148087,0.2922017295669671
33,62713,0,0.727,0.254,1,-16.239,1,0.911,0.686,0.0,0.204,0.436,120.57,5,128057.0,82,1,-1.8980121175385591,2.4877295675357045
41,231733,0,0.655,0.762,5,-5.317,0,0.0486,0.0156,0.43,0.0913,0.866,150.327,4,3902.0,33,0,2.0921382488141362,-0.8575420638534239
16,192667,0,0.56,0.299,7,-15.491,1,0.0755,0.192,0.0,0.589,0.636,123.523,4,4660.0,27,3,-0.6242383992331607,0.6543594031762402
11,164067,0,0.611,0.558,1,-10.058,1,0.0396,0.669,0.0,0.0626,0.789,95.87,4,2792.0,30,0,0.03335162358527813,0.21391282569147135
54,341000,0,0.693,0.794,11,-7.165,0,0.0531,0.6,0.0,0.681,0.85,105.016,4,2158671.0,75,0,1.259042478706892,0.899956068166458
42,214987,0,0.552,0.887,11,-4.878,0,0.0496,0.241,3.14e-05,0.0724,0.641,127.992,4,100394.0,52,0,1.8366074937117365,-0.7287276813397215
19,315333,0,0.645,0.817,1,-6.845,0,0.0425,0.0242,0.798,0.133,0.783,122.971,4,31318.0,42,2,1.4986214865916114,-1.365021771267204
9,177573,0,0.438,0.445,5,-11.368,1,0.0329,0.522,7.14e-06,0.172,0.307,111.309,4,4693.0,35,3,-0.9737133772663754,-0.8007542241452048
27,144520,0,0.734,0.57,2,-14.523,1,0.0361,0.634,0.0228,0.32,0.926,122.058,4,4788.0,34,0,0.13392530019510387,1.1024905220954198
15,274373,0,0.583,0.47,0,-13.676,1,0.0355,0.605,2.35e-05,0.241,0.688,91.644,4,650259.0,68,3,-0.6041446039097678,0.05914922178758224
0,202680,0,0.602,0.418,10,-4.035,1,0.0363,0.979,0.0288,0.0999,0.602,107.049,4,103.0,6,3,-0.2741272159625265,-0.26000255227688207
19,255773,0,0.676,0.403,0,-10.194,1,0.0332,0.72,1.58e-05,0.0902,0.23,124.027,4,3329.0,33,3,-0.7891339639432284,-0.7533590039778366
8,130847,0,0.293,0.323,11,-12.86,0,0.042,0.698,0.000213,0.376,0.688,69.08,4,319.0,11,3,-1.708895735318155,0.23024544857509852
6,570203,0,0.203,0.418,11,-6.824,1,0.0392,0.562,0.837,0.103,0.182,89.15,5,16379.0,40,2,-1.7191927036486487,-3.8170821090629508
41,163875,0,0.853,0.739,10,-4.389,1,0.146,0.396,0.0288,0.095,0.9,139.099,4,22204.0,47,0,2.1435073536621303,0.7212114961435967
36,206400,0,0.659,0.831,2,-6.119,0,0.048,0.0673,5.69e-06,0.365,0.52,99.978,4,63193.0,41,0,1.6116568442315635,0.15755273060438615
67,253077,0,0.59,0.562,11,-9.607,0,0.0505,0.0637,0.0,0.105,0.561,140.835,4,304476.0,66,0,0.9236338758999049,-0.8045288135012527
34,211278,0,0.525,0.879,9,-4.29,1,0.0323,0.00212,1.77e-05,0.197,0.542,160.041,4,74065.0,44,0,2.2288377814727953,-1.01876903169899
33,187600,0,0.715,0.624,2,-12.373,1,0.0548,0.673,0.000272,0.125,0.777,88.323,4,572.0,24,0,0.04131541538451691,0.6356266312211102
21,281949,0,0.372,0.254,9,-14.133,0,0.0301,0.635,0.00737,0.111,0.334,101.231,3,14278.0,26,3,-1.9064404728913102,-1.244781854851911
23,262373,0,0.281,0.0617,5,-21.551,1,0.0457,0.989,1e-05,0.317,0.118,111.979,4,9.0,37,3,-3.993798367930345,-1.0871252979438455
20,176160,0,0.193,0.344,5,-8.835,1,0.0312,0.134,0.871,0.151,0.2,74.215,4,4392.0,31,2,-1.884511899026599,-2.39494810660232
22,199427,0,0.512,0.499,7,-8.345,0,0.0287,0.0276,1.3e-05,0.0913,0.33,117.479,4,25022.0,39,0,0.35558906497880555,-1.040117991233954
35,210968,0,0.673,0.947,7,-3.47,0,0.13,0.0252,0.0015,0.573,0.38,123.972,4,9809.0,35,0,2.134087587556228,0.3071902015123854
41,202947,0,0.251,0.539,5,-6.669,0,0.0313,0.902,0.000117,0.583,0.507,98.262,4,7366.0,28,3,-0.9592690820787061,-0.301439784165641
36,91040,0,0.533,0.485,5,-9.699,0,0.892,0.23,0.0,0.819,0.361,75.967,4,23593.0,71,1,-0.8341192598600554,2.9386839294585303
2,135790,0,0.689,0.697,6,-13.066,0,0.0411,0.0811,4.54e-05,0.0409,0.858,126.778,4,404.0,20,0,1.2419988761114156,0.2467278702111538
25,66673,0,0.641,0.306,4,-14.844,1,0.937,0.251,0.0,0.415,0.605,87.087,4,79023.0,76,1,-1.2090062007902733,3.004489891023637
46,253418,0,0.363,0.462,9,-7.065,1,0.0294,0.327,0.0034,0.171,0.198,172.021,4,570197.0,53,3,-0.04799872959085316,-1.9810731349362822
2,159939,0,0.53,0.409,3,-9.221,1,0.0337,0.353,0.549,0.352,0.407,99.228,1,1016.0,25,2,-0.8750967564218955,-0.6192142668506975
45,285933,0,0.569,0.63,4,-3.887,1,0.0265,0.144,0.0,0.107,0.213,143.763,4,5409.0,38,0,1.113411738456622,-1.5719227176310828
28,175413,0,0.737,0.497,4,-11.668,0,0.0336,0.39,0.0,0.335,0.84,113.881,4,6436.0,23,0,0.4769040767793615,0.8946065614401922
24,265822,0,0.443,0.648,0,-6.944,1,0.0434,0.632,0.0,0.35,0.279,159.776,3,220426.0,51,3,0.10149269183457624,-1.2103817858784989
54,151514,0,0.775,0.818,9,-6.965,0,0.0356,0.0746,9.31e-05,0.174,0.961,80.53,4,4689.0,49,0,2.124686876739792,0.9753264647311817
18,183787,0,0.67,0.413,8,-13.275,0,0.0279,0.935,0.15,0.125,0.688,96.192,4,199.0,37,3,-1.1352660133084556,0.24949505861104246
24,217684,0,0.669,0.766,4,-5.502,0,0.0767,0.335,0.0,0.344,0.868,177.83,4,5101.0,25,0,2.138883107175433,0.08321252590829874
13,195053,0,0.571,0.455,9,-10.009,1,0.313,0.851,0.0,0.587,0.835,133.874,4,1241.0,21,1,-0.3690416927698292,1.3666700847391895
65,274840,0,0.667,0.721,7,-5.046,1,0.0254,0.264,0.000442,0.128,0.413,132.469,4,194850.0,55,0,1.3732448504706154,-0.8694198259955218
9,230388,0,0.508,0.442,9,-13.42,0,0.0247,0.244,0.0,0.0535,0.64,174.142,4,161.0,14,0,0.2029578172937639,-1.1035008546205003
0,189440,0,0.0956,0.992,4,-2.282,0,0.0786,0.000539,0.963,0.144,0.359,154.953,4,874.0,7,2,0.9141144749316927,-3.32349832902209
16,189640,0,0.704,0.887,3,-6.231,0,0.0392,0.106,0.00656,0.0244,0.969,135.002,4,4720.0,32,0,2.5967241106559453,-0.014077272349295034
40,62148,0,0.675,0.336,6,-16.039,0,0.961,0.704,0.0,0.541,0.739,95.7,3,79023.0,76,1,-1.6293148859328972,3.621717645668965
24,234747,0,0.375,0.481,10,-7.256,0,0.0286,0.0646,0.0,0.152,0.349,92.345,4,483635.0,62,3,0.03274268372437913,-1.2128679824554185
7,347299,0,0.366,0.194,10,-13.78,0,0.0691,0.972,0.772,0.0993,0.369,74.704,3,38901.0,15,2,-3.191264385736227,-1.913700797188575
35,421173,0,0.688,0.597,0,-14.0,1,0.106,0.243,0.00286,0.08,0.762,105.675,4,7681.0,30,0,0.5872698133820436,-0.4162244562517837
44,240480,0,0.72,0.644,5,-6.144,0,0.0295,0.0481,0.0,0.066,0.926,126.176,4,1480038.0,72,0,2.0912703865449487,-0.06479017537600729
57,129076,0,0.272,0.346,5,-24.149,1,0.0591,0.954,0.746,0.906,0.0275,82.98,4,546.0,59,2,-4.671589594922534,-0.2179819288326297
9,301000,0,0.472,0.243,0,-14.773,1,0.0431,0.803,0.000328,0.0896,0.216,123.591,4,2279.0,30,3,-2.061639936075954,-1.3060374464457012
41,228397,0,0.604,0.913,0,-5.156,0,0.13,0.396,5.87e-05,0.27,0.829,151.833,4,20530.0,42,0,2.0879018898146793,-0.010806774521979414
26,46893,0,0.783,0.393,8,-8.254,1,0.939,0.82,0.0,0.494,0.699,99.519,3,33506.0,64,1,-0.7038062837277242,3.6075959104838473
36,69200,0,0.655,0.606,8,-10.974,1,0.924,0.608,0.0,0.275,0.682,77.935,5,613060.0,90,1,-0.5369869942215246,2.8890360256024823
6,230440,0,0.115,0.0294,0,-23.843,1,0.0344,0.876,0.72,0.326,0.0389,76.203,3,1554.0,30,2,-5.351183792642779,-1.9923633427278924
28,201747,0,0.708,0.688,5,-7.662,1,0.0269,0.0781,0.0,0.0914,0.841,94.048,4,5462.0,34,0,1.6246141595697359,0.2410937276232303
29,65806,0,0.641,0.346,5,-13.422,0,0.919,0.804,0.0,0.46,0.771,85.16,3,79023.0,76,1,-1.5234417770070612,3.3689727608509297
1,304717,0,0.739,0.889,9,-6.468,0,0.0537,0.00788,0.163,0.145,0.509,121.001,4,1087.0,20,0,1.9977553478433185,-0.7080528737179755
6,243488,0,0.398,0.948,4,-5.355,1,0.0525,0.00408,2.77e-05,0.215,0.696,90.547,4,1559.0,28,0,1.8289403483770288,-0.6722230206496362
31,91480,0,0.429,0.489,9,-12.054,1,0.882,0.879,0.0,0.525,0.382,71.391,3,23593.0,71,1,-2.0875977775777286,2.3687333683774106
21,273960,0,0.599,0.397,2,-15.452,0,0.0272,0.866,0.957,0.122,0.486,105.261,4,15928.0,39,2,-2.2157086066941827,-1.3841651482551025
28,386013,0,0.308,0.618,5,-5.994,1,0.0374,0.791,0.0,0.184,0.347,99.889,4,6866.0,27,3,-0.498466600585387,-1.7462362312129527
44,284918,0,0.761,0.576,6,-7.568,1,0.0355,0.44,0.0,0.0768,0.804,143.059,4,467884.0,53,0,1.2935552637131573,-0.21983829757078818
6,252133,0,0.634,0.664,1,-4.757,0,0.0514,0.714,2.04e-06,0.0777,0.924,105.447,4,2862.0,28,0,1.0851761273198013,0.015018591424095156
29,112253,0,0.709,0.719,0,-9.824,1,0.95,0.628,0.0,0.392,0.427,101.798,4,23593.0,71,1,-0.28606271765795466,2.636679596810032
15,313067,0,0.716,0.611,9,-7.89,0,0.0235,0.374,0.00391,0.124,0.572,101.487,4,151556.0,49,0,0.7956438047996028,-0.3695486849105274
23,484373,0,0.395,0.621,9,-10.851,0,0.0894,0.00135,0.005,0.121,0.188,146.039,4,13207.0,39,3,0.36631887130973695,-2.483469103959761
16,208147,0,0.511,0.635,1,-6.492,0,0.0392,0.69,0.0,0.0946,0.502,97.37,4,486.0,19,3,0.03835040275254381,-0.578647295427598
37,434867,0,0.354,0.497,1,-13.835,1,0.0322,0.0383,0.000255,0.16,0.273,128.134,3,3061467.0,76,3,-0.34884586160282527,-2.149454851282021
19,238667,0,0.842,0.336,7,-13.196,0,0.0427,0.333,1.24e-05,0.123,0.936,93.2,4,5003.0,35,0,0.26610172294502255,0.8866635252411587
48,202109,0,0.475,0.24,0,-8.772,0,0.0344,0.791,0.0,0.0761,0.117,131.599,4,3820336.0,80,3,-1.5657283896435599,-1.3130133580432761
0,157495,0,0.548,0.345,8,-8.408,1,0.0308,0.98,0.917,0.101,0.537,114.509,4,520.0,18,2,-1.7602885942021909,-1.231178041088983
21,62347,0,0.721,0.547,1,-6.403,1,0.908,0.508,0.0,0.195,0.856,122.194,4,6155.0,57,1,0.576472569428765,2.681953860455741
28,236591,0,0.692,0.991,9,-3.745,0,0.0623,0.00199,1.56e-05,0.341,0.595,132.009,4,13455.0,38,0,2.6811096599527926,-0.09291102112363217
35,213987,0,0.312,0.0656,2,-25.336,1,0.0502,0.943,0.924,0.0915,0.0891,78.367,4,46492.0,50,2,-5.268099048409984,-1.9429453265049317
34,76373,0,0.525,0.585,0,-12.155,1,0.931,0.449,0.0,0.48,0.822,172.952,4,3762.0,44,1,0.07503003283735711,2.3818938466326136
14,200507,0,0.814,0.63,0,-5.976,1,0.0561,0.173,0.000892,0.138,0.794,95.023,4,3732.0,37,0,1.634545098356311,0.5957371030684061
32,281453,0,0.743,0.643,1,-8.167,0,0.0317,0.498,0.308,0.0666,0.914,98.287,4,31318.0,42,0,0.8811604315243827,-0.12449886934442243
17,280079,0,0.705,0.498,3,-8.743,1,0.0345,0.591,3.73e-06,0.188,0.272,132.001,4,80.0,6,3,-0.092486907778582,-0.653930054026313
35,64027,0,0.675,0.483,1,-10.827,1,0.904,0.412,0.0,0.512,0.718,98.986,4,613060.0,90,1,-0.33721486158724556,3.2023966948307123
22,227800,0,0.709,0.689,10,-6.402,1,0.0306,0.151,0.000162,0.0585,0.889,116.957,4,11039.0,41,0,1.889686903875786,-0.014347938584294617
64,165800,0,0.778,0.639,8,-6.525,0,0.0537,0.0949,0.00157,0.201,0.477,113.971,4,46290.0,52,0,1.319547744638215,0.19328345299014624
6,60147,0,0.708,0.0736,11,-25.606,1,0.549,0.581,0.0,0.119,0.396,84.175,3,369.0,7,1,-3.2748165285333224,1.9358436992217671
18,63747,0,0.645,0.232,2,-23.332,1,0.95,0.963,0.0,0.514,0.851,86.992,3,773.0,30,1,-2.9187078707170504,3.8890603582402106
26,207424,0,0.643,0.635,9,-10.493,1,0.211,0.526,0.0,0.0982,0.961,92.226,4,3385.0,53,0,0.5612228375284273,0.7804006228885119
43,191440,0,0.451,0.827,2,-9.352,0,0.0312,0.763,0.863,0.102,0.934,124.296,4,5076.0,36,2,0.015106703295770617,-1.1980335788270149
23,198027,0,0.388,0.128,0,-13.25,1,0.0345,0.939,1.31e-05,0.0966,0.373,138.9,4,29915.0,43,3,-2.243489248871226,-1.0896430736771676
55,238040,0,0.248,0.324,9,-10.878,1,0.03,0.274,0.00946,0.113,0.122,135.786,4,5179.0,41,3,-1.2071510122405213,-2.0914019790680416
46,198747,0,0.662,0.836,10,-4.835,1,0.0448,0.00103,0.000104,0.146,0.592,127.975,4,18444.0,43,0,2.1520286973248925,-0.37512545720773804
22,186467,0,0.592,0.642,7,-5.078,1,0.0262,0.0985,0.0,0.176,0.9,148.1,4,4854.0,31,0,1.9785026679629638,-0.22386827706831713
1,204693,0,0.363,0.558,0,-12.059,1,0.043,0.735,0.00157,0.0492,0.682,146.146,4,1024.0,23,3,-0.45770789869033884,-1.0323327603689538
35,61245,0,0.603,0.392,3,-18.285,0,0.957,0.567,4.47e-06,0.801,0.378,191.289,4,128057.0,82,1,-1.557043091014774,2.772579227797498
14,214840,0,0.601,0.844,8,-10.522,1,0.0494,0.295,0.107,0.25,0.835,111.978,3,2337.0,17,0,1.2063904427272767,0.10095358541522194
3,227788,0,0.54,0.238,10,-11.432,1,0.0447,0.945,0.000445,0.307,0.682,149.631,4,1169.0,23,3,-1.1054917559313167,-0.13162449465635487
45,299080,0,0.679,0.307,8,-9.3,1,0.0288,0.896,0.0,0.106,0.303,105.894,4,37084.0,47,3,-1.1405565513939928,-0.6189505149980244
0,246560,0,0.488,0.309,2,-19.836,0,0.184,0.986,0.0916,0.611,0.625,120.114,3,106551.0,53,3,-2.3836190359409555,0.7442846316608888
66,183720,0,0.765,0.535,0,-7.229,1,0.0265,0.22,2.55e-05,0.104,0.548,105.019,4,3123799.0,80,0,0.894834600189653,0.07171199927453095
15,64693,0,0.766,0.281,7,-10.178,1,0.0449,0.864,0.0141,0.325,0.408,82.028,4,74727.0,44,3,-1.3214560020916784,1.1388397794423522
44,57600,0,0.663,0.37,10,-14.1,0,0.333,0.79,0.0,0.233,0.865,146.135,4,1195.0,34,3,-0.683730665550555,1.492430868131241
18,50333,0,0.786,0.384,2,-10.548,1,0.0575,0.888,0.0,0.323,0.98,108.928,4,1397.0,37,0,-0.2032607850236841,1.7881965902165347
33,184120,0,0.472,0.173,2,-17.047,0,0.0505,0.983,0.855,0.099,0.487,122.783,4,46492.0,50,2,-3.118784580129952,-1.3436304623812905
15,173133,0,0.497,0.653,9,-9.729,1,0.0947,0.406,0.0,0.0652,0.614,65.603,4,20404.0,40,0,0.010437444190700303,-0.0669653637364047
73,298333,0,0.553,0.576,0,-13.458,1,0.0304,0.191,0.00664,0.0365,0.457,109.827,4,1621667.0,68,3,0.026806771016787762,-1.0214006806074074
36,59160,0,0.776,0.489,5,-9.121,0,0.746,0.607,0.0,0.303,0.657,131.622,3,613060.0,90,1,-0.027361611345660654,2.4675077747674887
26,51194,0,0.59,0.275,5,-14.61,0,0.888,0.42,0.0,0.423,0.813,49.322,4,79023.0,76,1,-1.5277867923812558,3.404806442328304
27,52687,0,0.78,0.45,6,-13.735,0,0.947,0.595,0.0,0.134,0.657,65.078,3,79023.0,76,1,-1.0693828016201756,3.1929203869085536
51,142693,0,0.703,0.717,0,-8.954,1,0.0448,7.81e-05,0.871,0.0418,0.931,151.903,4,999.0,37,2,1.4044808135614588,-0.8496847987023974
43,376000,0,0.477,0.885,8,-3.721,1,0.0886,0.324,3.76e-06,0.137,0.565,163.996,4,124575.0,53,0,1.9288669681147947,-1.630961295818813
22,258667,0,0.506,0.761,4,-9.868,1,0.0571,0.481,0.0,0.456,0.923,129.286,4,1071.0,25,0,0.9917530846580085,0.22976090954797265
44,226960,0,0.551,0.685,9,-5.087,1,0.0511,0.375,0.0,0.0224,0.683,170.262,4,8715.0,36,0,1.5195555778458085,-1.0632315162905108
0,185147,0,0.67,0.566,10,-5.574,1,0.0711,0.583,0.0,0.597,0.79,124.982,4,10401.0,32,0,0.8485636652935422,1.015272157856479
56,223307,0,0.538,0.511,7,-5.373,1,0.0323,0.665,1.01e-05,0.132,0.25,131.919,4,237164.0,53,3,-0.14708889244420065,-1.0854322310266418
2,41750,1,0.378,0.999,11,-2.787,0,0.101,0.117,1.06e-05,0.421,0.0776,161.434,4,3240.0,11,0,1.4798421058254554,-0.8695994662648061
16,224131,0,0.359,0.946,0,-9.069,1,0.0698,0.717,0.000561,0.299,0.507,151.097,4,1377.0,28,0,0.5080046047249148,-0.9454732476918639
77,233867,0,0.689,0.739,2,-5.81,1,0.026,1.51e-05,0.509,0.064,0.578,120.423,4,6813797.0,82,0,1.4437513110558402,-1.0834693042487005
33,91001,0,0.63,0.57,11,-13.587,0,0.953,0.501,0.0,0.379,0.527,167.801,1,128057.0,82,1,-0.417443215159848,2.1868386901307337
35,198600,0,0.451,0.73,9,-9.828,1,0.0483,0.373,4.4e-06,0.439,0.879,210.654,4,19756.0,44,0,1.4192493259284238,-0.43151011572577797
63,173200,1,0.845,0.559,1,-7.182,1,0.0605,0.375,0.0372,0.0965,0.43,119.951,4,1554532.0,78,0,0.7600149525385962,0.11487023031838368
22,253773,0,0.499,0.631,2,-10.043,0,0.052,0.173,0.0,0.251,0.506,147.888,4,2200.0,30,0,0.6888572869558863,-0.864329482636789
34,232571,0,0.491,0.933,5,-6.155,0,0.0745,0.156,0.000365,0.0844,0.906,133.66,4,1297051.0,71,0,2.2109361620559147,-0.5877603600705521
29,219510,0,0.802,0.526,1,-5.211,1,0.247,0.0264,0.0,0.0632,0.913,169.922,4,313482.0,45,0,2.2423060223221123,0.32113529870714413
28,105933,0,0.547,0.888,6,-10.862,1,0.938,0.599,0.0,0.183,0.408,81.065,4,23593.0,71,1,-0.3691975060827418,1.9546206906761021
38,239280,0,0.544,0.558,9,-6.607,0,0.0272,0.507,3.87e-06,0.111,0.0959,140.0,4,84944.0,34,3,-0.07858703419240916,-1.4372907178483543
37,166027,0,0.594,0.815,10,-5.975,1,0.116,0.0063,0.0,0.432,0.755,90.052,4,37463.0,48,0,1.7499407818380606,0.7341575194485059
8,307253,0,0.644,0.814,7,-6.779,1,0.0435,0.434,0.111,0.144,0.296,120.031,4,139.0,12,0,0.818759542258991,-1.0733342155047738
33,235480,0,0.74,0.497,1,-8.896,1,0.0595,0.445,0.256,0.0908,0.486,103.016,4,20983.0,42,0,0.007945715781394228,-0.36417612202696514
36,237947,0,0.472,0.685,0,-9.048,1,0.0495,0.503,0.0258,0.163,0.518,125.306,4,11481.0,45,0,0.26672134322981833,-0.8420247971869049
23,231800,0,0.346,0.835,4,-5.661,0,0.101,0.000214,0.132,0.0922,0.394,172.837,4,326.0,22,0,1.4779008873276973,-1.9871377302713054
33,485773,0,0.567,0.472,0,-10.891,1,0.0508,0.756,0.00093,0.0734,0.402,123.005,4,17354.0,60,3,-0.566689858491729,-1.5772557727189076
54,259493,0,0.797,0.677,2,-6.035,1,0.0308,0.248,2.19e-06,0.0656,0.8,127.008,4,222785.0,65,0,1.8778738078595796,-0.044111276697820244
4,235590,0,0.509,0.457,7,-14.172,1,0.0327,0.413,0.0018,0.0662,0.576,140.463,4,53.0,3,3,-0.37692711826333153,-0.8586901609693811
35,207294,0,0.645,0.677,0,-4.941,0,0.0654,0.0905,0.0,0.102,0.16,89.945,4,225205.0,59,0,0.8204189952195913,-0.7017439511962369
0,231400,0,0.635,0.228,1,-13.542,1,0.0286,0.964,0.000917,0.109,0.579,103.03,4,7738.0,9,3,-1.6199811201160261,-0.02926985529763835
30,182827,0,0.431,0.351,7,-14.336,1,0.0272,0.158,3.07e-06,0.0726,0.315,166.934,4,110940.0,47,3,-0.6135020582407328,-1.4436300830657995
45,233405,0,0.783,0.545,0,-5.346,0,0.0283,0.745,0.0,0.139,0.822,96.725,4,28074.0,41,0,0.7561816013909746,0.5004524048812488
12,170533,0,0.693,0.199,1,-11.707,0,0.091,0.983,0.0164,0.298,0.538,100.845,4,454706.0,52,3,-1.6003144058679861,0.7233886253303602
24,142133,0,0.324,0.0415,5,-21.965,1,0.0378,0.978,0.882,0.112,0.0779,125.922,4,8716.0,33,2,-4.7208041387406094,-2.0324474084937147
19,179480,0,0.775,0.0471,7,-15.963,1,0.0445,0.715,0.0,0.05,0.653,139.087,4,971.0,21,3,-1.4079083900464413,0.2736584684569145
66,147130,0,0.735,0.471,2,-10.155,0,0.0894,0.665,6.77e-06,0.207,0.239,114.975,4,294569.0,74,3,-0.6199240120861771,0.15790049409557913
15,189571,0,0.575,0.507,4,-8.062,0,0.0456,0.154,1.01e-06,0.0609,0.92,133.509,4,2108.0,17,0,1.2048124170664176,-0.23094079200333112
37,156027,0,0.523,0.312,5,-12.455,1,0.0321,0.263,0.0,0.294,0.398,94.409,4,7043.0,33,3,-0.9085537190517234,-0.0763181740417149
22,255773,0,0.404,0.194,5,-16.247,1,0.0381,0.827,0.0,0.0938,0.399,160.403,4,14748.0,17,3,-2.015343744056198,-1.3361284171135
17,274600,0,0.332,0.283,2,-12.096,0,0.0302,0.77,0.000213,0.106,0.284,79.793,4,63623.0,43,3,-2.0845001041107563,-1.2436102231488415
36,231560,0,0.659,0.447,6,-11.144,0,0.0282,0.199,0.0121,0.11,0.594,101.539,4,332736.0,59,0,0.20874490122354442,-0.1999455902076374
27,83320,0,0.765,0.626,4,-11.78,0,0.957,0.643,0.0,0.379,0.533,47.353,3,23593.0,71,1,-0.8580470070925524,3.4517745372098574
64,173808,0,0.772,0.582,7,-6.768,0,0.0353,0.207,0.0,0.154,0.773,137.015,4,142854.0,62,0,1.564036887545921,0.25975945674573775
27,212947,0,0.766,0.825,10,-4.448,0,0.0292,0.115,0.0,0.0575,0.874,121.953,4,7130.0,36,0,2.5414931695194327,0.06459975813861674
40,225173,0,0.52,0.669,0,-12.925,1,0.0417,0.011,4.83e-05,0.13,0.694,203.097,4,12019.0,48,0,1.3391303740509952,-1.1093440617668917
10,203080,0,0.718,0.596,9,-9.017,0,0.0256,0.404,0.0,0.132,0.881,97.015,4,2262.0,17,0,0.9156585044798794,0.47574738245632825
50,134013,0,0.584,0.109,10,-21.188,1,0.0535,0.918,0.912,0.106,0.259,75.959,4,2084.0,44,2,-4.10378858356748,-0.7840949903334533
67,160000,0,0.501,0.384,9,-9.782,1,0.0275,0.823,1.77e-06,0.115,0.15,89.713,4,2795.0,54,3,-1.6062416408978857,-0.6832262415100744
20,210362,0,0.859,0.481,9,-6.791,1,0.112,0.0546,0.0,0.0902,0.557,132.169,4,1242.0,19,0,1.3679571154970522,0.1499663503216002
16,277413,0,0.643,0.458,8,-14.192,1,0.0256,0.0647,7.97e-06,0.0723,0.582,96.707,4,689.0,38,0,0.07596006704842279,-0.4079867813706878
9,168933,0,0.598,0.431,8,-16.284,1,0.142,0.27,0.0,0.139,0.958,98.225,4,26.0,2,0,-0.1806753132665148,0.7532227665689668
25,56440,0,0.666,0.857,6,-8.71,1,0.922,0.738,0.0,0.404,0.553,109.607,5,33506.0,64,1,0.10788354498972313,2.765706957577683
38,262560,0,0.621,0.539,4,-5.877,1,0.0391,0.352,0.0,0.0996,0.32,128.028,4,571817.0,60,0,0.5227103783866803,-0.9987414760343298
0,181573,0,0.198,0.242,0,-13.039,1,0.0404,0.946,0.00227,0.0883,0.22,171.95,4,1236.0,19,3,-2.287766074534631,-1.9776676171693317
23,193000,0,0.747,0.399,9,-13.026,0,0.267,0.829,4.24e-05,0.609,0.649,137.338,4,2863.0,42,1,-0.697311059453595,1.5866749700696194
3,180920,0,0.514,0.422,8,-10.327,1,0.104,0.138,0.00142,0.0952,0.808,100.144,4,216.0,7,0,0.3027716020893041,-0.021204271800734833
33,184000,0,0.644,0.766,10,-7.098,1,0.0781,0.598,0.0,0.541,0.771,95.621,4,10187.0,30,0,0.8645902049446753,1.0720919360953833
48,187320,0,0.554,0.855,9,-4.17,0,0.0351,0.0664,0.000178,0.356,0.835,130.092,4,29666.0,39,0,2.3023443700464834,0.02830342658574623
22,199560,0,0.646,0.422,5,-7.479,0,0.0269,0.386,0.0,0.119,0.177,82.454,3,3053.0,24,3,-0.4329201013149443,-0.5013742316687049
29,69760,0,0.776,0.407,11,-9.601,0,0.938,0.749,0.0,0.608,0.656,60.719,5,11412.0,54,1,-1.0321643731077816,3.958468040787161
22,218880,0,0.829,0.423,9,-8.743,1,0.0384,0.491,0.00122,0.146,0.854,88.011,4,33291.0,42,0,0.5257380353598226,0.826199480842685
1,150000,0,0.649,0.813,6,-5.641,0,0.0312,0.00823,0.00251,0.162,0.372,128.06,4,2472.0,24,0,1.6658069875355637,-0.49590478040936947
36,99107,0,0.691,0.509,8,-11.639,1,0.921,0.421,0.0,0.491,0.558,106.294,3,613060.0,90,1,-0.4951257943473764,2.889413888517261
0,184040,0,0.718,0.178,8,-12.378,1,0.0485,0.993,0.000501,0.112,0.696,125.346,4,4483.0,5,3,-1.258019769177593,0.3638688689956926
5,141975,0,0.168,0.162,7,-15.096,1,0.0375,0.952,0.875,0.39,0.151,81.395,4,16379.0,40,2,-4.180549139597152,-1.6692922854545493
32,269120,0,0.282,0.35,0,-10.258,1,0.0363,0.747,4.9e-06,0.18,0.143,143.412,3,2362223.0,64,3,-1.58545730016227,-1.894170857473963
45,205050,0,0.731,0.575,7,-13.088,1,0.0334,0.178,0.349,0.0693,0.295,128.819,4,6585.0,42,0,-0.06511341170324385,-0.8826388600339446
0,197227,0,0.541,0.0897,0,-21.887,1,0.0498,0.992,0.42,0.134,0.593,104.328,4,432.0,15,2,-3.3292212852432814,-0.3111993554863544
21,248467,0,0.2,0.266,0,-11.233,1,0.0289,0.0913,0.0798,0.15,0.0998,60.983,4,887.0,33,3,-1.7674297966417896,-1.7738453027139414
14,174597,0,0.698,0.292,5,-15.394,1,0.0318,0.496,0.865,0.0864,0.0939,104.992,4,7977.0,55,2,-2.2847203217464678,-1.3068704732015457
28,249493,0,0.422,0.208,9,-12.375,0,0.036,0.879,9.15e-06,0.129,0.583,126.302,4,3081.0,23,3,-1.6110436162391832,-0.8023699656731552
54,213720,0,0.371,0.508,4,-6.427,0,0.0468,0.666,0.0,0.188,0.522,77.677,4,421502.0,56,3,-0.5462256879013285,-0.6047080600922934
4,181280,0,0.622,0.44,10,-9.232,1,0.0394,0.542,0.0,0.113,0.875,132.675,4,63623.0,43,0,0.4031729340939642,0.07605222500646075
10,259413,0,0.763,0.682,7,-8.815,0,0.0419,0.465,0.0,0.0412,0.852,120.013,4,12479.0,31,0,1.270406715796455,0.06987126444960516
42,147750,0,0.91,0.754,6,-7.508,1,0.221,0.184,0.0,0.0726,0.785,128.0,4,9428.0,34,0,1.9972226876876291,1.023968215320576
18,71613,0,0.699,0.681,5,-9.261,1,0.923,0.447,0.0,0.76,0.734,78.042,3,6155.0,57,1,0.10902089161950372,3.864222294733669
39,401347,0,0.667,0.745,7,-9.443,0,0.0989,0.194,0.443,0.4,0.672,120.019,4,28425.0,44,0,0.9896397634219339,-0.6318172134727303
39,209160,0,0.624,0.697,4,-8.724,1,0.0313,0.032,0.0,0.21,0.45,145.01,4,9919.0,40,0,1.2618823097457783,-0.6190842059089343
42,121347,0,0.47,0.547,2,-5.243,1,0.0311,0.196,0.0,0.131,0.892,203.685,4,6857.0,43,0,1.7258080069013868,-0.7747173711600919
29,240520,0,0.69,0.486,8,-8.18,1,0.0279,0.823,0.00226,0.122,0.398,143.991,4,188.0,18,3,-0.1766658939979098,-0.5841001206805972
49,173907,0,0.57,0.326,9,-8.068,0,0.0325,0.859,0.0,0.275,0.299,128.867,4,47110.0,44,3,-1.0602387609122275,-0.3712086592961976
5,202000,0,0.409,0.396,2,-8.685,1,0.0649,0.786,0.000144,0.126,0.911,174.498,4,2371.0,23,3,-0.0015192905221875685,-0.6845614733221266
13,234560,0,0.649,0.601,4,-9.716,0,0.0315,0.57,0.0,0.0594,0.865,92.558,4,1599.0,30,0,0.4922815459044638,0.1345709343237549
12,244640,0,0.718,0.866,0,-5.249,1,0.0746,0.144,2.53e-06,0.0441,0.822,100.058,4,22427.0,35,0,2.225190680021074,0.01792566528454555
0,162190,0,0.479,0.391,2,-10.968,0,0.0454,0.984,0.886,0.167,0.733,144.029,4,1422.0,20,2,-1.5765304372021967,-1.1678807326484348
11,203000,0,0.484,0.664,7,-10.152,1,0.386,0.285,0.000113,0.481,0.847,176.665,4,899.0,24,0,0.9987919027834457,0.623110690790828
0,274038,0,0.412,0.902,9,-6.609,1,0.0538,0.000295,0.833,0.0957,0.627,111.362,4,692.0,7,2,1.0306888230441449,-2.04093127019672
38,195360,1,0.733,0.367,10,-5.873,0,0.321,0.23,0.0,0.105,0.145,86.131,4,79073.0,49,3,-0.18404732093556822,0.19794292801638752
27,102893,0,0.647,0.729,7,-9.48,1,0.736,0.62,0.0,0.63,0.434,115.519,3,23593.0,71,1,-0.16245275879566762,2.3928891737782556
20,115187,0,0.409,0.00594,9,-30.15,0,0.167,0.993,0.956,0.101,0.871,207.64,4,46492.0,50,2,-4.085584836891072,-0.9917582637098732
35,91467,0,0.708,0.585,3,-7.8,1,0.799,0.607,0.0,0.637,0.899,80.46,3,613060.0,90,1,0.1575535247607332,3.5370268031940144
21,130907,0,0.521,0.194,8,-15.689,1,0.0368,0.797,0.000605,0.107,0.461,118.613,4,398.0,14,3,-1.9986376711530496,-0.22377179112439663
16,244181,0,0.51,0.691,2,-7.144,0,0.0254,0.25,0.000163,0.19,0.285,106.956,4,866.0,29,0,0.4914690215139645,-0.99052107141721
13,287240,0,0.509,0.376,7,-13.218,1,0.0366,0.861,0.0351,0.13,0.57,112.131,4,11039.0,30,3,-1.268500824763949,-0.6506054795572697
43,194600,0,0.801,0.72,0,-3.936,1,0.0439,0.328,1.4e-05,0.196,0.966,99.981,4,5278.0,58,0,2.0668105317490375,0.8251502080442861
35,67067,0,0.63,0.246,3,-18.231,0,0.848,0.904,0.0,0.566,0.792,126.68,4,128057.0,82,1,-2.0848375771768297,3.236989382037625
0,109173,0,0.578,0.17,6,-12.122,1,0.0664,0.988,0.0,0.229,0.604,96.363,4,21.0,1,3,-1.851041798262813,0.5962350770751713
35,80653,0,0.73,0.545,7,-10.544,0,0.9,0.635,0.0,0.16,0.668,113.283,4,613060.0,90,1,-0.3014314612264248,2.5133927442637622
41,321067,0,0.666,0.554,7,-9.769,1,0.0374,0.145,1.78e-05,0.275,0.821,81.46,4,450319.0,62,0,0.8896414298377716,0.22346848525781837
42,118933,0,0.635,0.747,3,-4.917,1,0.331,0.153,0.00115,0.082,0.815,111.951,3,1957.0,37,0,1.7112115256142002,0.7416414246356994
0,176736,0,0.554,0.147,5,-22.092,0,0.0537,0.939,0.204,0.335,0.619,143.589,4,398.0,13,3,-2.707335822813421,0.12842571367047634
35,61506,0,0.675,0.325,1,-16.758,0,0.943,0.546,0.0,0.395,0.614,97.321,4,79023.0,76,1,-1.6395408199211456,3.1318466368544478
13,274640,0,0.632,0.234,6,-13.4,1,0.0348,0.759,0.0,0.118,0.16,127.994,4,1640.0,39,3,-1.682356867529685,-0.9023911666055112
51,203880,0,0.809,0.775,5,-4.428,0,0.0813,0.0694,0.000161,0.0756,0.619,101.708,4,1710498.0,71,0,2.0648142223815578,0.1772781974255683
34,292702,0,0.803,0.626,0,-12.507,1,0.0487,0.209,0.000124,0.0519,0.655,118.538,4,113630.0,48,0,0.927794280221801,-0.11525646885343814
21,170320,0,0.213,0.0727,7,-23.412,0,0.0459,0.903,0.0,0.432,0.237,84.893,4,69.0,40,3,-4.247347914682519,-0.3809784836410794
1,132037,0,0.769,0.336,1,-25.497,1,0.923,0.519,0.0,0.148,0.35,103.402,4,17413.0,55,1,-2.55008630547684,2.450499140900228
46,181984,0,0.623,0.464,5,-6.976,0,0.028,0.607,0.0,0.0889,0.582,122.052,3,46492.0,49,3,0.15507046859082385,-0.30757076677087536
34,194467,0,0.458,0.157,1,-16.228,1,0.0312,0.869,0.0617,0.125,0.395,106.334,3,744.0,43,3,-2.5120096860080747,-0.6071230433864766
27,95707,0,0.553,0.614,0,-12.265,1,0.344,0.375,4.28e-05,0.77,0.445,113.111,4,23593.0,71,1,-0.3745461757236639,1.6482462129898898
8,171562,0,0.634,0.732,0,-10.439,1,0.143,0.0794,3.81e-05,0.502,0.938,145.838,4,7150.0,29,0,1.6524428001600073,0.9399489819919931
37,259853,0,0.68,0.765,2,-2.539,0,0.0345,0.787,2.5e-06,0.114,0.779,116.15,4,11182.0,31,0,1.4002249206569979,-0.15338879775978584
10,69547,0,0.559,0.629,0,-7.294,1,0.0648,0.165,0.0,0.133,0.831,74.69,4,54804.0,43,0,0.9213504476067067,0.6020702441707703
41,305947,0,0.623,0.815,11,-2.352,1,0.101,0.482,0.0,0.093,0.946,150.994,4,39509.0,32,0,2.3073008373754975,-0.48814964508148784
36,68524,0,0.669,0.28,2,-13.884,1,0.919,0.77,0.0,0.482,0.653,144.075,4,79023.0,76,1,-1.4031800077930079,2.905798673555535
24,184480,0,0.592,0.713,0,-5.9,1,0.279,0.723,1.96e-05,0.376,0.549,169.919,4,5229.0,32,0,0.7329996409066375,0.2474355861446911
72,211933,0,0.671,0.153,0,-13.569,1,0.0404,0.912,5.53e-05,0.0771,0.658,85.6,4,339432.0,66,3,-1.6821904077192495,0.31690715301679884
8,58587,0,0.615,0.974,1,-4.557,0,0.0686,7.66e-06,0.875,0.415,0.493,131.027,4,29186.0,42,2,1.4596212609441324,-0.5654475293492222
11,78827,0,0.514,0.675,11,-10.644,0,0.0361,0.134,0.324,0.135,0.701,101.042,3,3971.0,12,0,0.40326329653582094,-0.23879820767380336
46,338045,0,0.721,0.869,0,-0.927,1,0.0248,0.0974,1.26e-05,0.0789,0.499,109.991,4,918.0,32,0,2.4637827120184532,-0.9018316060836582
5,144985,0,0.763,0.477,8,-8.214,1,0.0421,0.901,0.0,0.163,0.929,126.492,4,630.0,18,0,0.32699405297384954,0.8377612367362078
7,198787,0,0.565,0.621,4,-7.932,1,0.0554,0.0489,0.00013,0.126,0.553,129.77,4,7872.0,31,0,1.0854973547470286,-0.6099329105234411
41,236093,0,0.631,0.631,6,-8.962,1,0.0447,0.449,0.0,0.175,0.951,108.172,4,27136.0,44,0,0.9689622303549589,0.2660848460269319
52,248760,0,0.747,0.86,1,-3.917,0,0.0436,0.209,0.0,0.147,0.556,125.01,4,100029.0,47,0,2.1199154717681084,-0.31706373585075204
37,199253,0,0.6,0.438,7,-7.162,1,0.0457,0.746,0.0,0.147,0.22,127.788,4,33241.0,39,3,-0.595911331983786,-0.7300492439730442
28,130453,0,0.598,0.744,11,-9.402,0,0.389,0.222,0.0,0.38,0.407,116.143,5,23593.0,71,0,0.5184317715188821,0.8522468439731283
33,247520,0,0.583,0.504,0,-13.897,1,0.0378,0.0198,0.00054,0.112,0.444,124.083,4,452001.0,58,0,0.13728532157560006,-0.7559811187084213
34,94984,0,0.721,0.413,2,-16.02,1,0.939,0.741,0.0,0.719,0.481,115.275,5,128057.0,82,1,-1.6372625648663761,3.4526497416295046
17,393040,0,0.519,0.252,5,-15.116,0,0.029,0.742,0.142,0.136,0.105,100.029,4,72.0,13,3,-2.2689228110596846,-1.5617662840719326
40,276408,0,0.56,0.875,11,-3.434,1,0.0378,0.209,0.0,0.0827,0.593,130.966,4,1297051.0,71,0,2.0161585743475974,-1.0391095311984226
1,190002,0,0.589,0.0826,5,-16.453,1,0.0659,0.985,0.861,0.114,0.782,170.656,4,2508.0,36,2,-2.3830092290335965,-0.9951578068998655
6,140427,0,0.455,0.85,10,-6.749,0,0.191,0.907,4.22e-05,0.0567,0.971,66.949,4,28.0,1,0,0.4204582963622257,0.5889606993628839
29,143067,0,0.633,0.781,2,-8.915,1,0.253,0.258,9.1e-05,0.415,0.364,109.896,4,19959.0,36,0,0.6256361121796402,0.6685502883702034
33,333406,0,0.662,0.461,6,-8.156,1,0.0257,0.841,0.0,0.104,0.332,99.051,4,271231.0,61,3,-0.6113044344221267,-0.7546679055731694
42,220480,0,0.791,0.631,2,-14.543,1,0.0495,0.0069,0.867,0.333,0.534,111.228,4,100522.0,57,2,-0.004393529282811198,-0.40156528762943705
2,215583,0,0.413,0.466,4,-7.051,0,0.0482,0.787,0.000357,0.109,0.518,174.482,4,2462.0,11,3,-0.1720440999190572,-1.3088147489057314
44,222001,0,0.668,0.793,9,-8.23,0,0.0461,0.0921,0.0,0.11,0.79,100.047,4,8277.0,35,0,1.6905977376306183,0.04168096359722454
20,178051,0,0.774,0.81,2,-5.841,1,0.0423,0.0638,0.00679,0.312,0.972,134.027,4,12828.0,30,0,2.587505503169576,0.7403133960342257
42,268475,0,0.56,0.228,7,-12.931,1,0.0324,0.76,0.0011,0.0852,0.0984,118.053,4,69509.0,43,3,-1.9109583521130877,-1.148183033142165
0,91638,0,0.231,0.264,0,-13.138,1,0.0393,0.572,0.000349,0.0991,0.0365,171.589,4,2506.0,40,3,-1.9852770884002426,-1.878790524723339
39,197385,0,0.622,0.399,0,-7.994,1,0.0269,0.496,3.93e-06,0.0929,0.224,132.015,4,1592.0,37,3,-0.34344821731679454,-0.8694108440356911
23,201027,0,0.593,0.396,0,-11.682,1,0.04,0.729,3.96e-06,0.338,0.682,147.242,4,8151.0,27,3,-0.4296704007610351,0.10251186641005407
56,207133,0,0.767,0.754,9,-4.325,0,0.0375,0.00388,0.00013,0.0927,0.96,108.99,4,293123.0,56,0,2.5672453610499275,0.3458511865687903
30,222960,0,0.711,0.738,4,-8.766,1,0.0257,0.0916,0.0,0.203,0.909,108.077,4,353.0,25,0,1.789408238966859,0.3818586777776414
22,250200,0,0.422,0.294,8,-7.982,1,0.0323,0.852,1.09e-05,0.0805,0.249,103.841,4,597.0,39,3,-1.505791725543568,-1.2529805743233604
22,184906,0,0.707,0.539,10,-12.361,0,0.0985,0.0378,0.00163,0.105,0.792,84.949,4,14527.0,37,0,0.6899857203989017,0.5757920158149031
13,188107,0,0.493,0.567,0,-9.522,0,0.0306,0.381,0.0,0.0841,0.524,139.344,4,5975.0,36,0,0.2603125390365275,-0.878941565912012
36,163027,0,0.524,0.909,5,-4.739,1,0.0802,0.0499,0.000206,0.119,0.96,176.982,4,4849.0,40,0,2.8011395321582717,-0.49266249439497267
1,153907,0,0.417,0.967,7,-3.226,1,0.0755,0.0393,0.0,0.311,0.922,173.946,4,670.0,16,0,2.829491836057034,-0.4633202065703966
35,231533,0,0.878,0.871,5,-5.784,0,0.0334,0.0303,0.255,0.0703,0.967,119.561,4,11793.0,48,0,2.7152085898317337,0.19304554933394036
14,160440,0,0.779,0.88,4,-8.962,1,0.0321,0.163,2.47e-06,0.152,0.963,144.002,4,2963.0,35,0,2.365277705792645,0.5047589235798465
21,58133,0,0.655,0.348,7,-10.94,1,0.512,0.808,0.0,0.186,0.874,110.496,3,2538.0,38,1,-0.73521481822811,1.9695280779455016
34,229707,0,0.644,0.924,5,-5.033,1,0.044,0.0295,0.0,0.302,0.891,133.985,4,2734.0,33,0,2.6949169327551066,0.08352469603299187
6,225733,0,0.548,0.435,7,-10.789,1,0.0801,0.845,0.00182,0.0669,0.625,80.113,4,1202.0,21,3,-0.9591833262837873,-0.08787465703094906
43,214360,0,0.495,0.466,0,-7.97,1,0.0305,0.387,0.0,0.115,0.35,77.981,4,761101.0,66,3,-0.42335722332701387,-0.6945487879343487
21,135800,0,0.669,0.101,7,-24.501,0,0.065,0.67,0.0,0.332,0.772,120.312,4,308.0,42,3,-2.3181875034717465,1.1489879526540692
21,361907,0,0.439,0.405,7,-21.751,1,0.734,0.919,0.0,0.954,0.578,132.302,3,57229.0,35,1,-2.474887250727552,1.9689370558233819
40,213587,0,0.442,0.501,2,-6.124,1,0.0283,0.708,9.23e-05,0.125,0.334,149.514,4,1395.0,33,3,-0.24120092999559406,-1.3232757359288772
38,269267,0,0.508,0.857,11,-7.562,0,0.0649,0.0413,6.64e-06,0.106,0.944,179.213,4,1664425.0,75,0,2.451067232236151,-0.924978668074012
31,147107,0,0.709,0.613,7,-8.843,1,0.041,0.752,0.253,0.0555,0.964,91.27,3,1533.0,30,0,0.31375608122859405,0.4890242348034201
26,274000,0,0.424,0.424,6,-7.798,1,0.0297,0.623,0.0,0.0972,0.216,115.319,4,70692.0,49,3,-0.8328318432300972,-1.497277114949013
6,146507,0,0.73,0.548,3,-11.849,1,0.107,0.826,2.22e-05,0.0579,0.905,132.192,4,1329.0,27,0,0.1507998703260274,0.6701612299046434
34,269332,0,0.373,0.945,2,-5.61,1,0.159,0.00611,0.00043,0.7,0.417,169.982,4,35133.0,45,0,1.803683780902947,-0.6311088561651446
43,248825,0,0.424,0.391,5,-15.979,1,0.0402,0.988,0.903,0.662,0.586,105.305,4,1096.0,36,2,-2.651728759282382,-0.5209111892692847
0,194973,0,0.7,0.352,3,-10.053,1,0.0829,0.882,8.72e-06,0.13,0.645,66.275,4,4483.0,5,3,-0.9640598669409356,0.6634665895946453
3,76858,0,0.646,0.597,2,-18.218,1,0.962,0.822,0.0,0.761,0.507,63.31,3,950.0,14,1,-2.0144429651045956,3.903047894996829
7,242666,0,0.751,0.664,10,-5.066,1,0.0456,0.561,0.0512,0.136,0.95,88.387,4,23866.0,21,0,1.325029347793505,0.5200326875175303
6,280640,0,0.511,0.469,7,-9.431,1,0.0641,0.773,1.05e-05,0.271,0.777,116.93,4,4912.0,31,3,-0.2469160769564392,-0.15899015467604624
18,341933,0,0.176,0.269,9,-17.399,0,0.0333,0.663,1.48e-05,0.101,0.158,88.987,1,26752.0,43,3,-2.83333985250339,-2.018137788013248
27,124400,0,0.589,0.358,0,-14.601,0,0.904,0.268,0.0,0.471,0.452,81.558,1,23593.0,71,1,-1.3677558894680426,2.5531844471703367
29,98213,0,0.714,0.57,9,-11.577,1,0.933,0.637,0.0,0.382,0.756,80.503,3,23593.0,71,1,-0.5080969580817907,3.254444415264504
10,194345,0,0.401,0.561,6,-9.913,1,0.0633,0.669,0.0,0.0698,0.966,89.578,4,8.0,15,3,-0.08418751650435126,-0.11525029188613711
4,167133,0,0.584,0.495,0,-10.046,1,0.504,0.548,0.0,0.176,0.748,205.863,4,2963.0,35,0,0.45426804921444613,0.4354646930993836
29,246339,0,0.579,0.533,4,-10.895,0,0.0457,0.685,0.0109,0.361,0.634,131.024,3,17627.0,43,3,-0.1565628933719079,-0.024578831837274485
26,226440,0,0.482,0.104,8,-16.249,1,0.0527,0.972,0.0,0.221,0.308,98.233,4,106551.0,53,3,-2.8535922996824885,-0.3850957147574174
5,282747,0,0.57,0.604,0,-10.185,0,0.0526,0.239,9.67e-06,0.0973,0.459,161.838,4,11132.0,38,0,0.7052608927705128,-1.1954074385110238
28,57040,0,0.749,0.7,2,-11.266,1,0.88,0.804,2.41e-05,0.444,0.35,107.924,3,84951.0,73,1,-0.7287996313585045,2.8116216769474027
19,68653,0,0.742,0.313,0,-10.679,1,0.0395,0.781,0.00403,0.0385,0.53,113.272,4,178.0,20,3,-0.8132779051763966,0.4472710816034854
5,67613,0,0.611,0.0504,7,-26.427,1,0.912,0.901,0.0,0.212,0.288,177.684,3,3133.0,12,1,-3.714827608165602,1.8670123856565328
45,210267,0,0.763,0.615,0,-6.664,1,0.0273,0.0534,0.0,0.127,0.624,98.007,4,146911.0,46,0,1.427193008949695,0.10634260136789758
7,220800,0,0.71,0.764,9,-4.267,0,0.059,0.0199,1.02e-05,0.15,0.73,124.873,4,185.0,4,0,2.271837457784644,-0.0961757329821301
32,141627,0,0.54,0.537,2,-7.388,1,0.0678,0.47,0.0,0.175,0.633,128.625,5,3190.0,43,0,0.383622781514919,-0.16274134793419892
34,253147,0,0.78,0.691,5,-4.38,0,0.0559,0.215,0.0,0.138,0.896,104.001,4,11443.0,35,0,2.0514817067250086,0.3601796870531987
58,286347,0,0.318,0.363,2,-11.248,1,0.0264,0.000311,0.0,0.114,0.418,90.807,3,650259.0,68,3,-0.5268084056858773,-1.4371181490062341
32,246707,0,0.486,0.541,7,-12.731,1,0.0423,0.736,0.0229,0.264,0.605,158.541,4,12613.0,34,3,-0.4053913285100065,-0.6530791270857947
35,236636,0,0.49,0.644,1,-7.834,1,0.0319,0.038,0.221,0.0705,0.0763,125.01,4,3675.0,50,0,0.2438476227197463,-1.8755440928067475
60,166500,0,0.405,0.542,7,-6.064,1,0.0326,0.564,0.0,0.239,0.624,145.947,4,102401.0,51,0,0.30691000681591024,-0.6996105327723098
14,124280,0,0.811,0.521,7,-10.763,1,0.0462,0.499,0.0,0.24,0.772,116.542,4,596.0,11,0,0.49488949902360196,1.0161158130779782
41,240747,0,0.832,0.869,8,-4.2,0,0.165,0.266,0.0,0.415,0.576,137.998,4,2701496.0,84,0,2.1872850849200205,0.6254882120233982
38,345333,0,0.379,0.949,4,-11.3,1,0.0583,0.0228,0.0426,0.0726,0.203,99.568,4,1120761.0,61,0,0.6160260668422807,-1.9038281578771372
16,262000,0,0.722,0.673,1,-8.132,0,0.0266,0.559,1.89e-05,0.0921,0.778,120.965,4,114127.0,59,0,1.0353400167027103,-0.07382057780777909
41,191453,0,0.695,0.743,4,-9.007,1,0.0325,0.0772,2.55e-06,0.0891,0.714,127.458,4,21270.0,41,0,1.62785791134844,-0.12719597651006692
28,97373,0,0.716,0.447,0,-9.925,1,0.945,0.612,0.0,0.453,0.571,125.274,5,23593.0,71,1,-0.5455477400842731,2.8341032242811686
35,97147,0,0.635,0.636,1,-11.154,1,0.927,0.671,0.0,0.478,0.587,85.03,4,23593.0,71,1,-0.6963139552013039,2.9676164209785134
19,54520,0,0.692,0.111,6,-21.602,0,0.0537,0.99,0.000223,0.114,0.14,136.773,4,33313.0,36,3,-3.1480536633226945,0.1806021471719321
17,83453,0,0.134,0.333,3,-10.553,1,0.0315,0.858,0.0413,0.0733,0.541,69.268,4,93388.0,56,3,-2.1398970569300118,-0.8370226173180656
0,150947,0,0.805,0.295,2,-9.097,1,0.04,0.99,0.00133,0.12,0.722,113.462,4,324.0,8,3,-0.5739707037360835,0.7390914205706196
0,164859,0,0.357,0.212,0,-13.794,1,0.0443,0.967,0.00669,0.0936,0.24,129.266,4,7387.0,33,3,-2.469760826811438,-1.1326717461655607
71,256573,0,0.493,0.394,2,-6.997,1,0.0366,0.575,0.0,0.267,0.375,152.03,4,73482.0,57,3,-0.22852551688293407,-1.0304876905676192
44,258253,0,0.53,0.465,9,-6.04,1,0.0268,0.331,0.000269,0.0882,0.276,131.93,4,728373.0,60,3,0.19213867903300288,-1.3467525480409324
29,61147,0,0.717,0.49,7,-10.033,1,0.958,0.942,0.0,0.225,0.624,116.975,4,84951.0,73,1,-0.8957013112255827,2.77222647058583
59,178000,0,0.819,0.0243,0,-24.6,1,0.148,0.993,0.935,0.12,0.75,74.945,4,21185.0,62,2,-3.7577200206315275,0.5871653086290934
4,206387,0,0.489,0.835,5,-9.543,1,0.0358,0.071,0.0,0.303,0.863,80.962,4,460.0,19,0,1.3295704736500056,0.2057100387459086
10,269413,0,0.805,0.582,4,-7.782,0,0.0404,0.671,0.0553,0.0933,0.85,120.689,4,3513.0,22,0,0.8962763576856116,0.2086580990122919
31,64347,0,0.72,0.354,7,-10.076,1,0.942,0.854,0.0,0.294,0.602,121.506,4,33506.0,64,1,-1.078404262911761,2.7936822331740023
20,195507,0,0.374,0.907,8,-7.052,1,0.0579,0.0156,0.0116,0.811,0.644,113.507,4,5292.0,30,0,1.4659384950285541,0.3280599088418238
0,171468,0,0.66,0.193,5,-14.903,1,0.0848,0.987,0.00285,0.0784,0.393,110.338,4,511.0,5,3,-2.090592975917394,0.053879670821348376
10,241227,0,0.563,0.334,7,-15.009,1,0.0345,0.329,2.93e-05,0.669,0.488,114.93,4,12329.0,28,3,-0.890627812726037,0.458782189704235
41,71427,0,0.665,0.39,6,-12.317,1,0.961,0.455,0.0,0.281,0.701,73.443,5,613060.0,90,1,-0.9524210377754486,3.0622824946544984
38,452000,0,0.264,0.435,0,-11.901,1,0.0309,0.0697,3.04e-05,0.319,0.0962,92.416,4,33562.0,49,3,-0.9500628319329423,-2.138334507410254
49,345133,0,0.607,0.497,11,-7.017,1,0.0374,0.38,0.0,0.0681,0.407,125.951,3,7845.0,36,0,0.4107569798282968,-1.2204568694907978
45,284947,0,0.474,0.434,9,-4.993,1,0.0301,0.0639,0.0,0.127,0.364,117.915,4,903800.0,64,0,0.5438852421812894,-1.3780231031448307
37,102160,0,0.744,0.415,11,-14.39,0,0.913,0.472,0.0,0.359,0.725,77.62,3,613060.0,90,1,-0.9154907926612427,3.251159758873697
36,97947,0,0.709,0.468,1,-14.54,1,0.841,0.141,0.0,0.404,0.762,128.8,3,613060.0,90,1,-0.011990134210384208,2.697330953278136
22,303167,0,0.676,0.606,9,-6.16,1,0.0247,0.201,0.0,0.0835,0.248,81.112,4,6464.0,30,0,0.5772378608774847,-0.834267755715287
2,128592,0,0.612,0.269,3,-9.27,1,0.0677,0.892,9.38e-06,0.116,0.801,178.528,4,158.0,11,3,-0.3297400101799819,-0.033069702477332596
29,173497,0,0.709,0.819,7,-4.694,0,0.0688,0.374,0.0,0.024,0.937,84.959,4,2760.0,35,0,1.8594508535143508,0.4854193815387736
25,68304,0,0.661,0.351,6,-14.699,1,0.943,0.517,0.0,0.774,0.44,104.101,1,79023.0,76,1,-1.5823552707475779,3.4507993471864857
35,93814,0,0.739,0.453,7,-12.038,1,0.92,0.749,0.0,0.581,0.715,65.027,3,128057.0,82,1,-1.1078968385430243,3.7808402091492175
50,186627,0,0.581,0.495,5,-10.233,1,0.0434,0.62,0.0205,0.157,0.532,92.846,4,6804.0,41,3,-0.48193041967440853,-0.0780761801342124
14,192888,0,0.663,0.691,0,-8.657,0,0.0311,0.107,0.945,0.299,0.0975,121.968,4,35.0,29,2,-0.18361473027254357,-1.544098071138378
39,101647,0,0.729,0.211,1,-8.937,1,0.0961,0.862,0.0,0.0803,0.807,169.994,4,27726.0,55,3,-0.2668295095024822,0.418921943092033
29,50880,0,0.709,0.507,6,-12.459,1,0.767,0.389,6.99e-06,0.191,0.806,74.811,4,33506.0,64,1,-0.31167880801590514,2.772534974414863
13,288293,0,0.741,0.346,9,-14.394,1,0.0658,0.0394,0.000454,0.241,0.731,138.976,4,18696.0,32,0,0.4355201775126941,0.08643135742555944
36,99773,0,0.55,0.144,7,-22.962,1,0.351,0.511,0.0,0.325,0.414,78.667,4,613060.0,90,3,-2.9294180496401654,1.3356618608179622
2,388125,0,0.841,0.656,9,-6.323,1,0.198,0.00782,0.00986,0.0594,0.561,128.044,4,175.0,6,0,1.8972497463775153,-0.3877014547170236
8,252520,0,0.523,0.585,10,-9.552,0,0.0353,0.114,0.0,0.0597,0.282,132.298,4,29024.0,42,0,0.3912043769434136,-1.3641324577537877
28,237867,0,0.561,0.903,2,-11.445,1,0.0362,0.0126,0.818,0.376,0.581,135.519,4,252814.0,56,2,0.813368662044936,-1.1656694622695527
40,280172,0,0.61,0.582,0,-10.828,0,0.0333,0.487,0.0536,0.0593,0.6,95.858,4,69551.0,52,3,0.04270274119293995,-0.5195795216868885
16,168507,0,0.731,0.615,7,-10.857,0,0.0376,0.48,1.94e-06,0.117,0.974,152.109,4,611.0,19,0,1.1374244918503882,0.3917001843250053
3,289737,0,0.464,0.972,6,-7.225,0,0.0974,0.00209,0.0,0.517,0.292,142.01,4,39752.0,41,0,1.5695159847974145,-0.8448176108065559
4,75853,0,0.658,0.159,1,-14.019,1,0.874,0.751,0.0,0.42,0.447,130.643,3,782.0,10,1,-2.0060054968335477,2.4982965227699694
11,213040,0,0.538,0.203,7,-13.008,1,0.0315,0.978,6.4e-05,0.0949,0.5,111.25,3,3649.0,27,3,-1.8598039415816474,-0.40218673952816186
55,284867,0,0.715,0.951,6,-6.488,1,0.132,0.152,0.0,0.302,0.671,126.643,4,368135.0,64,0,2.211559129669993,0.10683040454013386
32,203107,0,0.754,0.932,11,-3.248,1,0.0293,0.545,0.00028,0.374,0.963,100.018,4,2656.0,39,0,2.223145424270631,0.9835392231722029
34,292135,0,0.615,0.628,8,-7.902,1,0.125,0.563,0.00236,0.0612,0.661,153.936,4,16101.0,45,0,0.8159541234464541,-0.6932135876292304
34,270209,0,0.494,0.379,6,-9.807,1,0.0258,0.41,0.000844,0.289,0.198,137.634,3,3229.0,32,3,-0.6408610223141258,-1.1492654704220233
29,108880,0,0.676,0.766,0,-5.657,1,0.0544,0.685,4.09e-05,0.204,0.829,130.135,4,15056.0,41,0,1.2499991965816322,0.554151966856895
21,211413,0,0.561,0.303,10,-15.573,1,0.0294,0.466,0.0,0.351,0.839,73.059,4,69.0,40,3,-0.9924358761016121,0.7454895440522904
48,209653,0,0.621,0.63,7,-7.219,1,0.0373,0.101,2.31e-06,0.568,0.906,174.819,4,27847.0,41,0,1.9142902645976994,0.3728559519814043
21,162987,0,0.858,0.449,9,-14.618,1,0.504,0.66,0.0,0.0384,0.95,124.989,4,7866.0,34,1,-0.0700174744666813,1.878213306962133
3,268560,0,0.655,0.494,9,-17.462,1,0.0365,0.534,5.45e-05,0.156,0.893,128.908,4,332.0,27,3,-0.2087262133749353,0.1533600559962879
25,159640,0,0.712,0.168,8,-14.016,0,0.0551,0.952,0.00322,0.118,0.546,107.227,4,454706.0,52,3,-1.7403842791360216,0.4259312640281377
44,143667,0,0.0985,0.00711,5,-30.47,0,0.0486,0.91,0.927,0.108,0.114,172.161,4,12031.0,47,2,-5.642510289689237,-2.788874323202748
37,279822,0,0.601,0.885,1,-8.428,1,0.0345,0.00461,0.0,0.311,0.729,123.008,4,4178.0,30,0,1.9723788960786035,-0.2530284225165885
8,199440,0,0.307,0.322,4,-15.773,1,0.102,0.994,0.891,0.331,0.514,82.427,3,602.0,24,2,-3.2335406782122202,-1.0419523868344078
35,174663,0,0.675,0.916,6,-4.196,0,0.0422,0.109,0.0,0.0736,0.879,130.022,4,311478.0,55,0,2.6571980495617322,-0.054255132356635906
19,144400,0,0.579,0.418,5,-13.928,1,0.0747,0.593,0.0,0.0716,0.958,97.313,4,5010.0,35,3,-0.4244300326801541,0.5583537575272934
38,247127,0,0.707,0.467,7,-14.43,1,0.0456,0.0429,0.000244,0.115,0.589,126.095,4,45172.0,43,0,0.36991072534702907,-0.22497234253276913
42,134213,0,0.631,0.67,7,-5.976,0,0.0472,0.167,0.0,0.0967,0.655,125.854,4,107655.0,45,0,1.4166220904007163,-0.15198058139904483
29,103653,0,0.799,0.481,1,-11.803,1,0.667,0.792,0.0,0.733,0.554,101.075,4,23593.0,71,1,-0.8638456096483679,3.1957372725896613
17,72387,0,0.678,0.549,8,-11.755,1,0.952,0.961,0.0,0.498,0.614,144.8,3,8150.0,48,1,-0.8897568778714205,2.939323376304651
18,72120,0,0.735,0.729,5,-11.463,0,0.901,0.905,0.0,0.506,0.653,76.611,3,8150.0,48,1,-0.6547870138131615,3.507572830753062
19,188560,0,0.583,0.413,1,-9.748,1,0.026,0.917,0.0979,0.115,0.337,108.395,4,129.0,13,3,-1.2252852507330358,-0.5593744095143
12,184960,0,0.483,0.557,7,-10.731,1,0.0307,0.0204,0.000329,0.17,0.684,124.794,4,823.0,16,0,0.6959234747265949,-0.4946776784677216
34,312267,0,0.573,0.637,2,-5.575,1,0.0301,0.0441,0.00194,0.14,0.683,105.003,4,78607.0,46,0,1.4791934283844104,-0.7141614228119489
7,338867,0,0.776,0.79,0,-8.546,0,0.0826,0.144,2.63e-06,0.159,0.85,107.049,4,168.0,8,0,1.93476040193848,0.1358642721349298
11,524133,0,0.637,0.517,1,-14.343,1,0.373,0.548,0.0,0.893,0.536,115.928,4,2458.0,15,1,-0.5143276653457256,0.8855934174956044
35,91653,0,0.721,0.538,0,-9.799,0,0.957,0.499,0.0,0.359,0.797,69.912,3,613060.0,90,1,-0.22135900038907838,3.3635449701829874
11,266973,0,0.357,0.341,8,-12.201,1,0.0272,0.521,0.0,0.135,0.221,75.97,4,2010.0,22,3,-1.69825323678799,-1.2170636399715091
61,293933,0,0.516,0.513,2,-10.762,1,0.0288,0.159,0.00957,0.0612,0.694,99.735,4,503520.0,62,0,0.3884278910185468,-0.7580710402054129
50,171344,0,0.704,0.719,3,-4.05,1,0.0343,0.42,0.0,0.18,0.33,103.018,4,122725.0,66,0,0.9388467635803687,-0.177951749563305
43,165800,0,0.966,0.359,2,-17.603,1,0.0801,0.476,0.0,0.0446,0.97,116.128,4,79023.0,76,0,0.005872140837085114,1.3910919024336676
33,58232,0,0.732,0.224,11,-15.463,1,0.947,0.781,0.0,0.741,0.547,93.885,3,128057.0,82,1,-2.121450100601274,3.914440383973961
21,78800,0,0.526,0.669,5,-14.889,1,0.0851,0.0042,0.0,0.172,0.678,118.609,4,10835.0,36,0,0.46703592429663315,0.20618821164330778
26,241333,0,0.602,0.67,10,-12.036,0,0.0376,0.764,0.0,0.231,0.91,123.742,4,17399.0,34,0,0.3047560457661852,0.2319503041130814
16,204880,0,0.878,0.331,4,-7.887,1,0.0473,0.636,0.0,0.104,0.862,75.034,3,1133.0,33,0,0.20871587732829577,1.0740833104240837
0,200737,0,0.363,0.326,8,-10.939,1,0.0421,0.993,0.879,0.392,0.635,71.584,3,14.0,0,2,-2.5138644821722482,-0.7743207271547686
26,325840,0,0.426,0.339,5,-9.597,1,0.0329,0.6,0.0,0.088,0.206,114.29,4,70692.0,49,3,-1.159904002114692,-1.6433908752336261
44,308533,0,0.648,0.836,2,-5.375,0,0.0852,0.177,0.0,0.102,0.804,176.154,4,1260058.0,76,0,2.4838109790594305,-0.8177100412875024
54,236897,0,0.75,0.898,4,-8.868,1,0.093,0.193,0.000198,0.082,0.846,87.04,4,204397.0,47,0,1.8369587904800526,0.4442103146781553
35,322325,0,0.393,0.416,10,-11.939,1,0.0404,0.97,0.925,0.332,0.445,119.479,4,3063201.0,68,2,-2.2253194395224036,-1.8451648247078891
0,179744,0,0.493,0.436,0,-7.705,1,0.0636,0.986,0.00061,0.105,0.76,186.61,4,526.0,24,3,-0.08206418641551658,-0.6810068578460743
10,197056,0,0.395,0.428,9,-7.201,1,0.0274,0.395,0.00232,0.117,0.3,91.091,4,334.0,27,3,-0.5960160110963444,-1.0705661168965768
1,117000,0,0.71,0.0533,10,-26.884,0,0.907,0.977,7.89e-05,0.171,0.575,107.791,4,467.0,13,1,-3.7311000701415176,2.7626691260192295
15,225840,0,0.495,0.548,9,-10.363,0,0.0335,0.624,0.0,0.094,0.663,103.403,4,219.0,13,3,-0.2255830467455318,-0.4674145048131206
30,305640,0,0.757,0.508,6,-10.447,0,0.0466,0.741,0.0,0.343,0.901,140.886,3,1385393.0,70,0,0.5125731135961408,0.48258844008700397
39,261355,0,0.57,0.433,7,-13.612,0,0.0717,0.844,4.77e-06,0.355,0.765,75.9,4,1385393.0,70,3,-1.0689549965249299,0.6220197561203842
17,273933,1,0.504,0.62,2,-8.602,1,0.135,0.0728,1.04e-05,0.0956,0.0785,83.229,4,8824.0,23,3,-0.027086019044767776,-1.1368016809703223
6,195600,0,0.513,0.353,5,-13.257,1,0.0321,0.826,0.0,0.103,0.647,108.697,4,3414.0,30,3,-1.2166668238884824,-0.23721906945015947
1,211225,0,0.338,0.569,5,-5.93,1,0.0269,0.698,0.0819,0.546,0.491,92.411,4,431.0,10,3,-0.5070196411687755,-0.30877184267202057
41,212000,0,0.614,0.815,7,-5.975,0,0.15,0.226,0.0,0.099,0.848,174.139,4,5813.0,30,0,2.2053456067953383,-0.3546083632625539
15,188146,0,0.627,0.671,10,-6.167,0,0.11,0.241,0.0,0.191,0.815,83.676,4,12831.0,29,0,1.2257376599241685,0.48443367275409027
27,317493,0,0.706,0.827,3,-8.338,0,0.0526,0.22,3.49e-06,0.193,0.786,118.021,4,18877.0,33,0,1.8019858145373095,-0.12332341834081716
0,186413,0,0.376,0.428,1,-12.681,1,0.0372,0.942,0.0811,0.53,0.877,127.903,3,1204.0,9,3,-1.0721828808391842,0.2939442468748861
10,100000,0,0.512,0.15,11,-9.602,0,0.0513,0.863,0.6,0.116,0.178,86.412,4,9744.0,37,2,-2.6671874672016647,-0.9478245249275302
50,173812,0,0.812,0.896,1,-3.615,1,0.183,0.11,0.0,0.364,0.515,120.025,4,135554.0,57,0,2.247546242113166,0.7488293133394783
15,147800,0,0.785,0.598,9,-10.862,1,0.0357,0.141,0.043,0.1,0.937,138.287,4,23430.0,42,0,1.468564651216646,0.4987683686819514
34,227090,0,0.491,0.883,0,-3.9,1,0.0636,0.0498,0.0,0.169,0.634,75.718,4,5966.0,30,0,1.7345593818249834,-0.41605725332999444
20,173250,0,0.53,0.515,2,-5.497,0,0.035,0.724,1.49e-06,0.326,0.265,129.025,3,3126.0,21,3,-0.3032621049154393,-0.5200221815309212
6,131660,0,0.593,0.736,3,-6.289,1,0.0537,0.211,0.0,0.12,0.762,110.101,4,415.0,9,0,1.4419496364827746,0.0711518279043161
4,150147,0,0.337,0.394,11,-6.124,1,0.0384,0.828,0.000288,0.118,0.513,201.368,3,21703.0,43,3,-0.2902016823515208,-1.4952598294536301
16,301600,0,0.699,0.0431,5,-22.553,1,0.932,0.763,0.0,0.232,0.249,63.901,4,885.0,22,1,-3.6416903786221733,2.0516040814312135
45,207165,0,0.737,0.669,7,-8.664,1,0.202,0.25,0.0,0.0982,0.71,89.917,4,19631.0,44,0,1.0151247840878184,0.6100296599202375
20,128133,0,0.512,0.201,11,-20.016,1,0.0944,0.946,0.0,0.157,0.32,95.503,4,308.0,42,3,-3.018121473682401,0.09514192885765925
65,117385,1,0.845,0.581,6,-4.505,1,0.0472,0.0318,1.82e-05,0.113,0.626,113.352,5,1708353.0,74,0,1.7703373065632215,0.4950513600099175
45,266560,0,0.8,0.731,4,-4.031,0,0.251,0.204,0.0,0.278,0.709,140.053,4,338355.0,59,0,2.114888074562201,0.5253738053438819
44,66653,0,0.639,0.601,8,-11.559,1,0.0344,0.683,9.92e-06,0.367,0.757,140.271,4,11412.0,54,0,0.14372286752930313,0.8313982525938349
39,255693,0,0.331,0.877,2,-5.704,0,0.0498,0.000101,0.00236,0.117,0.406,123.11,4,42127.0,44,0,1.377716112060981,-1.657597944233966
38,66253,0,0.707,0.51,11,-9.249,1,0.957,0.655,0.0,0.329,0.603,71.383,3,613060.0,90,1,-0.7239936887646762,3.1373159066536873
36,293600,0,0.679,0.469,9,-13.875,0,0.0329,0.279,0.0,0.0516,0.625,125.887,4,21602.0,38,0,0.15302538638323304,-0.5077829238609979
57,288600,0,0.604,0.771,0,-6.591,0,0.0609,0.0876,0.0,0.716,0.7,94.161,4,596449.0,62,0,1.5148882311109126,0.6879386609311688
29,241360,0,0.582,0.579,10,-7.8,1,0.027,0.171,0.0222,0.0816,0.694,93.956,4,6937.0,40,0,0.848752911087952,-0.4093038301811917
36,158600,0,0.589,0.24,2,-15.014,1,0.0843,0.518,0.0,0.0895,0.448,125.61,4,85119.0,53,3,-1.3042608642316986,-0.22344210095601796
25,187640,0,0.709,0.768,9,-8.101,1,0.0339,0.1,0.0,0.156,0.82,129.449,4,1433.0,31,0,1.9099987892928763,0.14782995244499006
30,106933,0,0.685,0.538,7,-12.17,1,0.931,0.702,0.0,0.519,0.37,65.927,3,23593.0,71,1,-1.3927824947978682,3.0585118372365216
55,152129,1,0.605,0.591,1,-8.433,0,0.34,0.352,0.0,0.171,0.488,155.021,4,14295.0,58,0,0.5301921342764615,0.15197214600706
10,234467,0,0.247,0.332,3,-10.406,0,0.0303,0.868,1.18e-05,0.371,0.0487,132.156,4,55.0,8,3,-2.1064187730102653,-1.531352198340709
1,352258,0,0.809,0.68,11,-11.522,0,0.0606,7.96e-05,0.503,0.0434,0.5,124.001,4,5690.0,25,0,0.9069994373247335,-1.1278475205993987
2,170433,0,0.55,0.783,6,-12.015,0,0.394,0.276,0.000547,0.459,0.873,78.652,4,2084.0,21,0,0.5709514476931096,1.6553689115896566
8,229493,0,0.706,0.59,7,-12.406,1,0.535,0.545,4.99e-06,0.0468,0.786,135.028,4,1813.0,26,0,0.2623709161232326,0.975048431342983
37,71107,0,0.466,0.47,1,-13.92,1,0.919,0.713,0.0,0.397,0.339,170.722,4,613060.0,90,1,-1.4632900841289476,1.601122573286603
44,295093,0,0.606,0.859,0,-8.692,1,0.188,0.254,0.826,0.231,0.496,135.913,4,318737.0,56,2,0.6142000301961678,-1.3014883400980042
2,81215,0,0.307,0.106,9,-12.378,1,0.0289,0.973,8.63e-06,0.183,0.512,138.038,4,7387.0,33,3,-2.288752881860737,-0.5901797071021322
10,247493,0,0.903,0.515,7,-15.839,1,0.12,0.0185,0.000902,0.0918,0.608,105.001,4,17450.0,43,0,0.5423980418496233,0.5954561913017249
17,175636,0,0.576,0.111,7,-15.148,1,0.0363,0.803,1.52e-06,0.0886,0.522,79.934,4,8999.0,43,3,-2.1839642596833144,0.08879731955689057
11,231093,0,0.465,0.488,4,-9.322,0,0.0303,0.83,2.33e-06,0.111,0.242,155.225,4,7068.0,33,3,-0.8029638032521508,-1.4016746401416234
22,364480,0,0.611,0.502,4,-11.752,1,0.141,0.248,0.0,0.0704,0.969,98.047,4,42048.0,30,0,0.6498142423941854,-0.09426857648646574
54,231733,0,0.467,0.481,11,-10.17,1,0.0233,0.034,0.0102,0.106,0.328,80.043,4,108052.0,47,3,-0.18595559578332724,-0.9507740381529065
44,202293,0,0.786,0.966,9,-5.509,1,0.0926,0.103,0.0,0.137,0.968,141.118,4,13887.0,41,0,2.9991231744712046,0.41382090633420426
30,234960,0,0.431,0.74,9,-6.701,0,0.0356,0.415,0.0,0.173,0.305,144.742,3,654149.0,59,0,0.5542351878143746,-1.4006815113393063
15,228933,0,0.736,0.757,0,-11.772,1,0.0875,0.739,3.59e-06,0.322,0.761,92.616,4,986.0,18,0,0.33874029123724003,0.9204930454148754
44,248133,0,0.768,0.679,4,-5.384,1,0.0941,0.259,4.28e-05,0.302,0.836,149.836,4,4683.0,36,0,2.016267777428375,0.3502554932233625
40,207152,0,0.678,0.828,4,-4.75,0,0.031,0.0926,0.0,0.155,0.473,109.015,4,14907.0,39,0,1.7739753095599224,-0.3611227138609484
34,205915,0,0.488,0.461,8,-7.711,1,0.0409,0.39,1.36e-06,0.254,0.666,113.203,3,22204.0,47,0,0.1936908174123498,-0.2810909656649354
38,232840,0,0.514,0.929,7,-3.727,1,0.0903,0.000233,1.33e-05,0.14,0.541,123.97,4,1720.0,31,0,2.1453358274130947,-0.8582630214037156
29,285000,0,0.576,0.34,11,-14.028,1,0.0284,0.618,1.1e-05,0.12,0.209,96.008,4,947.0,21,3,-1.539760413079758,-0.8299706589274894
34,51610,0,0.744,0.491,2,-15.484,1,0.957,0.743,0.0,0.127,0.814,86.65,1,128057.0,82,1,-1.0773855866569988,3.214133747810173
5,135627,0,0.505,0.281,2,-11.926,1,0.0678,0.371,0.0,0.0588,0.612,169.398,4,219.0,6,3,-0.33240037328943145,-0.676877835452154
26,246253,0,0.654,0.67,2,-4.85,1,0.076,0.668,0.0,0.326,0.552,148.232,4,6927.0,31,0,0.9224149871074062,-0.18528538063265118
0,178040,0,0.733,0.373,7,-8.919,1,0.633,0.957,0.0,0.437,0.591,83.854,3,70.0,1,1,-1.1011945861738759,2.3177227794050874
12,233827,0,0.477,0.614,9,-3.761,0,0.0263,0.0114,1.15e-05,0.151,0.374,69.832,4,3415.0,28,0,0.8184005124285807,-0.8516337568243866
1,190267,0,0.646,0.444,9,-7.351,0,0.0364,0.947,0.0,0.0504,0.878,99.212,4,3027.0,23,3,-0.10751251094679973,0.29241189647475097
33,221853,0,0.82,0.41,5,-12.504,1,0.0453,0.192,0.0126,0.119,0.974,107.587,4,226260.0,63,0,0.7823552076179191,0.7582242823071536
17,212667,0,0.551,0.343,0,-17.836,0,0.033,0.317,0.0,0.255,0.368,145.06,4,12406.0,42,3,-1.0940812446252757,-0.5487459210405478
10,210704,0,0.642,0.848,10,-5.138,1,0.0589,0.0717,0.0,0.0963,0.794,124.09,4,335.0,24,0,2.2681420778683297,-0.23079161284965094
24,256067,0,0.705,0.992,7,-3.931,1,0.0982,0.44,1.91e-06,0.274,0.877,138.017,4,7212.0,31,0,2.5010161983855115,0.23833196862667488
33,57959,0,0.701,0.0711,5,-20.623,0,0.956,0.851,0.0,0.406,0.372,60.109,4,128057.0,82,1,-3.5534509602535667,3.4086431840853657
35,203964,0,0.654,0.843,1,-3.015,1,0.127,0.714,3.66e-06,0.63,0.868,89.905,4,7865082.0,89,0,1.3870360101573531,1.392631433300416
29,181173,0,0.743,0.824,6,-5.998,1,0.038,0.0607,0.0,0.299,0.925,143.995,4,11141.0,38,0,2.5699151977340464,0.49389246934256653
6,186040,0,0.668,0.141,11,-19.8,1,0.0811,0.95,0.000214,0.109,0.555,111.763,4,9841.0,38,3,-2.416319657234965,0.36262848457506164
46,230199,0,0.543,0.708,4,-7.401,0,0.0509,0.636,0.000706,0.492,0.638,101.671,4,11550.0,36,0,0.3988582959880079,0.3168768461668146
22,140272,0,0.683,0.772,7,-8.449,1,0.173,0.605,0.000193,0.167,0.922,94.769,4,94337.0,50,0,0.9637184687578231,1.0569219657860223
38,163000,0,0.475,0.553,0,-7.222,1,0.026,0.719,0.0,0.238,0.537,98.893,3,5139.0,28,3,-0.30542322184175985,-0.2237659274502297
47,213293,0,0.664,0.642,5,-6.626,0,0.0457,0.0141,6.13e-06,0.181,0.709,99.923,4,16600.0,49,0,1.4962793145852673,0.052382452257009576
28,102773,0,0.721,0.658,7,-10.14,1,0.95,0.382,0.0,0.429,0.633,82.356,3,23593.0,71,1,0.03767496978690619,3.115935794612651
22,186200,0,0.467,0.733,4,-12.317,1,0.0596,0.163,1.04e-06,0.255,0.862,154.371,4,3310.0,22,0,1.1078239949606272,-0.26969249040494897
13,208227,0,0.372,0.2,3,-10.727,0,0.0422,0.857,0.0118,0.112,0.316,109.338,4,580.0,13,3,-2.0095305218182644,-1.0668804272391985
19,183493,0,0.711,0.37,0,-13.432,1,0.952,0.773,0.0,0.154,0.454,133.142,4,6155.0,57,1,-1.3206039695929632,1.9133435208588399
57,385993,0,0.337,0.841,4,-6.043,0,0.0536,0.614,1.34e-05,0.819,0.198,74.705,4,484501.0,62,3,-0.1632963999741456,-0.5338279685447554
9,279665,0,0.496,0.684,4,-8.717,0,0.106,0.0194,0.0106,0.213,0.669,119.765,4,2559.0,12,0,1.1739320892894594,-0.5912411983284783
31,189733,0,0.69,0.726,0,-3.723,1,0.0691,0.42,0.0,0.397,0.639,135.986,4,35719.0,47,0,1.5555737240318754,0.32472814670416517
39,218138,0,0.5,0.482,2,-8.872,1,0.0334,0.474,0.0,0.293,0.547,146.076,4,35839.0,48,3,0.08630738404962184,-0.5789996316910233
33,289878,0,0.68,0.517,1,-8.456,1,0.0253,0.423,1.64e-05,0.383,0.319,113.876,4,64478.0,41,3,0.10008284872077546,-0.2725877135896621
38,182307,0,0.296,0.354,5,-13.343,1,0.0313,0.0503,0.0,0.107,0.535,177.537,3,14367.0,27,3,-0.2229703209155371,-1.5771919583663356
13,240533,0,0.839,0.825,9,-10.645,1,0.036,0.0538,0.16,0.102,0.943,124.275,4,1953.0,17,0,2.0905154480612866,0.2711040781089201
9,190373,0,0.587,0.711,2,-11.03,1,0.164,0.327,5.51e-06,0.199,0.934,136.197,3,396.0,24,0,1.1029193996383002,0.3811372384574858
0,199093,0,0.418,0.461,11,-5.883,0,0.0308,0.989,0.000418,0.282,0.564,105.42,4,464.0,9,3,-0.7428227560410928,-0.3749945896961562
34,108933,0,0.551,0.452,1,-11.712,1,0.423,0.311,1.43e-06,0.588,0.196,98.566,4,613060.0,90,1,-1.0209922484446106,1.2178313245727321
42,204400,0,0.588,0.961,11,-4.467,0,0.033,0.118,0.0971,0.14,0.828,135.055,4,957.0,32,0,2.4781280142028503,-0.4782064534802913
30,194760,0,0.504,0.246,4,-17.996,1,0.0441,0.919,0.0397,0.157,0.639,76.337,4,35765.0,44,3,-2.352550757562002,0.18048103229371867
12,144333,0,0.778,0.588,2,-9.727,1,0.0419,0.529,0.0,0.267,0.754,114.082,4,11906.0,34,0,0.6290611749253114,0.8778811406590524
7,191573,0,0.551,0.284,7,-13.381,0,0.0297,0.825,1.05e-06,0.165,0.656,103.043,4,161.0,8,3,-1.3550801653012707,0.04492211818819619
28,62867,0,0.601,0.727,5,-9.814,1,0.948,0.851,0.0,0.442,0.435,83.674,3,84951.0,73,1,-0.8935494711901384,2.8032985056226054
33,237747,0,0.789,0.817,8,-6.658,1,0.0314,0.0241,0.00618,0.341,0.879,127.0,4,283.0,19,0,2.470381540563617,0.5520723034278925
35,58709,0,0.61,0.351,8,-14.249,1,0.867,0.629,0.0,0.138,0.563,168.91,5,128057.0,82,1,-1.081658509154512,1.722355949705795
2,231547,0,0.443,0.703,0,-4.727,1,0.0378,0.054,0.0,0.121,0.48,141.813,4,169.0,1,0,1.406447153062695,-1.3360235661331485
35,76000,0,0.614,0.484,1,-9.331,1,0.912,0.634,0.0,0.511,0.771,60.185,3,613060.0,90,1,-0.7604434117790708,3.3870382918681767
37,208867,0,0.476,0.437,8,-9.329,1,0.0319,0.721,0.000816,0.681,0.389,91.754,4,6016.0,31,3,-1.0559191560369159,0.37048586094575664
31,143107,0,0.258,0.376,8,-9.83,1,0.0322,0.871,0.0242,0.0902,0.255,129.041,5,358093.0,63,3,-1.7265240660314223,-1.4674320410833304
14,258680,0,0.55,0.664,2,-5.342,1,0.0476,0.0143,0.0032,0.0646,0.677,117.963,4,208371.0,56,0,1.608617684377045,-0.8116200501069893
4,271827,0,0.492,0.386,8,-9.762,0,0.0425,0.968,0.848,0.15,0.892,143.214,4,463.0,11,2,-1.1085031329026207,-1.3299080554541929
39,224587,0,0.635,0.849,0,-3.035,1,0.0315,0.527,1.12e-05,0.135,0.791,148.896,4,40936.0,45,0,2.02358305964237,-0.4025034654681025
1,143428,0,0.621,0.442,11,-17.401,0,0.955,0.882,0.0,0.159,0.816,178.492,3,17413.0,55,1,-1.1224372153364435,2.0453455368951965
29,246493,0,0.515,0.207,11,-20.409,0,0.0363,0.683,1.15e-06,0.0711,0.293,83.017,4,8357.0,43,3,-2.6805161072404124,-0.5742000361642288
41,247282,0,0.566,0.89,9,-5.134,1,0.0464,0.0116,8.09e-05,0.176,0.654,118.209,4,654373.0,59,0,2.117927595253262,-0.5810181100844573
29,248707,0,0.656,0.477,4,-15.946,0,0.0469,0.197,2.31e-06,0.249,0.652,114.759,4,114906.0,58,0,-0.06543474536730381,0.11207046371638393
64,121764,1,0.843,0.682,4,-9.781,1,0.111,0.0314,0.00177,0.0875,0.945,152.998,4,10989.0,54,0,2.102965491944698,0.7634354488547254
37,1313971,0,0.323,0.109,11,-19.231,1,0.0444,0.951,0.935,0.11,0.0388,73.125,4,6806.0,30,2,-3.914910964637515,-5.785469975093181
1,168341,0,0.399,0.121,7,-14.553,1,0.0501,0.909,1.13e-06,0.111,0.313,171.825,5,4546.0,29,3,-2.229710693971577,-1.194533868728153
46,62136,0,0.557,0.523,7,-13.072,0,0.0825,0.202,0.817,0.106,0.37,193.251,4,6023.0,53,2,-0.47870957764296657,-1.545074426765813
29,330400,0,0.628,0.737,8,-8.602,1,0.046,0.417,0.000726,0.194,0.584,96.623,4,6954.0,30,0,0.7815721064888986,-0.4155400951115976
41,228573,0,0.709,0.816,11,-6.248,0,0.146,0.0454,0.0,0.117,0.551,122.207,4,836330.0,68,0,1.8641110821576181,-0.16115961880934807
29,170227,0,0.57,0.296,5,-6.159,1,0.0308,0.934,0.00674,0.111,0.634,111.88,4,2879.0,24,3,-0.685991016482127,-0.1534990849593564
1,150001,0,0.574,0.634,4,-13.315,1,0.0645,0.645,0.000202,0.844,0.887,127.234,4,818.0,21,0,0.05023245148060994,1.5941740200829695
16,192707,0,0.761,0.467,7,-13.29,1,0.0364,0.158,4.25e-06,0.195,0.796,99.146,4,18393.0,40,0,0.4747655881100632,0.6827711031334454
25,126145,0,0.478,0.96,9,-8.823,1,0.0416,5.13e-06,9.1e-06,0.198,0.966,125.554,4,9813.0,28,0,2.145498637022596,0.02733202587596692
34,192280,0,0.479,0.937,5,-5.437,1,0.0761,0.000331,0.000367,0.149,0.912,162.79,4,10982.0,41,0,2.6486972877718866,-0.6185140028876568
0,36703,0,0.248,0.198,0,-16.348,0,0.068,0.945,0.942,0.194,0.719,178.487,3,16379.0,40,2,-2.823614149831044,-1.4582298128030884
35,65387,0,0.51,0.534,5,-11.944,0,0.355,0.0275,0.0,0.341,0.571,156.02,4,613060.0,90,0,0.3612932966086753,0.6353639055981734
31,153667,0,0.434,0.745,7,-2.965,1,0.0388,0.603,0.0,0.262,0.858,179.653,4,34362.0,33,0,1.587782680539709,-0.5564414167773507
38,258800,0,0.556,0.769,9,-7.412,1,0.0638,0.0835,0.0,0.905,0.495,103.374,4,7724.0,34,0,1.0963292133260392,0.7127611942867144
40,160640,0,0.693,0.512,9,-6.565,0,0.0558,0.774,4.55e-06,0.0708,0.65,114.985,4,33197.0,46,0,0.2095282731541833,0.1350884453041711
34,348093,0,0.698,0.858,0,-6.597,1,0.0419,0.0944,0.000282,0.567,0.856,125.981,4,25162.0,37,0,2.3309196180046583,0.3730126061592057
36,225920,0,0.567,0.556,0,-5.695,1,0.0264,0.684,0.0,0.0734,0.395,133.933,4,192255.0,55,3,0.15798434358222396,-0.9673105024658706
27,253507,0,0.716,0.704,4,-3.938,0,0.0449,0.137,0.0,0.153,0.729,95.146,4,3059.0,29,0,1.8546148044549817,0.026562733261848458
39,471798,1,0.719,0.461,1,-12.471,1,0.303,0.311,0.0,0.0436,0.735,75.94,4,9105.0,33,0,0.12348593422334656,0.021608856392899504
32,330770,0,0.741,0.679,11,-10.757,0,0.0373,0.253,0.925,0.105,0.499,134.026,4,11913.0,38,2,0.23708799079013987,-1.6438411814168068
55,176000,0,0.568,0.488,11,-10.841,0,0.0873,0.678,0.0,0.0824,0.522,149.924,4,77630.0,61,3,-0.3059225072756451,-0.5007193655461796
19,306129,0,0.618,0.505,0,-7.198,1,0.0354,0.848,0.105,0.249,0.722,82.972,4,634720.0,67,3,-0.20917176997155482,-0.028116593361888577
29,236467,0,0.801,0.697,1,-6.982,0,0.0302,0.00865,0.0,0.0436,0.81,120.021,4,16073.0,37,0,2.1159538361682197,0.027003096056408354
60,194146,1,0.81,0.665,4,-7.674,0,0.298,0.311,0.0,0.0907,0.41,142.066,4,27837.0,60,0,1.0335487340376093,0.27760310086751244
3,171560,0,0.608,0.347,1,-15.774,1,0.949,0.954,0.0,0.564,0.545,62.017,4,106551.0,53,1,-2.428752547782671,3.153183808222382
36,89773,0,0.631,0.407,1,-12.522,1,0.914,0.197,0.0,0.188,0.799,81.866,3,613060.0,90,1,-0.4076070409702138,2.642759507867074
8,245733,0,0.456,0.403,7,-11.465,0,0.04,0.763,0.0,0.0769,0.75,81.681,4,1809.0,24,3,-0.9310365681354104,-0.3205992872768801
27,180333,0,0.837,0.578,5,-9.641,1,0.0374,0.248,0.0,0.149,0.874,126.02,4,1856.0,21,0,1.3740825649748436,0.6770678774358262
71,258413,0,0.532,0.874,9,-5.183,0,0.0482,0.00842,0.012,0.452,0.361,91.038,4,704600.0,62,0,1.4246032269868931,-0.37124902626074235
38,102632,0,0.612,0.144,11,-16.518,1,0.141,0.959,0.00425,0.192,0.349,78.905,4,2938.0,47,3,-2.75404778810631,0.6921475292889826
1,194220,0,0.623,0.211,5,-14.033,0,0.0549,0.996,0.499,0.27,0.358,113.187,4,1428.0,15,2,-2.4576027812605368,-0.4364890458686818
0,179240,0,0.611,0.32,8,-10.312,1,0.0703,0.993,0.732,0.199,0.629,106.222,4,21786.0,34,2,-1.7269008072136967,-0.46459920679322103
29,312346,0,0.78,0.932,7,-7.576,0,0.0688,0.173,0.079,0.283,0.896,147.112,4,6625.0,33,0,2.547821528684749,0.08970918583812044
59,242453,0,0.47,0.644,8,-6.721,1,0.0269,0.000405,0.293,0.134,0.521,75.597,4,10886.0,46,0,0.58628138282729,-1.043248751539495
24,80626,0,0.652,0.213,3,-19.022,1,0.952,0.818,0.0,0.178,0.674,90.883,4,516.0,41,1,-2.460485531532708,2.8708250894887337
11,166773,0,0.663,0.388,2,-13.158,0,0.0288,0.734,0.0,0.104,0.75,95.357,4,10903.0,31,3,-0.7258573082416767,0.444548253526053
27,249875,0,0.811,0.835,9,-5.545,0,0.0524,0.517,2.96e-05,0.277,0.969,139.971,4,56565.0,43,0,2.1992793339897556,0.610549799988708
53,169770,0,0.88,0.63,11,-4.616,0,0.117,0.0361,0.0,0.462,0.53,94.988,4,10607.0,54,0,1.6325859156556002,1.2090558691238822
0,197067,0,0.597,0.478,8,-11.99,0,0.0389,0.99,0.882,0.141,0.782,105.884,4,3027.0,23,2,-1.4530162905160722,-0.680843010182377
46,157026,0,0.619,0.142,7,-18.49,1,0.0503,0.992,0.942,0.109,0.733,147.909,3,1484.0,53,2,-2.7126784021631956,-0.7874587487213133
12,186200,0,0.369,0.639,0,-6.299,1,0.0317,0.482,0.637,0.342,0.484,108.574,4,4361.0,38,2,-0.3864195597203652,-1.2682438477248121
29,189640,0,0.782,0.943,5,-2.384,0,0.0563,0.279,0.0,0.0516,0.955,121.014,4,16168.0,39,0,2.893993498184017,0.3236251869284716
18,461787,0,0.819,0.776,11,-7.825,1,0.113,0.0354,0.929,0.0415,0.378,133.863,4,933.0,27,2,1.0798416857086925,-2.1148646879742263
15,295333,0,0.366,0.905,6,-6.493,0,0.056,0.00478,0.0306,0.127,0.335,151.46,4,74065.0,44,0,1.4979956227451343,-1.977842332141691
2,182114,0,0.634,0.367,0,-12.792,1,0.0861,0.773,7.47e-06,0.134,0.906,123.23,4,4365.0,24,3,-0.4685596549988774,0.48322939741314064
27,90000,0,0.584,0.485,11,-11.835,0,0.894,0.785,0.0,0.448,0.201,96.711,4,23593.0,71,1,-1.7650242581179272,2.2296729952264904
0,188735,0,0.424,0.218,4,-15.493,0,0.0482,0.994,0.00012,0.426,0.549,104.223,4,1428.0,15,3,-2.337147408978427,0.1886907083257939
17,341433,0,0.629,0.803,4,-8.634,0,0.0381,0.00581,0.155,0.106,0.487,105.041,4,64355.0,42,0,1.3161593916245427,-1.0743847116409497
22,228120,0,0.542,0.746,5,-3.971,0,0.0354,0.891,0.0,0.0741,0.916,174.929,3,20856.0,46,0,1.387303323582374,-0.6821768312926928
18,184867,0,0.444,0.209,4,-17.762,1,0.0251,0.26,1.01e-05,0.0758,0.277,70.349,4,16711.0,39,3,-2.0764691147134804,-0.6492552788224155
8,228000,0,0.31,0.265,7,-12.404,0,0.0295,0.847,0.0,0.168,0.206,89.69,4,6044.0,33,3,-2.3756212867271516,-1.172572705371029
53,185853,0,0.642,0.549,11,-8.303,0,0.0996,0.522,0.000116,0.0764,0.35,99.906,4,587428.0,63,3,-0.12141483849372357,-0.2676520102575461
57,93920,0,0.806,0.708,2,-8.684,1,0.147,0.436,0.0,0.124,0.891,92.038,4,22133.0,70,0,1.156022874289891,1.3548457619567973
57,222250,0,0.702,0.307,5,-10.683,1,0.0289,0.686,1.05e-05,0.0844,0.41,111.987,4,240934.0,50,3,-0.8249850983005894,-0.2720301006069176
0,238286,0,0.566,0.827,10,-5.738,0,0.0764,0.0443,0.886,0.0917,0.535,140.029,4,3386.0,35,2,1.1302450209675414,-1.8561240557898089
14,233613,0,0.528,0.615,11,-6.8,0,0.0301,0.42,2.01e-05,0.116,0.416,169.9,4,1852.0,25,0,0.7330553701516691,-1.2913767701832746
16,247133,0,0.586,0.396,9,-13.588,0,0.0416,0.57,2.52e-06,0.138,0.337,114.81,4,151827.0,45,3,-1.0293784117663973,-0.6202835708140723
24,146667,0,0.386,0.639,2,-8.015,1,0.0342,0.117,2.69e-06,0.371,0.711,178.121,4,9780.0,37,0,1.1973070280196256,-0.6393862497686215
0,156168,0,0.304,0.0432,0,-16.306,1,0.0421,0.971,0.00115,0.124,0.118,91.86,5,2506.0,40,3,-3.605801673683433,-0.9940569470104587
37,211960,0,0.311,0.636,2,-4.748,1,0.049,0.105,0.0,0.259,0.284,157.577,4,57379.0,41,0,0.7768265083379985,-1.6761416284367447
26,60707,0,0.717,0.406,11,-15.41,0,0.888,0.241,0.0,0.366,0.679,124.362,3,79023.0,76,1,-0.5438105577942084,2.8510165759571575
24,473933,0,0.482,0.558,11,-7.991,0,0.0314,0.85,0.513,0.0979,0.217,121.61,4,24850.0,36,2,-1.0108575548615342,-2.5577628788142492
22,60573,0,0.611,0.631,10,-7.801,1,0.948,0.787,0.0,0.737,0.713,87.942,3,84951.0,73,1,-0.441087700132405,3.638718438630317
40,277827,0,0.501,0.401,7,-13.425,1,0.0286,0.892,0.0127,0.111,0.402,110.72,4,339432.0,66,3,-1.5028077852468076,-0.8540096941279907
0,176714,0,0.673,0.369,1,-8.026,1,0.0377,0.994,0.0182,0.089,0.656,112.356,4,258.0,8,3,-0.6035343490991506,0.12638282393369937
34,187693,0,0.564,0.423,4,-14.266,1,0.0284,0.7,0.0,0.116,0.616,112.069,4,196614.0,56,3,-0.932818588733559,-0.13875827808485897
19,148627,0,0.7,0.139,9,-11.715,1,0.0668,0.97,5.75e-06,0.111,0.646,104.01,4,454706.0,52,3,-1.509363424478537,0.5521313994171879
6,315973,0,0.284,0.304,6,-15.271,1,0.0338,0.777,0.942,0.119,0.262,112.737,5,15571.0,34,2,-3.0050932488167583,-2.6729680943056433
36,59631,0,0.751,0.415,1,-14.808,0,0.939,0.628,0.0,0.121,0.543,95.522,4,79023.0,76,1,-1.2952083372926284,2.7241403506149493
14,295307,0,0.521,0.625,3,-5.915,1,0.0533,0.839,0.00068,0.138,0.762,95.891,4,1385393.0,70,0,0.2665457335540792,-0.38521779235759745
31,230107,0,0.419,0.514,5,-5.508,0,0.0278,0.686,2.08e-06,0.126,0.262,148.83,4,10871.0,34,3,-0.2441097763306885,-1.5411937832661893
36,69080,0,0.569,0.696,2,-10.286,1,0.943,0.59,0.0,0.296,0.489,93.567,4,613060.0,90,1,-0.5447663872507704,2.3652011147610863
17,183573,0,0.476,0.879,9,-4.142,1,0.0363,0.0461,0.00413,0.33,0.623,139.701,4,208371.0,56,0,2.0391606648743967,-0.5502434162168767
9,218547,0,0.308,0.326,2,-8.814,1,0.0329,0.993,1.75e-06,0.185,0.367,127.371,4,5999.0,26,3,-1.6257166947788777,-1.2298277087597982
12,168333,0,0.576,0.272,3,-11.686,1,0.0608,0.783,6.19e-06,0.0944,0.874,88.233,4,66.0,8,3,-0.9360527279912594,0.45642177491510977
40,247933,0,0.639,0.513,9,-11.454,0,0.0345,0.268,6.63e-06,0.333,0.629,168.12,4,653552.0,63,0,0.6624457843498822,-0.2991077447376805
10,130333,0,0.563,0.0897,5,-12.468,1,0.0376,0.761,0.0,0.384,0.505,149.042,4,4154.0,33,3,-1.5631116465044683,0.16290482666771175
34,201540,0,0.552,0.624,4,-8.024,1,0.0319,0.0533,0.000685,0.3,0.418,148.817,4,8301.0,38,0,0.989361069237866,-0.6865233594260794
11,162280,0,0.61,0.865,10,-7.155,1,0.0539,0.115,1.48e-06,0.0928,0.957,98.086,4,6240.0,31,0,2.0044806837970115,0.2735213821576245
20,192947,0,0.527,0.427,2,-14.818,0,0.0447,0.159,0.00019,0.0698,0.498,123.511,4,14134.0,36,3,-0.37804801235193003,-0.6503562980897835
61,182710,0,0.631,0.545,2,-9.175,0,0.0656,0.392,3.81e-06,0.117,0.408,155.098,4,77630.0,61,0,0.3811369178187282,-0.6263397748167121
0,175360,0,0.636,0.494,3,-4.959,1,0.0499,0.974,3.15e-06,0.145,0.604,112.027,4,127889.0,53,3,-0.10926335393411342,0.040523936555266225
29,97467,0,0.637,0.807,7,-11.494,0,0.886,0.851,0.0,0.863,0.661,111.643,4,23593.0,71,1,-0.354461087085638,3.522749574369317
14,172840,0,0.72,0.368,5,-12.579,1,0.043,0.91,0.835,0.176,0.574,109.826,4,54163.0,50,2,-1.6843094636370421,-0.436280063927348
1,152736,0,0.587,0.821,7,-10.184,1,0.0435,0.017,0.942,0.0911,0.205,110.035,4,6166.0,34,2,0.012068517165316971,-1.7401329705615727
19,233693,0,0.618,0.838,7,-7.944,1,0.0742,0.00532,0.00392,0.123,0.867,178.75,4,5167.0,40,0,2.459420908942331,-0.5603991410812691
23,261000,0,0.308,0.277,7,-12.53,0,0.0318,0.673,0.00131,0.0801,0.199,83.043,4,2279.0,30,3,-2.147136013729883,-1.4471987810903637
52,287507,0,0.665,0.292,9,-18.086,1,0.0294,0.686,0.0128,0.0679,0.345,112.331,4,274528.0,65,3,-1.7323745074337984,-0.5596531025444943
39,255240,0,0.681,0.371,4,-9.96,0,0.0368,0.783,0.0,0.105,0.488,132.882,4,1592.0,37,3,-0.5206275203935316,-0.4386231978534458
30,198013,0,0.613,0.656,5,-9.319,1,0.123,0.0598,0.0,0.0763,0.88,195.95,4,998.0,41,0,1.9193994139760617,-0.4839210324281294
32,102587,0,0.736,0.343,0,-12.55,1,0.919,0.554,0.0,0.347,0.727,118.791,3,23593.0,71,1,-0.7443934726106465,2.9090052520010294
45,395874,0,0.457,0.733,2,-7.389,1,0.0414,0.404,0.000121,0.553,0.8,80.894,3,27736.0,48,0,0.8211770352201097,-0.0845374192483198
34,66841,0,0.758,0.224,1,-19.753,1,0.939,0.727,0.0,0.142,0.629,81.799,3,128057.0,82,1,-2.331081913458425,3.105264881079063
40,222857,1,0.728,0.742,5,-6.345,0,0.121,0.607,0.0,0.0777,0.108,140.076,4,96139.0,53,0,0.49040894274844266,-0.7483311570240886
0,205846,0,0.457,0.495,7,-10.439,1,0.1,0.803,4.74e-05,0.126,0.628,69.037,4,3056.0,27,3,-0.9746403138023821,-0.044819468719686575
44,176947,0,0.413,0.499,7,-10.706,1,0.106,0.357,0.000254,0.0975,0.264,88.744,3,5340.0,35,3,-0.8243463014884058,-0.793796114870693
32,185000,1,0.415,0.804,4,-3.391,0,0.259,0.00462,0.0,0.184,0.351,87.462,4,25804.0,43,0,1.1345742154301977,-0.4837656024532525
28,100373,0,0.692,0.579,5,-9.695,1,0.892,0.481,0.0,0.412,0.59,102.206,4,23593.0,71,1,-0.1786031663091286,2.7193759076662367
23,291067,0,0.49,0.467,10,-9.249,1,0.0319,0.433,0.0,0.0267,0.653,158.154,4,177945.0,46,0,0.3553655878485432,-1.3015716795219103
26,220707,0,0.802,0.636,11,-12.088,0,0.0332,0.131,1.06e-06,0.175,0.964,115.097,4,124.0,15,0,1.4285045966047483,0.6956645656328224
40,277907,0,0.625,0.679,7,-14.353,1,0.0359,0.00388,0.11,0.125,0.417,131.097,4,15524.0,29,0,0.5125372417999621,-0.9385785840096463
54,165998,0,0.557,0.0921,5,-19.564,0,0.0379,0.992,0.152,0.113,0.336,147.693,4,19928.0,44,3,-2.913894848415337,-0.624639870990012
40,305240,0,0.648,0.535,0,-10.483,1,0.0362,0.025,0.775,0.122,0.374,142.035,4,28425.0,44,2,0.09401985358477012,-1.8730652977361582
45,100277,0,0.567,0.633,11,-16.763,0,0.0738,0.907,0.0233,0.109,0.279,139.982,4,2124.0,52,3,-1.3609868051162706,-0.311356739795707
38,217780,0,0.31,0.788,7,-7.089,0,0.0645,0.204,0.0,0.19,0.324,101.755,3,25608.0,26,0,0.4358707629507136,-1.2768766691536315
39,232267,0,0.775,0.381,7,-11.317,1,0.0388,0.114,0.0,0.495,0.496,141.512,4,464746.0,62,0,0.43263960083338704,0.4178782407846015
24,291667,0,0.573,0.291,4,-13.978,1,0.0331,0.519,0.0,0.183,0.299,72.023,4,17446.0,40,3,-1.5549996403310886,-0.4701631918623143
40,227413,0,0.749,0.652,1,-5.979,0,0.0451,0.265,0.0,0.143,0.66,97.968,4,1365.0,27,0,1.316194743448637,0.15564209853647806
34,61094,0,0.711,0.365,5,-13.604,0,0.942,0.735,0.0,0.753,0.57,132.721,5,128057.0,82,1,-1.300943714766004,3.5443885900460446
31,188867,0,0.485,0.415,4,-11.282,1,0.0277,0.689,0.0,0.174,0.506,150.912,4,291411.0,59,3,-0.656604242030588,-0.7271434386726368
23,180280,0,0.652,0.548,6,-8.477,1,0.0333,0.169,0.013,0.04,0.975,132.443,4,1198.0,27,0,1.4155211546219035,0.008249296902012785
34,161480,0,0.425,0.555,1,-7.658,0,0.0492,0.652,1.27e-05,0.0686,0.408,139.961,4,14014.0,40,3,-0.2297503518174177,-1.0760870889994807
27,227707,0,0.846,0.611,10,-7.963,1,0.0918,0.0129,7.54e-05,0.191,0.889,98.519,4,73191.0,51,0,1.8027262204041081,0.8557603915888368
4,52168,0,0.738,0.134,10,-15.57,0,0.934,0.976,0.0,0.157,0.702,85.283,1,674.0,6,1,-2.365264592817224,3.1640891563022735
36,189360,0,0.526,0.142,10,-18.231,1,0.0318,0.862,2.38e-06,0.109,0.434,112.487,4,744.0,43,3,-2.4929293346677173,-0.3305680727134648
25,59436,0,0.723,0.521,1,-14.928,1,0.958,0.317,0.0,0.329,0.712,70.179,4,79023.0,76,1,-0.6645820374801648,3.383616651238687
56,258867,0,0.265,0.707,7,-6.217,1,0.0341,0.000128,0.549,0.239,0.508,170.002,4,666680.0,61,0,0.8268649710083522,-2.418507129993419
36,274787,0,0.33,0.479,10,-7.168,0,0.0468,0.664,9.19e-05,0.317,0.452,172.035,4,5223.0,37,3,-0.21096846705312702,-1.4397440398091
0,211144,0,0.214,0.0143,0,-21.151,0,0.0428,0.909,0.0805,0.0944,0.0689,173.734,5,2506.0,40,3,-3.7922464299806777,-2.1212647882049205
48,235533,0,0.698,0.901,7,-3.092,1,0.0481,0.502,2.97e-06,0.215,0.88,103.029,4,148792.0,55,0,2.0816616889696506,0.3409627864213045
2,99227,0,0.777,0.0577,0,-16.605,1,0.171,0.97,5.79e-06,0.232,0.477,124.515,4,85.0,8,3,-2.2567393070030977,1.112129124723071
35,186360,0,0.484,0.313,7,-9.674,0,0.0304,0.739,0.0,0.0993,0.393,120.045,4,86871.0,53,3,-1.1309857514347876,-0.7786771534251635
23,282988,0,0.251,0.372,1,-13.535,1,0.0331,0.418,0.0,0.061,0.292,84.83,4,34245.0,39,3,-1.6287918220631405,-1.648663745269432
14,171000,0,0.461,0.862,4,-10.734,0,0.0352,1.48e-05,0.025,0.124,0.646,93.453,4,110940.0,47,0,1.092719949066636,-0.45499445562110447
7,170827,0,0.683,0.183,7,-9.379,1,0.0441,0.86,0.0,0.0914,0.534,89.202,4,1891.0,20,3,-1.262540688712611,0.24084186677037211
28,266027,0,0.563,0.365,1,-11.718,0,0.0345,0.504,0.0209,0.166,0.229,122.084,4,119664.0,58,3,-0.9529279592160154,-0.9678167402806371
4,185853,0,0.565,0.834,4,-6.899,1,0.0438,0.105,1.22e-05,0.709,0.881,123.644,4,427.0,6,0,1.9070022950731598,0.8979852375729495
52,179640,0,0.486,0.527,0,-8.272,1,0.027,0.265,1.26e-05,0.158,0.534,133.993,4,274528.0,65,0,0.4128883149346292,-0.7397180353140943
37,256250,0,0.665,0.327,0,-12.437,1,0.0279,0.045,0.0,0.597,0.237,127.115,4,4381.0,34,3,-0.3157348095743075,0.011227643770588621
24,286013,0,0.339,0.264,7,-15.996,1,0.0319,0.663,0.00613,0.117,0.204,134.224,4,20404.0,40,3,-2.1251656662330998,-1.6845691571707706
10,72707,0,0.515,0.973,8,-5.685,0,0.0421,2.06e-06,0.881,0.0957,0.434,131.996,4,77324.0,48,2,1.164274670145841,-1.5771205091880107
0,100989,0,0.313,0.283,6,-12.554,1,0.086,0.82,0.0564,0.158,0.387,171.824,3,2506.0,40,3,-1.6922934971640085,-1.07549924000002
23,377333,0,0.494,0.703,0,-7.246,1,0.0481,0.000201,0.0528,0.0999,0.546,126.014,4,13207.0,39,0,1.3401307912841922,-1.5337270341784839
17,340973,0,0.691,0.529,0,-10.503,1,0.0266,0.28,0.000118,0.115,0.551,97.025,4,4365.0,24,0,0.3953633943788701,-0.489716550469049
36,96880,0,0.621,0.718,1,-12.137,1,0.935,0.778,0.0,0.872,0.477,90.857,3,23593.0,71,1,-0.9465144478829947,3.5311736073406763
36,96120,0,0.68,0.286,0,-18.734,0,0.896,0.462,0.0,0.647,0.724,56.035,4,613060.0,90,1,-1.91778685408138,3.851321267165752
6,267713,0,0.689,0.616,5,-11.626,1,0.0322,0.0114,0.00323,0.0817,0.324,122.246,4,3180.0,24,0,0.6534376812895044,-0.8101527008780531
30,61993,0,0.634,0.493,0,-15.177,1,0.921,0.804,0.0,0.3,0.203,114.439,5,79023.0,76,1,-1.9313537378128507,2.1874717077090424
11,322653,0,0.391,0.494,1,-16.829,1,0.0426,0.984,0.919,0.147,0.72,113.377,4,63.0,2,2,-2.226262896989609,-1.6986256552155061
27,58613,0,0.645,0.641,7,-10.691,1,0.935,0.665,0.0,0.831,0.174,97.347,3,84951.0,73,1,-1.1538736124755329,3.1787542968650597
7,134786,0,0.689,0.256,6,-12.154,0,0.0689,0.826,0.011,0.115,0.191,132.478,3,275.0,14,3,-1.5499180516177267,-0.23144977959185212
2,201987,0,0.602,0.681,4,-5.188,0,0.0456,0.183,0.0,0.137,0.527,81.898,4,66867.0,47,0,1.040769506935732,-0.23726004361057065
33,209533,0,0.667,0.871,5,-4.917,1,0.0521,0.0632,2.99e-05,0.238,0.558,125.056,4,7889.0,28,0,2.07290260861512,-0.2218065652237351
32,265427,0,0.617,0.672,5,-7.817,1,0.0302,0.0855,0.000125,0.052,0.931,135.518,4,38949.0,48,0,1.8472844197196776,-0.4637576396792093
44,224906,0,0.724,0.926,4,-4.683,0,0.0552,0.0419,8.62e-06,0.554,0.684,94.993,4,751824.0,54,0,2.2822398442726373,0.8194839372130381
11,217760,0,0.622,0.661,2,-8.82,0,0.0526,0.478,0.0,0.151,0.582,134.054,4,9147.0,27,0,0.6633080451135823,-0.3633543266174824
38,278107,0,0.551,0.524,9,-6.52,1,0.029,0.135,0.0,0.0874,0.144,78.874,4,10752.0,58,3,0.07317751143360077,-1.1726884810827807
11,231280,0,0.852,0.966,9,-4.864,1,0.0553,0.0563,1.21e-05,0.0346,0.857,110.165,4,17547.0,32,0,2.9393719873238453,0.28759784338403577
13,192493,0,0.58,0.306,0,-15.47,1,0.0398,0.796,0.0,0.14,0.493,78.066,4,6720.0,34,3,-1.8120989927165492,0.10967396190557657
2,152067,0,0.332,0.406,3,-6.977,1,0.03,0.536,0.0361,0.172,0.196,97.602,5,127889.0,53,3,-1.0787676400943498,-1.1566895228024476
68,192107,0,0.677,0.682,9,-6.879,1,0.0361,0.0405,0.0,0.0351,0.875,106.279,4,66922.0,58,0,1.8141420403169852,0.036658734220542055
23,264427,0,0.245,0.595,9,-8.001,1,0.0415,0.155,1.5e-05,0.263,0.574,153.133,4,6510.0,28,0,0.5651930567428392,-1.5632437285899468
46,186000,0,0.743,0.758,8,-6.339,1,0.0551,0.00487,9.97e-06,0.121,0.357,110.034,4,470986.0,64,0,1.5122255703454508,-0.2629427456455396
40,183867,0,0.694,0.926,10,-4.704,0,0.0323,0.0269,0.000202,0.237,0.979,130.026,4,18317.0,44,0,2.892026992592505,0.35534900197591784
31,304373,0,0.535,0.418,0,-10.558,1,0.0285,0.29,0.0,0.211,0.29,136.091,4,21395.0,35,3,-0.25594067497364137,-1.1862236951918073
14,160550,0,0.766,0.386,0,-13.281,0,0.0537,0.431,1.67e-06,0.0924,0.832,132.49,3,6436.0,23,0,0.1749807415761822,0.5261762232171385
0,185962,0,0.582,0.548,6,-8.311,0,0.0472,0.927,0.538,0.185,0.705,116.863,4,293.0,9,2,-0.6241591353463273,-0.49396730338902956
17,175867,0,0.407,0.241,8,-11.748,1,0.03,0.629,0.0,0.155,0.234,97.853,5,24479.0,44,3,-1.8479184615468125,-0.8536199310997621
49,156307,0,0.441,0.901,5,-8.64,1,0.0442,0.158,0.00483,0.132,0.786,183.322,4,187575.0,60,0,1.913984143482482,-0.8956375475746016
0,163328,0,0.57,0.518,9,-8.483,0,0.0563,0.687,0.0,0.114,0.726,162.213,3,5599.0,23,0,0.34594427405230693,-0.34814453515565985
51,214720,0,0.572,0.797,0,-4.181,1,0.0497,0.0949,0.0,0.259,0.598,135.76,4,206143.0,66,0,1.9092443483895158,-0.4847178596342423
39,216267,0,0.657,0.896,9,-6.602,1,0.0638,0.296,0.0,0.0987,0.827,149.205,4,60143.0,52,0,2.147748849142073,-0.25862428399724074
31,320027,0,0.517,0.233,7,-17.28,1,0.0381,0.437,0.00779,0.0845,0.205,62.356,4,21602.0,38,3,-2.167967771458191,-0.8816036690346478
34,335787,0,0.628,0.863,0,-7.521,1,0.0401,0.0522,0.0,0.54,0.46,119.089,4,15120.0,37,0,1.6193603582938148,-0.2486152142350697
0,546000,0,0.628,0.945,7,-9.029,1,0.0461,0.000656,0.895,0.118,0.127,128.007,4,107.0,4,2,0.8043714736708644,-3.12738887805018
12,209107,0,0.567,0.163,2,-17.441,1,0.0377,0.759,0.00042,0.102,0.103,74.061,4,2261.0,21,3,-2.8309364199077236,-0.46024362065786684
29,975667,0,0.409,0.715,6,-17.902,0,0.0477,0.000197,0.785,0.783,0.405,135.24,1,1621667.0,68,2,-0.2820257045676838,-3.3268965444419507
34,200067,0,0.495,0.296,1,-10.28,0,0.0253,0.75,0.000467,0.166,0.309,92.995,3,224848.0,52,3,-1.5123268617135492,-0.5745668828363878
29,225698,0,0.683,0.856,6,-4.897,0,0.0468,0.00463,1.21e-06,0.116,0.708,137.064,4,654373.0,59,0,2.4525000859019004,-0.38560453108330733
8,194813,0,0.441,0.633,5,-5.357,0,0.031,0.233,0.0534,0.108,0.639,112.148,4,4361.0,38,0,0.891474288795331,-0.8375139391051023
31,272027,0,0.736,0.559,10,-7.308,1,0.066,0.0936,9.02e-06,0.0711,0.783,148.098,4,3030.0,37,0,1.7009433981784947,-0.3373127168688677
14,198333,0,0.241,0.3,10,-14.186,1,0.0349,0.803,1.1e-06,0.23,0.381,169.286,3,601.0,17,3,-1.8176465060172573,-1.4698271007044135
46,306885,0,0.823,0.525,1,-11.466,1,0.0592,0.0436,0.0424,0.611,0.555,122.025,4,48030.0,59,0,0.8574165189135216,0.6892062094876786
2,136943,0,0.722,0.318,9,-12.742,1,0.145,0.929,0.00012,0.106,0.638,111.326,4,1344.0,14,3,-1.127807990768214,0.7364649747055464
44,208309,0,0.881,0.911,2,-7.327,0,0.0372,0.113,0.0,0.0447,0.964,119.701,4,4737.0,40,0,2.725597357160825,0.5533737915759996
45,209537,0,0.441,0.473,0,-9.789,0,0.0447,0.748,0.000195,0.437,0.402,103.473,4,3340685.0,68,3,-0.9970083125313184,-0.19919826331192325
12,713307,0,0.504,0.733,7,-14.004,1,0.557,0.889,0.0,0.0679,0.456,128.683,3,9607.0,33,3,-0.5527704386414849,-1.3648794808511409
9,200067,0,0.782,0.396,3,-14.232,1,0.038,0.563,0.0126,0.311,0.474,123.938,3,1394.0,34,3,-0.5899752841961836,0.46121987093876043
10,238040,0,0.649,0.761,7,-8.867,1,0.0494,0.242,0.00472,0.285,0.821,130.975,4,5187.0,22,0,1.5398712850519618,0.1241503084267549
37,241232,0,0.331,0.796,5,-5.44,1,0.0367,0.000545,0.000319,0.378,0.437,155.449,4,64159.0,43,0,1.436988441359302,-1.3522311349811322
32,289467,0,0.662,0.605,1,-9.475,1,0.0566,0.0552,0.0,0.418,0.545,151.946,4,22705.0,49,0,1.193590590899616,-0.26302911664836004
34,196292,0,0.641,0.701,5,-6.576,1,0.0314,0.776,0.0,0.143,0.806,115.453,4,2862.0,33,0,0.7784311720122239,0.1318661623031923
2,130920,0,0.589,0.316,0,-11.064,0,0.0418,0.143,0.0,0.148,0.675,89.569,4,245.0,3,3,-0.15102563231225113,0.25203250274053507
19,416467,0,0.198,0.226,7,-13.175,1,0.0302,0.715,1.47e-06,0.671,0.076,99.668,4,41250.0,36,3,-2.5914611938568144,-1.426689249098459
3,86320,0,0.395,0.343,9,-16.261,1,0.0335,0.635,0.00567,0.163,0.901,97.994,4,672.0,13,3,-1.2974671635874373,0.33923262568799184
25,217567,0,0.595,0.711,5,-5.34,1,0.0302,0.372,7.64e-06,0.165,0.679,109.846,4,23168.0,39,0,1.2162133435432125,-0.2608787235795677
51,337187,0,0.883,0.335,6,-10.081,0,0.195,0.00209,8.67e-05,0.24,0.58,130.893,4,13358.0,41,0,0.862253717315735,0.33669116833017454
44,150330,0,0.691,0.581,8,-7.955,1,0.143,0.0167,0.0,0.296,0.641,91.011,4,1530.0,32,0,1.0157555114226386,0.7655532356820227
54,290064,0,0.46,0.282,10,-8.714,1,0.0411,0.868,0.0,0.0776,0.345,137.086,4,219141.0,50,3,-1.2040233437933279,-1.380132734069899
31,71549,0,0.648,0.251,0,-19.299,1,0.902,0.676,0.0,0.36,0.685,88.543,5,79023.0,76,1,-2.22361817135453,3.1188958029233302
11,146240,0,0.633,0.565,0,-11.433,1,0.0583,0.85,0.0,0.118,0.888,108.043,4,1045.0,14,3,-0.12359039296014082,0.5764070780022218
16,313040,0,0.404,0.336,4,-14.184,0,0.0281,0.129,7.48e-06,0.1,0.378,139.107,3,19561.0,34,3,-0.6497229623369355,-1.6320590879658947
41,196360,0,0.521,0.52,2,-7.437,1,0.0276,0.732,0.0,0.243,0.429,137.786,4,63857.0,49,3,-0.21542994868834933,-0.6099598600329328
54,258467,0,0.557,0.295,5,-12.706,1,0.0355,0.885,0.00201,0.111,0.133,76.061,4,19587.0,44,3,-2.1518495905296793,-0.7011987302380891
27,72000,0,0.658,0.514,8,-7.26,1,0.281,0.699,1.57e-06,0.463,0.7,82.113,3,84951.0,73,1,-0.16688465731414462,1.8306384751893905
6,181280,0,0.566,0.501,9,-6.574,1,0.0469,0.765,0.0,0.193,0.547,144.655,4,5881.0,20,3,0.04728993819945133,-0.4059194759363227
13,279360,0,0.618,0.463,5,-7.668,1,0.0284,0.338,0.91,0.13,0.172,116.565,4,5393.0,29,2,-0.8100024742619051,-2.047844197956024
17,291640,0,0.614,0.658,8,-7.656,1,0.0314,0.55,0.0,0.0736,0.343,117.989,4,32019.0,34,0,0.3135829679966962,-1.0039006857845196
30,195400,0,0.54,0.565,8,-12.7,1,0.0421,0.596,0.0,0.168,0.694,117.336,4,12808.0,40,3,-0.2199575367788048,-0.11614457982867374
9,143667,0,0.5,0.598,11,-10.854,0,0.0422,0.299,0.00015,0.257,0.514,144.086,4,814.0,22,0,0.2764372659251031,-0.4107634976120099
56,125333,0,0.783,0.485,5,-7.556,1,0.0355,0.701,0.0,0.238,0.546,109.999,4,28832.0,59,0,0.08745977251368982,0.6679969731162085
49,178345,0,0.822,0.51,6,-7.074,0,0.0624,0.554,0.0,0.11,0.316,109.957,4,28709.0,52,0,0.19392642148977646,0.08279396043327104
3,181116,0,0.6,0.32,5,-18.752,0,0.901,0.864,0.0,0.134,0.444,106.317,3,950.0,14,1,-2.4503257351205416,1.8079433588111116
41,279344,0,0.604,0.527,0,-7.905,1,0.0294,0.654,0.00144,0.189,0.502,121.949,4,45513.0,48,3,0.047946958646452466,-0.5750815707046266
5,382840,0,0.427,0.233,9,-18.026,0,0.0299,0.698,0.00156,0.0681,0.164,80.993,3,41938.0,42,3,-2.631130146752859,-1.4790586249632784
10,194107,0,0.627,0.33,7,-17.135,1,0.0324,0.461,0.00144,0.135,0.501,104.829,4,28086.0,41,3,-1.206742026124047,-0.03177135532944794
20,1328827,0,0.553,0.771,7,-4.905,1,0.0489,0.318,0.0,0.261,0.596,133.922,4,66979.0,49,0,2.1614732731316555,-4.227782828742103
31,459459,0,0.549,0.865,1,-3.052,1,0.061,0.732,0.0,0.294,0.828,101.898,4,8285.0,42,0,1.5034602019426464,-0.6347303352298217
31,231749,0,0.56,0.466,0,-6.465,0,0.0385,0.865,0.0,0.113,0.324,122.199,4,2149.0,27,3,-0.5591889404116197,-0.8421759342418615
34,186493,0,0.238,0.99,10,-5.497,1,0.0874,0.00193,0.163,0.0905,0.225,98.335,4,22717.0,37,0,0.9106255448046118,-1.8608207727701855
15,243149,0,0.847,0.855,5,-4.728,1,0.246,0.0765,0.0,0.0416,0.587,91.951,4,46256.0,40,0,2.1172717427892147,0.45884890374152
19,152053,0,0.608,0.246,4,-11.967,0,0.0519,0.724,0.0,0.234,0.585,117.725,4,4875.0,34,3,-1.1066640930176477,0.25619976566892194
0,188827,0,0.707,0.369,1,-9.772,1,0.856,0.949,0.0,0.886,0.595,81.0,3,70.0,1,1,-1.3922722754674268,3.543451989581048
0,157262,0,0.598,0.454,9,-10.09,1,0.364,0.966,0.372,0.625,0.748,93.667,4,760.0,3,1,-1.220986655826012,1.5648824847954919
0,102493,0,0.598,0.188,3,-19.806,1,0.479,0.929,0.0,0.123,0.621,131.554,4,8007.0,34,3,-2.4142951230330523,1.248612185654336
39,264507,0,0.527,0.429,9,-7.789,0,0.0372,0.28,0.0,0.262,0.221,103.359,4,42960.0,45,3,-0.28397551690528955,-0.8673851642444121
21,211067,0,0.392,0.114,5,-20.046,1,0.0425,0.871,0.0,0.123,0.201,99.858,4,69.0,40,3,-3.3548641797482466,-0.8583328423548716
13,95086,0,0.669,0.466,5,-9.458,1,0.0612,0.649,0.0,0.301,0.824,142.772,4,4888.0,46,0,0.27425209555492946,0.7726280546441733
36,313992,0,0.39,0.702,0,-3.846,1,0.0295,0.0892,0.000169,0.0968,0.228,146.365,4,2767.0,26,0,1.1183180385745881,-2.1685409234603825
11,315467,0,0.501,0.316,5,-14.298,1,0.063,0.944,0.0279,0.111,0.631,142.218,4,1385393.0,70,3,-1.3511009703305918,-0.8362655909803287
33,275133,0,0.425,0.869,2,-5.655,1,0.0739,0.468,1.68e-05,0.154,0.77,178.842,4,12523.0,39,0,1.7154586817661464,-1.2051974090156894
5,125453,0,0.354,0.686,6,-15.651,0,0.041,0.000175,0.836,0.165,0.488,137.396,4,1240.0,17,2,-0.6005124388369767,-1.745764626442574
30,90378,0,0.725,0.273,1,-16.809,1,0.927,0.689,0.0,0.371,0.596,124.039,4,128057.0,82,1,-1.6982729416341429,2.9100284845272677
15,238667,0,0.552,0.841,9,-8.554,1,0.0368,0.0527,0.0,0.578,0.795,119.97,4,17158.0,43,0,1.7200098268002442,0.37303764770614906
24,255427,0,0.463,0.965,10,-4.162,0,0.0517,0.0292,1.27e-06,0.347,0.66,158.238,4,43161.0,45,0,2.442165220362156,-0.8609935019248559
26,192213,0,0.641,0.864,8,-3.005,0,0.0899,0.252,9e-06,0.118,0.902,180.062,4,99155.0,40,0,2.750637873435824,-0.34458166224284537
9,239086,0,0.556,0.755,9,-3.927,0,0.0645,0.808,0.0478,0.307,0.803,112.13,4,2573.0,29,0,0.9193618380134874,0.051876579550143215
35,164707,0,0.582,0.229,0,-15.007,1,0.0544,0.86,4.53e-06,0.229,0.389,104.884,4,22923.0,53,3,-2.0218484133943866,0.09150386607242024
5,153653,0,0.623,0.729,4,-5.935,0,0.042,0.676,0.0,0.346,0.836,133.715,4,2980.0,22,0,1.1138219404186722,0.4871227078535459
60,195404,0,0.683,0.346,0,-9.475,1,0.0785,0.682,0.0,0.278,0.457,129.682,4,354420.0,67,3,-0.5266061775930753,0.12661571062289223
28,286320,0,0.293,0.846,1,-7.205,1,0.0582,0.157,0.0,0.0664,0.142,116.069,4,7100.0,30,0,0.5066774835817776,-2.134907433039258
47,190573,0,0.563,0.565,9,-8.308,0,0.0694,0.523,0.00523,0.466,0.838,134.871,4,90777.0,38,0,0.6168679152502297,0.4976093233600537
36,230373,0,0.379,0.623,9,-5.341,1,0.042,0.0439,0.0,0.257,0.349,153.312,4,9856.0,33,0,0.9547290611151595,-1.4691685247554789
2,61440,0,0.802,0.181,1,-18.312,0,0.942,0.833,0.0,0.228,0.84,45.635,4,74.0,6,1,-2.323307151286581,3.9243486011451565
29,203926,0,0.624,0.945,4,-3.319,1,0.118,0.482,1.38e-06,0.0996,0.702,99.959,4,46079.0,36,0,1.7720131021250165,-0.010572635660585198
2,116827,0,0.651,0.322,10,-12.491,1,0.0447,0.502,0.0,0.222,0.92,107.977,4,12184.0,34,3,-0.2547407612019465,0.8849654497970224
19,215133,0,0.463,0.932,6,-5.654,0,0.113,0.162,8.96e-05,0.884,0.546,114.782,4,3059.0,24,0,1.4770320222511357,0.6293495596277973
7,151627,0,0.584,0.342,7,-12.843,1,0.0832,0.74,0.00109,0.0954,0.714,142.59,4,968.0,25,3,-0.7091621691629284,-0.0037520824589187926
35,81800,0,0.567,0.509,0,-14.224,0,0.68,0.317,0.0,0.504,0.578,80.974,4,613060.0,90,1,-0.8645446482475173,2.3817113688323417
43,251653,0,0.764,0.427,9,-13.601,0,0.0349,0.00939,0.0247,0.0481,0.93,103.51,4,12262.0,45,0,0.8061061875037964,0.29990768786149036
80,214253,0,0.738,0.89,2,-2.275,0,0.0748,0.0895,1.89e-06,0.213,0.75,114.942,4,3820336.0,80,0,2.6523801514171956,0.20887981517320925
22,247787,0,0.493,0.64,8,-4.306,1,0.0322,0.151,0.00105,0.113,0.441,98.435,4,11192.0,28,0,0.9386142947996241,-0.9993916974422653
37,377649,0,0.472,0.973,11,-6.115,0,0.16,0.0904,0.0,0.949,0.445,148.229,4,4966.0,24,0,1.7950420605767055,-0.05972636507871346
32,201233,0,0.782,0.606,9,-11.764,1,0.0429,0.593,0.0,0.206,0.627,124.063,4,3690.0,21,0,0.3192416152093955,0.41319120495847417
7,187347,0,0.312,0.333,9,-13.251,0,0.0374,0.747,0.0415,0.774,0.503,178.535,3,438.0,12,3,-1.3463078967272046,-0.24287751834543475
13,115080,0,0.37,0.926,2,-6.19,0,0.05,0.00236,1.33e-05,0.0829,0.655,188.451,4,3180.0,24,0,2.1618317894021244,-1.3028531453994567
75,195268,1,0.6,0.723,6,-4.928,0,0.158,0.109,0.0,0.167,0.463,149.881,4,1624015.0,90,0,1.5565422629540135,-0.5309201787563196
4,167027,0,0.62,0.176,0,-18.077,1,0.0429,0.876,0.00701,0.125,0.73,129.834,3,2208.0,28,3,-1.7915663773863164,0.27031592142400596
28,255587,0,0.692,0.518,11,-11.489,1,0.0371,0.0223,5.05e-05,0.0832,0.842,92.347,4,450319.0,62,0,0.9218352144498684,0.11769550702532032
59,277316,0,0.593,0.288,4,-12.121,0,0.038,0.866,0.0,0.0866,0.447,128.302,4,126079.0,49,3,-1.253905104465062,-0.71978633256535
35,117827,0,0.686,0.346,11,-12.199,0,0.891,0.356,0.0,0.469,0.705,82.423,1,613060.0,90,1,-0.7681015746884846,3.0747965747847825
32,61736,0,0.648,0.103,2,-17.845,1,0.934,0.844,0.0,0.176,0.497,159.311,4,128057.0,82,1,-2.423524592673134,2.1577783729009723
48,222119,0,0.59,0.832,11,-3.327,1,0.0365,0.56,0.0,0.155,0.174,123.937,4,3820336.0,80,0,0.8538147213947251,-1.0250558776152945
36,58298,0,0.734,0.345,8,-16.09,1,0.936,0.795,0.0,0.416,0.865,49.779,4,128057.0,82,1,-1.7489407499166516,4.01969771713863
27,68615,0,0.701,0.514,4,-15.646,1,0.933,0.246,0.0,0.28,0.597,135.052,1,79023.0,76,1,-0.4021511452196377,2.537104194991824
18,169987,0,0.745,0.55,7,-9.839,0,0.0552,0.00193,0.00536,0.107,0.225,128.556,4,3732.0,37,0,0.6244086245373104,-0.44155955234940536
23,158825,0,0.413,0.34,6,-15.106,0,0.0342,0.872,2e-05,0.659,0.478,125.903,4,3340685.0,68,3,-1.871942065923953,0.3655868453468114
52,316000,0,0.719,0.547,10,-13.19,1,0.0362,0.0679,2.93e-06,0.229,0.554,121.724,4,604779.0,67,0,0.6228753479215591,-0.27565880250393565
19,203347,0,0.407,0.944,4,-5.185,1,0.0384,0.000358,4.25e-05,0.0845,0.647,176.953,4,25331.0,43,0,2.3472321516731816,-1.4755721220062887
49,134707,0,0.703,0.549,2,-10.952,1,0.0493,0.708,5.57e-06,0.361,0.919,90.382,4,22607.0,45,0,0.09074467106569224,1.349008116330743
3,169773,0,0.617,0.838,2,-6.982,0,0.0386,0.665,4.07e-05,0.249,0.877,85.355,4,34313.0,44,0,1.021508175076551,0.6449055496859034
33,62573,0,0.57,0.688,11,-9.699,0,0.742,0.875,1.12e-06,0.427,0.783,83.995,3,84951.0,73,1,-0.4974681870853702,2.696651515052096
41,232667,0,0.724,0.931,2,-3.983,0,0.0567,0.542,0.0,0.753,0.965,104.049,4,106729.0,41,0,2.087595596591158,1.5439894036666342
39,203133,0,0.48,0.875,7,-6.449,1,0.0308,0.114,9.85e-06,0.0732,0.907,78.443,4,5741.0,36,0,1.7367781723132862,-0.22312642527951126
12,189342,0,0.518,0.302,2,-7.847,0,0.0316,0.901,2.08e-05,0.342,0.3,103.252,4,2494.0,22,3,-1.3955061138657172,-0.2432167992744594
46,243347,0,0.749,0.662,11,-5.103,1,0.028,0.463,0.0,0.078,0.623,111.957,4,15821.0,36,0,1.2251597971580859,-0.1724768161352831
28,313440,0,0.316,0.449,2,-6.923,1,0.0362,0.559,0.0,0.312,0.19,136.437,4,3927.0,27,3,-0.6766217163862123,-1.7282844901895689
41,210627,0,0.656,0.969,9,-4.413,1,0.0544,0.071,0.00052,0.292,0.895,124.777,4,1520.0,39,0,2.7516673902614164,0.24767358438557485
5,191187,0,0.846,0.471,4,-8.319,0,0.0577,0.76,0.00196,0.112,0.802,128.666,4,4011.0,24,0,0.506050847107287,0.6326583269081917
6,166880,0,0.594,0.225,0,-14.79,0,0.0454,0.856,3.38e-06,0.0799,0.551,113.982,4,1136.0,7,3,-1.6857771649337108,-0.04876847301089828
7,174560,0,0.652,0.431,2,-7.811,1,0.0259,0.893,3.4e-05,0.438,0.363,94.933,3,1972.0,29,3,-0.8645500540850182,0.4454157623993828
12,223147,0,0.742,0.425,0,-10.568,1,0.0569,0.0768,0.000123,0.106,0.947,146.102,4,5977.0,33,0,1.2679893410288003,0.18025209232154163
27,182147,0,0.619,0.676,2,-6.321,1,0.0542,0.279,0.0,0.0682,0.425,127.027,4,9915.0,34,0,0.9570091491167091,-0.6410537305240167
33,331867,0,0.479,0.562,0,-10.439,1,0.0485,0.609,0.00219,0.281,0.583,173.893,4,3063201.0,68,3,0.1795932951439814,-1.1129782084796325
30,243000,0,0.519,0.354,9,-10.85,0,0.0281,0.254,0.00038,0.189,0.317,80.271,4,383.0,18,3,-0.7686658958212401,-0.6181440637054221
18,251307,0,0.569,0.569,7,-10.773,0,0.0259,0.133,0.0,0.191,0.427,104.392,4,2818.0,32,0,0.27561788588996267,-0.6060197415198709
27,56107,0,0.568,0.275,1,-21.704,1,0.948,0.728,0.0,0.893,0.533,79.416,1,79023.0,76,1,-2.979184811334406,3.974201988198172
50,231013,0,0.761,0.741,9,-7.541,1,0.0463,0.0853,1.95e-05,0.0656,0.694,87.005,4,2701496.0,84,0,1.6062851692941758,0.13927719383839102
29,309227,0,0.715,0.386,11,-18.863,1,0.0336,0.219,0.0,0.277,0.654,118.956,4,102989.0,52,3,-0.4327979041700181,0.1303514609377443
30,284547,0,0.393,0.513,10,-6.615,1,0.0463,0.756,0.00073,0.106,0.368,114.121,4,4434582.0,73,3,-0.5533346740999515,-1.3692321599339106
35,259267,0,0.714,0.758,7,-6.396,1,0.117,0.113,0.000324,0.0962,0.673,92.997,4,968962.0,60,0,1.6424126274737891,0.03593991950227609
1,197107,0,0.747,0.337,7,-11.041,0,0.0294,0.729,0.0,0.0571,0.777,122.664,4,705.0,15,3,-0.24003709351114388,0.2699587113603633
41,180667,0,0.758,0.687,4,-6.381,0,0.0366,0.562,2.7e-06,0.444,0.53,123.97,4,2362223.0,64,0,0.8897575247763984,0.59774061940636
38,390348,0,0.89,0.646,9,-9.226,0,0.041,0.276,0.00161,0.0635,0.927,97.991,4,10596.0,39,0,1.6529025900152556,0.21476094112073146
35,257788,0,0.61,0.716,6,-10.203,0,0.0418,0.0303,1.47e-06,0.0758,0.627,136.09,4,4262.0,52,0,1.3524449128217186,-0.73307484487527
27,74093,0,0.704,0.575,6,-11.198,1,0.919,0.843,0.0,0.676,0.7,122.582,3,84951.0,73,1,-0.6069484625044941,3.484070193955316
45,240040,0,0.518,0.743,0,-7.135,1,0.0382,0.313,0.0146,0.158,0.527,125.439,4,11481.0,45,0,0.9586202684319498,-0.8298628806573287
18,308000,0,0.695,0.747,11,-8.721,1,0.0587,0.000978,0.489,0.0697,0.878,97.998,4,2149.0,34,0,1.4709907571544258,-0.6270008967976353
29,222494,0,0.62,0.398,2,-14.796,0,0.0282,0.726,0.000303,0.139,0.302,109.078,4,3340685.0,68,3,-1.4027110624434962,-0.4133252967065538
41,88160,0,0.61,0.433,5,-13.405,0,0.873,0.367,0.0,0.258,0.63,71.69,3,613060.0,90,1,-0.9893042510689379,2.559037323880331
21,207427,0,0.439,0.452,7,-10.625,1,0.0317,0.227,0.0,0.2,0.352,94.336,4,5001.0,43,3,-0.5080789187362847,-0.7579626090209507
24,207960,0,0.529,0.119,11,-23.068,0,0.046,0.901,0.00214,0.149,0.345,154.168,4,7180.0,34,3,-2.9420630488833814,-0.5864982628208665
27,59621,0,0.706,0.448,9,-13.691,1,0.938,0.908,0.0,0.467,0.879,72.657,3,79023.0,76,1,-1.311554138498393,3.8579344219499663
0,178704,0,0.649,0.209,11,-14.716,0,0.208,0.988,0.552,0.241,0.552,101.888,4,42.0,0,2,-2.4129153533268095,0.2285202700286676
37,152048,0,0.716,0.631,9,-9.692,0,0.0453,0.431,0.0,0.222,0.683,98.072,4,30013.0,36,0,0.5749526095376869,0.6160429954637533
48,254028,0,0.596,0.562,2,-7.314,1,0.0322,0.67,0.0,0.202,0.38,138.085,4,14787.0,55,3,0.0768530481829358,-0.758071823979353
56,250307,0,0.752,0.813,8,-6.787,0,0.103,0.0315,2.46e-06,0.0858,0.761,119.034,4,4434582.0,73,0,2.1851357776057605,0.019801145364947235
19,184948,0,0.789,0.665,8,-7.11,1,0.0595,0.745,0.000192,0.0995,0.976,102.938,4,756.0,13,0,1.0550940077948385,0.8432972015866342
19,628600,0,0.514,0.561,8,-10.324,1,0.0586,0.39,0.00033,0.0491,0.576,136.97,1,1078.0,15,0,0.522415767926601,-2.2226105684229487
16,216507,0,0.223,0.0336,0,-24.655,1,0.0291,0.884,1.09e-05,0.0856,0.298,86.798,4,1707.0,13,3,-4.245158609639486,-1.094926627574875
49,183200,0,0.764,0.606,7,-8.754,1,0.155,0.106,0.179,0.267,0.717,165.795,4,3871.0,36,0,1.4444263756550493,0.21183610404493766
2,192447,0,0.546,0.515,9,-15.07,0,0.0387,0.0633,3.05e-05,0.163,0.535,72.892,4,187.0,6,3,-0.3325235137990544,-0.05125321344307317
30,239440,0,0.502,0.702,2,-4.271,0,0.0312,0.23,0.0,0.325,0.656,152.012,3,13616.0,33,0,1.585681393558221,-0.6744684026328611
35,229347,0,0.771,0.755,7,-4.262,0,0.0454,0.0388,7.85e-06,0.0931,0.651,123.984,4,100029.0,47,0,2.234234062594421,-0.18355945255202819
37,265059,0,0.693,0.265,0,-12.95,1,0.159,0.939,0.871,0.087,0.64,169.968,4,11533.0,64,2,-1.5689360110689583,-1.1118896826972537
42,77547,0,0.702,0.531,7,-9.576,1,0.606,0.218,0.0,0.272,0.567,100.853,3,613060.0,90,1,0.193947257054771,1.8889728109796486
37,239173,0,0.641,0.639,9,-14.34,1,0.0312,0.0145,0.0195,0.269,0.877,117.298,4,5073.0,27,0,0.9854156338398238,0.25517905796646156
45,233802,0,0.493,0.583,6,-6.474,0,0.0308,0.11,0.0,0.122,0.666,142.931,4,332531.0,65,0,1.2192124859382065,-0.9452934149174824
36,82320,0,0.639,0.571,2,-11.715,1,0.612,0.567,0.0,0.327,0.721,117.336,5,613060.0,90,1,-0.21569160129556306,2.0144622813265656
23,235560,0,0.734,0.233,5,-9.388,1,0.0539,0.851,0.0,0.15,0.463,115.944,4,271231.0,61,3,-0.9465584758790129,-0.006004392936092611
11,84373,0,0.621,0.102,0,-15.208,1,0.0913,0.986,0.0,0.12,0.945,80.716,4,1800.0,27,3,-1.9131043688695155,1.2479163130708666
61,133953,0,0.753,0.234,4,-15.194,0,0.111,0.0889,0.655,0.0863,0.198,171.988,4,105017.0,62,2,-1.0676080671565609,-1.0953555281528133
29,121067,0,0.668,0.445,0,-13.662,1,0.885,0.787,0.0,0.713,0.732,112.137,5,23593.0,71,1,-1.1179362090546394,3.3919602304366645
37,220640,0,0.765,0.769,9,-12.472,1,0.078,0.0159,1.03e-05,0.0792,0.868,109.692,4,1433.0,31,0,1.6152459970491713,0.40796424526583347
42,104707,0,0.502,0.878,0,-12.781,1,0.0347,0.0486,0.312,0.124,0.924,92.086,4,143095.0,58,0,1.0003825640002684,-0.022599852790136207
0,213053,0,0.439,0.0673,0,-14.676,1,0.0394,0.995,0.314,0.111,0.248,134.679,3,54.0,4,3,-2.9606092814439844,-1.3762270211771865
0,218400,1,0.214,0.812,6,-15.046,1,0.0666,1.2e-05,0.0351,0.295,0.234,183.859,4,43.0,1,0,0.160688969835905,-1.9651067872560177
20,314200,0,0.235,0.455,8,-8.982,1,0.0351,0.181,3.73e-06,0.959,0.135,142.053,3,4619.0,31,3,-0.6076952188247705,-0.9169962367403295
30,59335,0,0.709,0.267,8,-19.714,1,0.945,0.723,0.0,0.783,0.67,71.756,4,79023.0,76,1,-2.4062786720382543,4.306642815646137
4,408621,0,0.531,0.579,9,-10.667,0,0.0433,0.197,0.0146,0.286,0.395,120.465,4,517.0,14,0,0.2931304920975926,-1.1881635519356186
25,288267,0,0.616,0.559,0,-6.316,1,0.025,0.589,0.0,0.112,0.387,125.958,4,590840.0,55,3,0.28536591781276843,-0.9444218178866415
36,89440,0,0.689,0.399,1,-13.87,1,0.642,0.182,0.0,0.193,0.551,47.721,4,613060.0,90,1,-0.8789487462281024,2.205478174389272
23,338413,0,0.339,0.776,11,-12.024,0,0.11,0.538,0.00262,0.62,0.362,132.256,4,3817.0,14,3,-0.26325723505631754,-0.7227917570843391
0,192493,0,0.677,0.0844,7,-17.661,0,0.0685,0.981,0.000496,0.432,0.602,82.17,4,990.0,22,3,-2.5112659624885185,1.1703100922855123
32,289107,0,0.36,0.554,4,-12.226,0,0.0913,0.216,0.412,0.38,0.417,152.628,3,212471.0,54,2,-0.4239919492721997,-1.5454659796532373
34,318827,0,0.532,0.446,7,-14.379,1,0.052,0.0457,1.59e-05,0.296,0.537,158.309,4,1002.0,30,0,0.20071585953996615,-0.8782343817931513
26,293467,0,0.825,0.705,9,-10.721,1,0.0896,0.114,0.000486,0.0483,0.853,112.069,4,29217.0,42,0,1.6578347674191136,0.24195844463178803
1,174629,0,0.683,0.251,10,-11.353,1,0.0974,0.995,0.0205,0.367,0.86,74.423,4,1052.0,20,3,-1.2375279656664744,1.3979266307790121
16,147720,0,0.497,0.086,7,-20.976,1,0.0389,0.975,0.0,0.0657,0.541,125.316,4,52.0,23,3,-2.904909220527673,-0.2028988289183617
33,242733,0,0.575,0.776,5,-3.075,1,0.0372,0.0125,0.0,0.278,0.434,90.01,4,225205.0,59,0,1.6038341444960595,-0.4717479514494571
19,62547,0,0.69,0.85,11,-6.419,1,0.821,0.554,0.0,0.642,0.669,75.213,3,6155.0,57,1,0.5695310588276856,3.334598687514586
15,256707,0,0.536,0.647,6,-5.649,1,0.0352,0.152,0.0,0.0972,0.711,156.037,4,3436.0,33,0,1.6204253731997171,-0.9996967426108914
3,178467,0,0.545,0.231,11,-21.071,1,0.0572,0.871,2.64e-05,0.241,0.87,121.964,4,672.0,13,3,-1.9666814282658902,0.570698108194977
56,213666,0,0.699,0.109,1,-16.97,1,0.0438,0.935,0.0,0.152,0.54,100.005,4,6457.0,53,3,-2.1910490521099164,0.3586282621488557
52,285720,0,0.607,0.368,9,-11.425,0,0.0288,0.643,0.0,0.136,0.306,69.994,4,127856.0,58,3,-1.2337459170732141,-0.46292571036821767
63,193083,0,0.697,0.719,7,-6.314,0,0.0571,0.503,0.0,0.128,0.751,86.0,4,1123682.0,68,0,1.0371625939646136,0.39066863450478406
2,164080,0,0.351,0.328,5,-6.987,0,0.0301,0.982,0.857,0.13,0.262,75.446,4,2038.0,14,2,-2.5407962545705804,-1.7342848215386175
0,405134,0,0.579,0.939,2,-6.928,1,0.538,0.0343,0.581,0.114,0.133,125.017,4,1395.0,18,0,0.8140941138447015,-1.4312258232752153
47,83293,0,0.929,0.343,2,-12.801,1,0.0534,0.813,3.27e-06,0.133,0.884,99.994,4,6043.0,50,3,-0.32884605847400206,1.6739123291532894
23,184827,0,0.708,0.398,5,-10.628,1,0.0356,0.898,0.0449,0.223,0.661,121.347,4,7533.0,24,3,-0.5866689905226452,0.372460475151648
7,194867,0,0.412,0.261,5,-13.33,1,0.0372,0.897,0.0,0.523,0.568,77.841,4,998.0,22,3,-2.0525987567917428,0.43510249813365937
2,173520,0,0.517,0.125,1,-18.412,1,0.0666,0.731,0.0,0.18,0.414,76.882,4,1345.0,16,3,-2.675888451718326,0.11150318483926884
14,159907,0,0.914,0.647,7,-6.392,1,0.0425,0.725,0.00433,0.056,0.962,128.221,4,3159.0,18,0,1.4575670422273572,0.9158039444458937
14,140693,0,0.581,0.0997,5,-20.421,1,0.0414,0.624,0.0,0.324,0.649,83.808,4,69.0,40,3,-2.3630585412159015,0.8576615271868564
4,224333,1,0.426,0.936,4,-7.574,0,0.0453,0.0309,0.00238,0.472,0.359,109.332,4,570.0,3,0,1.212740206838318,-0.5784314677240818
47,127693,0,0.457,0.831,0,-5.786,1,0.0427,0.00787,0.0,0.217,0.676,159.919,4,346506.0,57,0,1.9623513161610597,-0.6527593670565461
41,233867,0,0.534,0.797,9,-7.046,1,0.0393,0.597,1.76e-05,0.978,0.672,146.034,4,997003.0,67,0,0.950301296204169,0.8407820568375239
31,256800,0,0.595,0.966,0,-3.83,1,0.062,0.0778,1.29e-06,0.358,0.685,128.783,4,218565.0,53,0,2.4641121258753946,-0.22853566492769622
8,86348,0,0.405,0.186,0,-17.063,1,0.0422,0.952,0.967,0.0718,0.191,103.79,1,2225.0,15,2,-3.8193526540348595,-1.6059113665818048
2,239913,0,0.513,0.528,7,-13.762,1,0.51,0.301,0.0,0.16,0.744,92.147,4,20580.0,44,0,-0.32418581693153486,0.8264456924924009
21,227316,0,0.627,0.876,7,-10.423,0,0.0456,0.136,0.00551,0.335,0.779,119.982,4,3682.0,33,0,1.607301799363728,0.2114454186540505
0,4792587,0,0.317,0.914,11,-6.233,0,0.0489,0.00158,0.546,0.129,0.108,137.075,4,1655.0,23,2,3.63837424696362,-18.08753199909691
0,174093,0,0.531,0.0697,7,-19.312,0,0.049,0.991,0.0621,0.155,0.422,130.869,4,641.0,19,3,-2.906335954368903,-0.3003441524892151
18,187613,0,0.482,0.574,0,-6.305,1,0.0279,0.429,0.0,0.136,0.229,83.953,4,82.0,6,3,-0.22901849261626014,-0.8310375317501626
10,300040,0,0.738,0.59,7,-12.464,1,0.0392,0.19,0.000324,0.331,0.964,100.045,4,12377.0,33,0,1.0338261930966013,0.692795953345672
24,94693,0,0.604,0.444,3,-10.946,1,0.567,0.823,0.0,0.196,0.953,206.977,3,2538.0,38,0,0.10179892450617878,1.2341504397124103
27,195818,0,0.529,0.794,2,-4.236,0,0.0646,0.18,0.000123,0.737,0.869,121.905,4,15062.0,32,0,1.8976900198431839,0.828572784262597
17,160078,0,0.537,0.597,0,-9.064,1,0.0427,0.566,3.64e-05,0.17,0.914,170.067,4,25322.0,42,0,0.8710831033150531,-0.19942957741081746
33,101013,0,0.687,0.461,2,-11.149,1,0.922,0.339,0.0,0.697,0.695,127.291,4,23593.0,71,1,-0.15501684386450115,3.2411796638316037
43,105067,0,0.588,0.608,9,-5.272,1,0.0334,0.17,0.0,0.359,0.956,166.221,3,467.0,36,0,1.8880090657560529,0.3523139578469203
23,246600,0,0.724,0.686,9,-5.666,1,0.0325,0.00886,0.0,0.0401,0.89,131.346,4,20992.0,33,0,2.2869348147070823,-0.22109053191651246
38,136178,1,0.904,0.555,1,-8.81,1,0.245,0.0828,3.53e-05,0.627,0.213,143.049,4,4065.0,49,0,0.7975765222282877,1.3204538595798725
37,199133,0,0.416,0.412,6,-7.76,1,0.0367,0.872,2.18e-06,0.262,0.638,163.538,4,32499.0,47,3,-0.41543201144034125,-0.7218671911186685
12,274920,0,0.53,0.335,9,-11.238,0,0.0253,0.649,0.0,0.104,0.129,98.926,4,822.0,19,3,-1.4701254262651557,-1.121656692430538
31,262120,0,0.545,0.414,11,-10.742,1,0.0293,0.0393,0.0,0.107,0.2,145.899,4,26449.0,29,3,0.0061808504732753546,-1.4432607001926243
45,222867,0,0.632,0.909,1,-3.556,1,0.0432,0.115,0.0,0.424,0.792,130.013,4,42013.0,44,0,2.5005388329354608,0.19533086440779593
51,156253,0,0.713,0.706,6,-6.29,0,0.0837,0.0819,3.37e-05,0.334,0.761,97.033,4,2817.0,46,0,1.636433554826232,0.8220381004552517
32,222633,0,0.644,0.806,4,-3.161,0,0.221,0.0154,0.0,0.127,0.67,105.302,4,24737.0,33,0,2.105952274043557,0.06307379222353611
35,66467,0,0.647,0.753,8,-10.375,1,0.936,0.751,0.0,0.747,0.542,113.367,3,613060.0,90,1,-0.37987987902701925,3.345028849543492
58,274813,0,0.744,0.318,11,-12.458,0,0.0342,0.73,0.0166,0.104,0.21,110.127,4,3123799.0,80,3,-1.2357785454041625,-0.4964810559733933
44,131533,0,0.685,0.614,7,-11.571,1,0.0355,0.611,0.000199,0.13,0.836,97.921,4,22607.0,45,0,0.24902183091029306,0.6879193101495559
18,190160,0,0.528,0.933,2,-4.314,1,0.0957,0.24,0.0,0.314,0.667,95.286,4,16464.0,50,0,1.7152448581543833,0.08594655727713563
0,200373,0,0.711,0.15,10,-13.718,1,0.0659,0.991,0.0,0.108,0.548,98.359,4,20.0,0,3,-1.8336449989376715,0.36471825077900943
30,105733,0,0.468,0.0403,0,-14.514,1,0.0361,0.68,3.18e-05,0.254,0.428,102.93,4,4482.0,40,3,-2.326565227115698,0.026002942363516694
50,205688,0,0.45,0.743,4,-8.879,0,0.058,0.578,2.59e-06,0.403,0.341,129.93,4,34540.0,50,3,0.03582113387162729,-0.547637929027282
11,202560,0,0.467,0.835,0,-9.246,1,0.0336,0.000853,0.000531,0.118,0.611,82.569,4,4105.0,28,0,1.1201374182769661,-0.5268282133890747
18,107280,0,0.798,0.322,0,-15.276,1,0.0297,0.416,0.0,0.0909,0.842,80.054,4,275.0,26,3,-0.45170516074545924,1.1757926998019945
9,213267,0,0.339,0.532,2,-9.258,1,0.0293,0.143,1.47e-05,0.094,0.287,137.378,4,35765.0,44,3,-0.02413379334343266,-1.6876372310943062
6,186240,0,0.612,0.615,0,-12.911,1,0.0594,0.597,6.51e-05,0.531,0.885,123.047,4,34313.0,44,0,0.21429010961543765,0.9970836517456391
8,199025,0,0.401,0.176,0,-11.859,1,0.0342,0.981,0.0,0.161,0.403,133.617,4,1129.0,29,3,-2.030922190888852,-0.8894496066014542
19,292640,0,0.4,0.296,7,-11.528,1,0.0396,0.885,1.12e-05,0.214,0.0987,159.896,3,5013.0,40,3,-1.7777200072389807,-1.706742654261126
65,247130,0,0.697,0.452,5,-10.739,0,0.0302,0.145,0.000146,0.0527,0.854,82.016,4,153226.0,66,0,0.6416775866009351,0.1985609589693657
12,156160,0,0.587,0.54,1,-10.899,1,0.0807,0.501,0.000714,0.0942,0.964,178.416,4,852.0,28,0,0.8343205458397592,-0.08723291422330466
16,215040,0,0.485,0.309,9,-11.605,0,0.0278,0.817,0.00101,0.283,0.459,96.352,4,1601.0,24,3,-1.5152218144385616,-0.2304694974961747
33,540305,0,0.364,0.0703,2,-22.663,1,0.0335,0.951,0.165,0.132,0.172,86.405,3,762.0,24,3,-3.916153649708781,-2.0842450007381004
41,225440,0,0.745,0.792,0,-5.111,0,0.0273,0.183,5.45e-06,0.0865,0.645,102.006,4,470986.0,64,0,1.8454697356989942,-0.0864372500664856
24,199147,0,0.676,0.721,6,-2.687,1,0.0317,0.34,0.0,0.0809,0.441,136.952,3,29533.0,31,0,1.546781294602324,-0.6911313519733375
6,172307,0,0.574,0.622,1,-7.557,1,0.0333,0.771,0.0,0.952,0.617,127.42,4,7144.0,35,0,0.10424209562413933,1.2295165842214528
3,217159,0,0.403,0.0421,5,-25.226,1,0.0769,0.992,0.934,0.0836,0.0433,73.7,1,330.0,4,2,-5.336216367633139,-1.6956091423930904
23,215960,0,0.544,0.118,1,-11.344,0,0.0439,0.974,0.0127,0.141,0.207,99.978,3,11303.0,28,3,-2.342704205066869,-0.6052463432282961
20,199655,0,0.492,0.945,9,-3.85,1,0.0365,0.000349,3.87e-05,0.141,0.677,81.017,4,37054.0,40,0,2.036520591501566,-0.4324715653504566
39,221080,0,0.642,0.602,2,-9.404,1,0.0312,0.0238,8.97e-05,0.273,0.615,157.551,4,38310.0,47,0,1.3182743394068899,-0.3657921868024533
27,164160,0,0.403,0.526,11,-9.707,1,0.0436,0.644,0.0,0.71,0.741,109.906,4,38094.0,33,3,-0.363963811981669,0.6912156118380697
39,195347,0,0.496,0.664,9,-6.949,1,0.0958,0.5,0.0,0.081,0.607,184.006,4,53799.0,49,0,0.9592683485449485,-1.0223566701314104
26,238880,0,0.543,0.517,2,-7.738,1,0.027,0.563,4.88e-05,0.178,0.587,105.25,4,143916.0,45,3,0.05000460499711333,-0.41926062213090404
0,409263,0,0.288,0.321,6,-10.308,1,0.0475,0.363,0.619,0.111,0.281,88.203,3,16379.0,40,2,-1.695419836543774,-2.625260482186513
17,221070,0,0.587,0.352,7,-11.806,1,0.0353,0.517,0.0,0.148,0.539,137.05,3,199.0,37,3,-0.4744757318052824,-0.4842424092314311
16,223023,1,0.822,0.719,0,-7.547,1,0.502,0.516,0.0,0.241,0.773,87.033,4,24904.0,46,0,0.9392887751568518,1.8018015150151498
35,65567,0,0.7,0.43,11,-11.455,0,0.954,0.893,0.0,0.277,0.863,135.596,3,128057.0,82,1,-0.7031139099753442,2.980406506530931
12,195533,0,0.623,0.353,2,-10.553,1,0.0303,0.796,0.0,0.232,0.56,103.154,4,13964.0,29,3,-0.8841904530656349,0.15326038192591862
40,228280,0,0.766,0.886,9,-4.36,0,0.179,0.351,0.000286,0.0689,0.548,126.877,4,19719.0,36,0,1.9062118750833639,-0.040601730915185576
27,70191,0,0.701,0.485,1,-15.836,1,0.946,0.451,0.0,0.31,0.582,60.533,5,79023.0,76,1,-1.2779604423664614,3.1944200684146895
0,182813,0,0.392,0.0973,11,-17.219,1,0.108,0.994,0.862,0.136,0.648,80.681,4,42.0,0,2,-3.5469406953775446,-0.8502093525127408
20,134920,0,0.167,0.281,7,-16.031,0,0.0328,0.642,0.98,0.124,0.158,70.966,4,747.0,33,2,-3.697660536565286,-2.2356691132566007
37,387733,0,0.58,0.368,1,-11.651,0,0.0321,0.000388,0.891,0.15,0.241,168.003,4,831.0,32,2,-0.5260027021124803,-2.730137014852875
53,199639,0,0.362,0.284,0,-9.837,0,0.0327,0.882,0.0,0.0961,0.267,79.109,4,453561.0,62,3,-2.030070002884704,-0.959958884758
14,198000,0,0.507,0.365,2,-12.674,1,0.0408,0.693,0.0626,0.146,0.964,120.921,4,45.0,5,3,-0.5170886604040564,0.02508790757486297
14,260800,0,0.472,0.328,9,-11.253,0,0.0327,0.72,0.0,0.359,0.261,139.39,4,9281.0,31,3,-1.2888784292205036,-0.8584044453701958
13,288240,0,0.799,0.52,6,-8.613,1,0.204,0.193,0.0,0.278,0.722,80.146,4,57099.0,50,0,0.8480603928319536,0.9149436704236252
35,204539,0,0.352,0.529,4,-7.212,1,0.0388,0.577,0.0,0.217,0.225,135.291,4,513099.0,57,3,-0.5156542899098535,-1.3786907113483138
34,212453,0,0.76,0.531,7,-10.14,1,0.046,0.453,0.0,0.112,0.865,175.38,4,97206.0,53,0,1.1399189651234816,0.009281095218732221
36,61427,0,0.783,0.511,1,-14.352,1,0.871,0.297,0.0,0.61,0.631,128.769,1,613060.0,90,1,-0.22777397851211192,3.323462413573613
5,238885,0,0.311,0.411,7,-7.676,1,0.0291,0.727,4.62e-06,0.346,0.658,179.803,3,34.0,0,3,-0.23019523693822266,-1.1237374937854108
2,237313,0,0.409,0.574,4,-5.044,1,0.0323,0.829,0.0177,0.816,0.521,98.333,4,431.0,10,3,-0.3592668748373482,0.36781152527604405
27,288613,0,0.738,0.392,0,-12.055,1,0.27,0.919,0.0,0.395,0.688,103.32,4,182.0,24,3,-0.8293886561189813,1.1514929191370138
0,190080,0,0.541,0.258,10,-13.997,1,0.0421,0.992,0.954,0.157,0.796,116.582,4,2679.0,21,2,-2.2250931775527563,-0.8431347824724692
35,203307,0,0.719,0.893,11,-7.962,0,0.0377,0.137,0.00782,0.172,0.846,110.897,4,13207.0,36,0,2.0844146189788826,0.3122314209717098
27,66660,0,0.687,0.462,4,-13.918,1,0.947,0.336,0.0,0.11,0.68,144.334,3,79023.0,76,1,-0.3021535103558845,2.2494372612738895
21,256893,0,0.664,0.498,7,-13.335,0,0.0274,0.562,0.868,0.264,0.348,140.063,4,15928.0,39,2,-1.1634616730844647,-1.3507433874002188
39,239880,0,0.774,0.503,9,-5.728,0,0.0405,0.176,0.0,0.123,0.511,97.985,4,1809254.0,67,0,0.987489517736026,-0.06413589191092048
34,350000,0,0.74,0.64,9,-8.234,1,0.0335,0.24,0.000496,0.116,0.54,126.914,3,634720.0,67,0,1.1937621768836897,-0.6742136444007678
36,219377,0,0.841,0.478,9,-6.526,0,0.0618,0.462,0.00166,0.355,0.336,126.015,4,2772.0,36,0,0.4605862412965051,0.3157284928014094
31,241933,0,0.448,0.424,10,-10.039,1,0.029,0.487,6.43e-05,0.111,0.327,145.367,4,125730.0,59,3,-0.5205380413341828,-1.370734731610709
36,155267,1,0.326,0.786,2,-10.724,1,0.0758,1.81e-05,0.791,0.0929,0.628,96.999,3,26284.0,37,2,0.061124037192088275,-1.5764141640690181
30,590280,0,0.366,0.547,3,-9.109,1,0.0374,0.619,0.00309,0.166,0.531,75.32,4,3637.0,32,3,-0.42934432185677285,-1.8880590172079272
19,224587,0,0.805,0.306,6,-12.05,0,0.0346,0.482,2.45e-05,0.114,0.806,112.069,4,49602.0,41,0,-0.0018853636594154816,0.5211777440989024
19,225960,0,0.559,0.357,2,-13.733,1,0.0346,0.183,0.0,0.666,0.452,112.185,4,13685.0,32,3,-0.5883809992087542,0.4072496558631848
32,223387,0,0.544,0.456,8,-7.362,1,0.0325,0.797,0.0,0.125,0.387,137.007,4,569.0,33,3,-0.43236947990853586,-0.8735945313420772
0,404640,0,0.755,0.842,1,-5.124,1,0.0526,9.6e-05,0.823,0.0601,0.439,125.002,4,1225.0,25,2,1.5465033733061175,-1.9998004110962502
1,212125,0,0.965,0.69,11,-7.782,0,0.0944,0.157,0.015,0.193,0.662,119.943,4,3306.0,39,0,1.8082997562386056,0.8018882417298
50,157569,0,0.691,0.808,0,-5.402,1,0.0513,0.316,0.0,0.161,0.701,105.046,4,8711.0,43,0,1.6093675189752237,0.2719945685154101
0,191578,0,0.672,0.323,3,-9.437,1,0.029,0.977,0.259,0.167,0.838,101.745,4,756.0,20,3,-0.8492409112371153,0.27418255673096575
2,72680,0,0.54,0.876,1,-6.466,1,0.0951,1.53e-05,0.945,0.468,0.498,135.071,4,3520.0,26,2,0.888200831264722,-0.7059211543245296
18,222747,0,0.346,0.381,3,-10.779,0,0.037,0.389,2.31e-06,0.176,0.317,107.16,4,9665.0,27,3,-1.0089716694394044,-1.1745274558011025
54,221080,0,0.721,0.792,8,-5.42,0,0.0481,0.457,7.08e-05,0.0632,0.874,93.967,4,336294.0,62,0,1.6399370229517778,0.27805320378187914
50,260272,1,0.523,0.383,9,-14.224,0,0.0684,0.539,0.00473,0.0651,0.482,109.085,4,190414.0,60,3,-1.0268107280255638,-0.6851768953940086
11,219148,0,0.38,0.363,9,-10.224,0,0.0286,0.674,4.65e-06,0.147,0.18,148.063,4,1131.0,24,3,-1.23982660913425,-1.5526845041021984
36,103867,0,0.721,0.519,2,-11.175,1,0.941,0.611,0.0,0.503,0.753,89.796,3,613060.0,90,1,-0.49306121482578513,3.4101991779628533
24,162827,0,0.614,0.124,3,-19.604,1,0.0646,0.982,0.925,0.11,0.554,74.842,4,4403.0,29,2,-3.559893922385082,-0.43501369276365065
32,159893,0,0.769,0.631,7,-7.359,0,0.0402,0.428,0.911,0.103,0.934,137.645,4,2291.0,34,2,0.7814327026542418,-0.49109804064155244
30,99573,0,0.572,0.696,6,-9.1,0,0.948,0.244,0.0,0.421,0.714,74.717,5,23593.0,71,1,0.23513435359403592,2.815572153575431
45,228053,0,0.608,0.778,0,-4.964,1,0.347,0.143,0.0,0.148,0.761,82.702,4,39104.0,48,0,1.542785941853519,0.599545968584002
0,201147,0,0.44,0.946,9,-3.947,0,0.11,7.11e-05,0.00599,0.209,0.466,140.152,4,292.0,2,0,2.002635115640359,-0.9902557102510213
31,248507,0,0.467,0.418,5,-12.59,1,0.0286,0.593,0.0162,0.765,0.324,175.838,4,650259.0,68,3,-0.8125793639222388,-0.3110194593314238
3,182067,0,0.766,0.261,9,-13.805,0,0.0434,0.983,0.000116,0.12,0.522,101.911,3,11872.0,29,3,-1.5090776740277148,0.4778590310585027
44,208013,0,0.681,0.806,6,-4.808,0,0.0336,0.0148,0.0,0.0482,0.901,137.938,4,36693.0,49,0,2.596220971823643,-0.24703634927554832
21,178653,0,0.341,0.722,4,-5.915,1,0.0567,0.0691,0.000219,0.831,0.144,112.336,4,26663.0,39,0,0.3697949614459675,-0.25543120357574
33,98787,0,0.708,0.615,5,-11.509,1,0.956,0.735,0.0,0.507,0.714,129.231,3,23593.0,71,1,-0.31140773661326365,3.124767036788833
24,206027,0,0.673,0.604,1,-16.923,1,0.109,0.211,8.15e-05,0.118,0.395,155.925,4,80657.0,48,0,0.013765184740438856,-0.41204842260145585
17,204173,0,0.726,0.382,3,-11.015,1,0.0573,0.718,0.000611,0.12,0.204,122.142,4,1392.0,21,3,-0.9326416431741027,-0.3430724376317466
46,163387,0,0.534,0.345,1,-9.526,0,0.0508,0.731,0.0,0.117,0.143,83.887,4,25597.0,39,3,-1.5423460267256512,-0.545991624302213
43,210000,0,0.492,0.439,10,-10.544,0,0.0298,0.782,0.000755,0.11,0.375,119.928,4,513099.0,57,3,-0.9955267537981588,-0.8241621246354514
30,85387,0,0.642,0.337,0,-17.002,1,0.924,0.637,0.0,0.367,0.373,81.774,4,23593.0,71,1,-2.2075909453030667,2.7167434518164164
46,254885,0,0.561,0.624,9,-9.448,0,0.156,0.399,0.0,0.139,0.242,129.582,4,47337.0,58,3,0.027149059896603777,-0.8419879771002062
41,253467,0,0.743,0.838,4,-10.501,1,0.0549,0.454,0.825,0.116,0.21,139.893,4,4571.0,36,2,0.022938876222233038,-1.5830044988642675
17,178667,0,0.29,0.849,0,-9.43,1,0.0788,0.016,0.0012,0.376,0.516,140.762,4,308.0,8,0,1.0047050236363109,-0.8776085431625071
16,253480,0,0.658,0.605,7,-12.318,1,0.0305,0.158,0.0113,0.0648,0.779,123.55,4,11086.0,35,0,0.9024701413348435,-0.2863486150952843
27,94053,0,0.728,0.561,5,-4.91,1,0.673,0.597,0.0,0.321,0.754,94.54,3,23593.0,71,1,0.4462596056843881,2.397302981599863
20,258413,0,0.712,0.87,0,-8.906,0,0.0375,0.599,0.00126,0.174,0.958,123.586,4,10634.0,25,0,1.5611881571415072,0.2941363711387132
22,174107,0,0.581,0.583,5,-9.312,1,0.103,0.55,0.0,0.268,0.449,149.802,4,11456.0,55,0,0.13204682074436605,-0.24705831284089466
37,142200,0,0.491,0.0515,10,-24.975,1,0.0432,0.993,0.9,0.115,0.0933,64.187,5,2520.0,44,2,-5.154347478302843,-1.0634578255986173
11,201587,0,0.159,0.326,7,-10.8,1,0.0341,0.984,0.121,0.218,0.162,86.147,1,1157.0,17,3,-2.7114535713507273,-1.5386554391264406
18,137973,0,0.321,0.282,9,-16.375,1,0.0347,0.768,2.49e-06,0.118,0.0943,177.787,5,3340685.0,68,3,-2.255390437319451,-1.6367698940412139
43,224640,0,0.907,0.501,9,-7.152,0,0.0542,0.0615,5.26e-05,0.0428,0.848,100.027,4,99431.0,65,0,1.6620146706651773,0.6186844797706967
50,296740,0,0.885,0.262,7,-13.126,1,0.0949,0.18,0.00332,0.0423,0.772,140.011,4,18262.0,47,0,0.49639317615950557,0.185786466984597
36,62635,0,0.607,0.228,5,-19.661,0,0.825,0.929,0.0,0.698,0.855,127.993,4,128057.0,82,1,-2.262673721946881,3.490471237177369
49,268042,0,0.837,0.509,6,-7.946,0,0.0431,0.62,0.0,0.0638,0.929,137.388,4,467884.0,53,0,1.0965723195113628,0.2797678451939065
29,127347,0,0.608,0.352,10,-8.516,1,0.0471,0.822,4.86e-05,0.0705,0.822,187.609,3,36434.0,45,3,0.12411772198101127,-0.2457703316462271
25,225427,0,0.708,0.477,4,-5.513,0,0.0289,0.505,0.0,0.101,0.268,107.153,4,143916.0,45,3,0.1289715870132557,-0.5413597350749842
20,228400,0,0.495,0.646,6,-5.904,0,0.0392,0.226,0.0,0.363,0.589,85.575,4,17315.0,37,0,0.7522970195349035,-0.12882217092483114
18,170733,0,0.563,0.511,7,-11.437,1,0.0396,0.296,0.786,0.0865,0.963,134.192,4,937.0,24,2,0.06460552737815621,-0.8416840522575736
17,326000,0,0.596,0.299,7,-14.453,1,0.0284,0.824,0.000298,0.124,0.235,134.023,3,40632.0,36,3,-1.619537341054117,-1.0934575039808572
0,555372,0,0.8,0.705,10,-11.468,0,0.146,0.00233,0.934,0.326,0.4,121.045,4,728.0,16,2,0.5118120341686604,-1.702654894022947
37,65562,0,0.718,0.329,1,-16.098,1,0.933,0.502,0.0,0.195,0.474,83.831,4,128057.0,82,1,-1.671285785179172,2.7454083873474904
23,230667,0,0.564,0.765,2,-8.594,1,0.028,0.0791,0.291,0.044,0.729,157.652,4,89877.0,52,0,1.5182027126382625,-1.2136014888084383
16,177685,0,0.676,0.333,5,-11.061,1,0.0663,0.99,3.29e-05,0.564,0.44,115.179,4,1428.0,15,3,-1.313429305090198,0.8589131783025403
39,405107,0,0.691,0.803,9,-5.745,1,0.0736,0.163,2.62e-05,0.184,0.81,120.804,4,29093.0,48,0,2.1695561673150006,-0.48845719645893504
50,288960,0,0.469,0.504,7,-6.317,1,0.0259,0.113,0.0,0.267,0.202,139.979,4,128865.0,38,0,0.40301711003302704,-1.4839160265854905
25,193773,0,0.677,0.733,0,-10.594,1,0.0776,0.114,1.72e-06,0.0752,0.891,139.81,4,4559.0,31,0,1.6588843447742982,0.05670596700731434
2,196040,0,0.442,0.994,2,-3.684,1,0.293,0.0526,0.0683,0.0736,0.145,177.294,4,738.0,12,0,1.7670345226812343,-1.56082304174475
40,284040,0,0.334,0.814,11,-14.175,0,0.0447,0.0247,0.000593,0.501,0.676,150.813,4,1120761.0,61,0,0.8411562366704651,-0.7345449059984391
62,227456,0,0.494,0.777,7,-3.009,0,0.13,0.335,0.0911,0.116,0.506,95.012,4,185512.0,70,0,1.0623012463731492,-0.7029526005058002
36,210947,0,0.55,0.75,5,-5.015,1,0.0402,0.159,0.0,0.0616,0.842,169.843,4,1141.0,29,0,2.1640588535795966,-0.8229296259172637
0,326259,0,0.394,0.525,7,-9.394,1,0.0658,0.938,0.763,0.1,0.327,94.125,4,16379.0,40,2,-1.840452851031569,-2.0865920599223444
44,243407,0,0.595,0.718,7,-4.318,1,0.037,0.499,0.0,0.313,0.486,131.16,4,103298.0,42,0,1.0405665661917343,-0.4474091838996049
34,200387,0,0.432,0.209,7,-14.328,1,0.0346,0.848,0.000166,0.111,0.371,139.293,3,19579.0,39,3,-1.9776880225555347,-0.9677654932634596
25,267400,0,0.525,0.91,4,-5.463,0,0.0559,0.0672,3.13e-05,0.931,0.604,104.061,4,29783.0,37,0,1.7395868767486597,0.7057533122841803
53,228096,0,0.468,0.638,8,-5.889,0,0.0303,0.579,0.00292,0.367,0.566,130.115,4,454733.0,64,0,0.46550309409125035,-0.48133745810429346
52,257313,0,0.645,0.436,6,-6.179,1,0.0293,0.86,0.0,0.113,0.294,112.036,4,7142.0,52,3,-0.5361666138911374,-0.6930088832052471
33,254877,0,0.614,0.705,6,-6.277,1,0.0391,0.472,2.84e-06,0.125,0.681,85.929,4,3262.0,32,0,0.8736162160175366,-0.17146448994969848
6,212287,0,0.524,0.53,2,-13.214,1,0.047,0.109,0.0,0.14,0.769,85.872,4,1695.0,32,0,0.1998734251414334,-0.037079529209476
0,168882,0,0.259,0.034,10,-24.16,0,0.0354,0.943,0.299,0.276,0.279,93.923,3,240.0,10,3,-4.494927711931144,-0.8645550068212089
35,64178,0,0.678,0.14,8,-24.629,1,0.909,0.848,0.0,0.592,0.425,85.426,3,128057.0,82,1,-3.6119572269494387,3.5266891696482277
14,191707,0,0.656,0.418,5,-16.583,0,0.0386,0.291,2.24e-06,0.0828,0.617,142.664,4,3225.0,24,3,-0.2708848809336075,-0.22205441405249232
11,183093,0,0.379,0.828,2,-6.141,1,0.101,0.0488,0.00807,0.0792,0.518,144.59,4,488.0,12,0,1.4504230485665572,-1.2482339678771084
15,287373,0,0.371,0.393,5,-7.832,1,0.035,0.849,0.0232,0.115,0.293,132.433,4,32834.0,35,3,-1.1043774361169016,-1.6349987670583657
16,179573,0,0.392,0.236,4,-12.301,0,0.0311,0.609,0.000122,0.281,0.27,82.502,3,334.0,27,3,-1.9791816579895851,-0.5092222626184917
28,225698,0,0.665,0.452,9,-8.56,0,0.0407,0.732,0.0,0.274,0.376,129.567,4,63663.0,38,3,-0.3632600900171856,-0.22449181344023134
17,270080,0,0.678,0.825,10,-5.164,1,0.0724,0.685,0.0,0.0804,0.847,87.975,4,11140.0,34,0,1.3024126914982261,0.1386180675349664
16,152827,0,0.572,0.569,2,-8.353,1,0.0345,0.457,0.0,0.322,0.727,105.716,4,9856.0,37,0,0.4047298066471377,0.37921171267999837
24,252200,0,0.584,0.729,2,-6.347,1,0.0285,0.00629,0.00176,0.348,0.154,115.074,5,90994.0,49,0,0.9752012526669921,-0.8282501402362179
51,235627,0,0.76,0.917,1,-7.308,0,0.136,0.311,0.0,0.0411,0.8,99.708,4,653552.0,63,0,1.9015001497275719,0.33508414652859025
14,336707,0,0.688,0.291,0,-18.136,1,0.833,0.598,0.0,0.501,0.408,119.546,4,6155.0,57,1,-1.820102338021932,1.8257754621598226
9,207427,0,0.447,0.559,2,-7.491,1,0.0291,0.431,0.00224,0.176,0.264,105.958,4,8476.0,37,3,-0.25073677546139456,-1.007456334816739
15,210373,0,0.488,0.549,5,-9.24,1,0.0287,0.544,6.97e-06,0.149,0.413,76.386,4,1461.0,29,3,-0.5290277403724003,-0.495164803280894
1,207000,0,0.752,0.864,2,-5.312,1,0.0532,0.0337,8.78e-05,0.0485,0.621,125.053,4,478.0,18,0,2.3006182697988056,-0.2563668071959388
9,241321,0,0.565,0.396,5,-8.528,1,0.0705,0.841,5.3e-06,0.109,0.432,143.504,3,1153.0,26,3,-0.6148494124172955,-0.7814380539232473
14,180333,0,0.748,0.508,11,-12.381,1,0.0395,0.448,0.0,0.167,0.964,132.312,3,1394.0,34,0,0.671454148494838,0.657067335455147
23,279340,1,0.539,0.484,2,-5.147,1,0.463,0.471,0.0,0.101,0.567,186.767,4,58164.0,43,0,0.7078532115768805,-0.4880549369922147
10,228893,0,0.547,0.827,9,-7.123,0,0.036,0.000897,0.901,0.0913,0.0946,130.007,4,2384.0,29,2,0.3686803625717735,-2.4243522430060875
15,227160,0,0.728,0.877,9,-6.692,1,0.0673,0.211,0.000428,0.105,0.794,91.679,4,25479.0,55,0,1.917281011735518,0.27090342988075694
6,135107,0,0.381,0.412,8,-8.894,1,0.0394,0.8,0.0,0.275,0.617,128.074,4,761042.0,66,3,-0.7926254315004002,-0.3275867717840718
29,87773,0,0.661,0.458,1,-15.545,1,0.943,0.609,0.0,0.752,0.744,80.369,4,23593.0,71,1,-1.2923575167135102,3.921297082324211
21,202800,0,0.629,0.684,2,-9.419,0,0.0516,0.00361,0.902,0.067,0.61,131.043,4,5065.0,34,2,0.6069790653028541,-1.4480526739632202
36,58795,0,0.627,0.237,2,-16.145,1,0.94,0.338,0.0,0.45,0.557,171.233,3,128057.0,82,1,-1.1710418813720704,2.445964283467085
3,160973,0,0.602,0.461,5,-13.763,1,0.0433,0.974,0.000687,0.311,0.895,88.237,4,2730.0,21,3,-0.9455905849278952,1.006751185099704
15,315800,0,0.41,0.115,0,-19.848,1,0.0327,0.969,0.000145,0.101,0.168,95.724,3,2304.0,9,3,-3.4314867946202825,-1.2184236457802475
29,198067,0,0.507,0.628,4,-8.16,0,0.0361,0.747,0.000134,0.193,0.45,131.034,4,35765.0,44,3,-0.10383790246899617,-0.6419450225035415
0,152307,0,0.724,0.251,1,-14.461,1,0.0375,0.798,1.49e-05,0.0828,0.857,108.831,4,1982.0,15,3,-0.9381253323629856,0.7198997486753946
22,217333,0,0.425,0.498,4,-7.478,1,0.0287,0.655,0.0,0.147,0.357,79.438,4,436.0,13,3,-0.7653578080857654,-0.784007477319299
19,234627,0,0.628,0.969,7,-6.878,1,0.188,0.114,0.0,0.9,0.244,112.92,4,37885.0,42,0,1.3339287785012068,0.8345861243104115
30,205662,0,0.655,0.531,9,-13.582,0,0.0331,0.214,0.000297,0.103,0.561,101.43,4,5427.0,34,0,0.06462152129627556,-0.10542268684303158
46,263224,0,0.598,0.416,4,-6.205,1,0.0273,0.543,7.1e-06,0.268,0.535,117.976,4,40904.0,50,3,0.11692945540500851,-0.37712429544019394
55,237000,0,0.36,0.233,7,-11.512,1,0.0509,0.9,3.96e-06,0.106,0.37,77.436,4,571817.0,60,3,-2.2045201220993245,-0.8533775772648038
39,254080,0,0.525,0.75,7,-6.731,1,0.0394,0.0179,3.86e-06,0.145,0.375,143.963,4,306298.0,52,0,1.37359737776511,-1.2662740552677554
33,61880,0,0.759,0.54,7,-8.488,1,0.938,0.902,0.0,0.664,0.872,76.978,5,84951.0,73,1,-0.4791613200308753,4.191730134237754
16,143667,0,0.489,0.203,9,-11.865,1,0.0279,0.968,0.00691,0.089,0.316,66.444,4,54827.0,43,3,-2.389258068496088,-0.2460417853145061
22,213067,0,0.233,0.0416,8,-28.992,0,0.0458,0.642,4.87e-06,0.084,0.127,137.432,4,54.0,29,3,-4.235122395685271,-1.5726508883752415
16,293033,0,0.565,0.351,7,-12.118,1,0.0237,0.707,0.0,0.178,0.25,81.844,4,17726.0,39,3,-1.4953259294942978,-0.6554098461875012
23,259800,0,0.671,0.204,9,-16.092,0,0.0269,0.282,2.63e-05,0.108,0.0989,96.706,4,1494.0,22,3,-1.5971463060165916,-0.6869196446648137
44,253000,0,0.476,0.338,5,-13.892,1,0.0371,0.565,5e-05,0.0931,0.23,167.958,4,518246.0,47,3,-1.148904649936755,-1.528503531568611
52,247640,0,0.431,0.543,10,-9.96,1,0.0394,0.122,0.000123,0.0598,0.44,77.507,4,291411.0,59,3,-0.055637599630791686,-0.9718214451714706
12,143160,0,0.543,0.306,9,-11.5,1,0.0387,0.928,2.81e-06,0.403,0.718,125.444,4,319.0,11,3,-1.1061506871872049,0.5388881009804247
22,154733,0,0.687,0.792,4,-11.949,0,0.0337,0.0864,0.000199,0.0901,0.962,141.962,4,14753.0,33,0,1.8043415276645767,0.23845987349332692
0,164507,0,0.671,0.492,10,-13.83,1,0.0395,0.995,0.898,0.156,0.969,109.993,4,474.0,11,2,-1.2613686135857018,-0.12710068545701905
29,240867,0,0.613,0.437,4,-9.202,0,0.0252,0.597,1.15e-06,0.228,0.334,108.111,4,100394.0,52,3,-0.5335138137579089,-0.441175081435093
37,61987,0,0.549,0.374,0,-16.08,1,0.357,0.739,4.28e-06,0.439,0.454,99.708,3,613060.0,90,1,-1.8720000457763661,1.4692587191065891
36,71502,0,0.704,0.124,1,-27.221,1,0.857,0.21,0.000625,0.0723,0.59,128.627,5,128057.0,82,1,-2.405406151517562,2.2996945125512323
34,258377,0,0.776,0.782,10,-5.413,0,0.106,0.174,0.0,0.123,0.838,118.047,4,26851.0,40,0,2.195588102044216,0.23945471628526468
48,188707,0,0.766,0.992,3,-6.172,1,0.0384,0.0196,0.000914,0.317,0.961,130.002,4,7449.0,34,0,2.9807102530676115,0.6868825077646853
47,207307,0,0.708,0.802,5,-6.853,1,0.0477,0.318,0.0,0.151,0.785,124.641,4,58494.0,45,0,1.7442885721224224,0.11343393040412598
33,100027,0,0.697,0.396,8,-9.888,1,0.949,0.718,0.0,0.718,0.55,85.088,5,23593.0,71,1,-1.153991139829024,3.565180991071596
0,165224,0,0.317,0.0324,11,-21.056,1,0.0489,0.995,0.527,0.132,0.194,168.99,3,62.0,2,2,-3.9561558380843445,-1.880373490380384
32,164533,0,0.256,0.477,11,-10.857,0,0.0345,0.114,0.00119,0.384,0.573,84.55,3,2276.0,23,3,-0.4437337872110771,-0.4312594970472947
41,187554,0,0.683,0.606,7,-6.149,0,0.113,0.244,0.0,0.057,0.397,151.924,4,92088.0,47,0,1.072980887584105,-0.6113682455398136
24,197187,0,0.481,0.245,6,-10.805,0,0.0339,0.918,0.000708,0.0975,0.0602,128.535,4,483635.0,62,3,-2.030450056366679,-1.218482940499726
49,242667,0,0.575,0.853,5,-6.512,1,0.0719,0.18,0.000277,0.28,0.748,122.699,4,4658.0,35,0,1.801413763552191,-0.14355897114188576
28,66273,0,0.733,0.318,11,-16.297,0,0.956,0.6,0.0,0.448,0.659,87.48,5,79023.0,76,1,-1.6010660151159004,3.5225580518527866
2,263361,0,0.639,0.606,0,-10.989,0,0.0307,0.114,0.00106,0.222,0.949,142.257,4,268.0,11,0,1.4114193205606937,-0.03646364895757324
53,201590,0,0.739,0.782,1,-3.964,1,0.103,0.00549,1.41e-05,0.315,0.604,125.94,4,2153144.0,68,0,2.19715032810273,0.2650407860327977
15,200204,0,0.601,0.361,5,-16.988,0,0.0301,0.722,0.567,0.0731,0.627,83.754,4,310.0,10,2,-1.9356221965772964,-0.4701564528013795
33,231440,0,0.414,0.595,6,-6.08,0,0.0264,0.000841,0.0,0.188,0.131,90.924,4,3026.0,23,3,0.25712036483191447,-1.345290857397379
28,71133,0,0.623,0.666,1,-11.105,1,0.743,0.574,0.0,0.349,0.711,99.614,3,84951.0,73,1,-0.1714740408359808,2.4225528362519073
48,215960,0,0.649,0.74,0,-6.732,1,0.0471,0.216,0.0,0.504,0.402,123.994,4,32809.0,49,0,1.1120858506637143,0.08757260162118832
30,199640,0,0.73,0.515,0,-8.98,1,0.0342,0.366,0.0,0.19,0.802,91.508,4,16297.0,39,0,0.6562744401433658,0.583287669132298
54,238267,0,0.858,0.8,11,-4.308,0,0.256,0.0448,0.0,0.0408,0.911,93.98,4,64599.0,47,0,2.5327442059934597,0.8952151304022756
18,175462,0,0.696,0.429,0,-15.581,1,0.81,0.924,2.21e-06,0.341,0.638,131.285,1,1255.0,31,1,-1.37786245120738,2.2618162744145907
24,292333,1,0.615,0.96,0,-4.446,1,0.0849,0.00125,0.00162,0.347,0.91,89.008,4,9294.0,43,0,2.578612407274308,0.29093719904198273
26,291240,0,0.446,0.487,11,-8.619,0,0.0554,0.57,0.0,0.109,0.275,102.816,3,23057.0,51,3,-0.672380363910982,-1.2601701668390815
23,233267,1,0.912,0.581,10,-3.281,0,0.221,0.0821,0.00507,0.136,0.62,111.937,3,37468.0,42,0,1.912264156695672,0.6672368540993394
41,197773,0,0.471,0.832,1,-5.606,0,0.12,0.0333,0.0,0.0937,0.679,193.946,4,300488.0,56,0,2.2229345481927503,-1.160042554262035
32,90712,0,0.749,0.261,3,-15.288,1,0.938,0.91,0.0,0.433,0.674,69.795,5,128057.0,82,1,-2.0924575678236597,3.6217825943114663
8,144613,0,0.403,0.498,3,-8.895,1,0.0914,0.112,0.0,0.275,0.862,205.464,4,41327.0,37,0,1.187278458467118,-0.628715831166947
41,338853,0,0.388,0.538,9,-11.294,0,0.034,0.381,0.000665,0.349,0.201,169.018,4,1258.0,27,3,-0.33012848842067205,-1.7470510083080235
14,44307,0,0.627,0.253,11,-10.199,0,0.0645,0.947,0.0316,0.308,0.471,67.573,3,35295.0,65,3,-1.7702470392786358,1.041279035457946
40,152000,1,0.832,0.723,11,-5.487,0,0.283,0.557,0.0,0.194,0.79,98.004,4,24904.0,46,0,1.270234501116987,1.432032096997561
43,290947,0,0.472,0.857,7,-3.406,1,0.0388,0.0105,0.0,0.136,0.769,136.058,4,15633.0,42,0,2.37615887411574,-1.0862761432764902
18,222120,0,0.576,0.798,9,-7.964,1,0.0421,0.846,0.00226,0.125,0.948,119.212,4,19287.0,54,0,0.8752661484375975,0.045503129516100506
31,228067,0,0.651,0.945,9,-4.557,1,0.0606,0.163,1.95e-06,0.0657,0.808,102.977,4,11039.0,41,0,2.331350835470954,-0.14608099514806389
34,246893,0,0.617,0.811,1,-5.854,1,0.0351,0.0176,0.00111,0.0575,0.712,139.915,4,388080.0,58,0,2.177460438185535,-0.7517939922007276
45,100000,0,0.764,0.24,0,-9.921,1,0.0591,0.759,0.0,0.284,0.855,132.026,4,22133.0,70,3,-0.2982194069592138,1.140866942737098
26,223947,0,0.621,0.504,5,-7.379,0,0.0282,0.373,0.0,0.128,0.691,130.007,4,220426.0,51,0,0.7390968997703542,-0.358128592618431
33,124467,0,0.632,0.541,1,-10.773,0,0.0681,0.726,1.28e-06,0.321,0.945,128.223,4,10271.0,29,0,0.22017228866352728,0.9212720927423561
32,283298,0,0.554,0.89,6,-3.238,1,0.0394,0.196,1.15e-05,0.0838,0.774,109.484,4,63147.0,44,0,2.182249745722417,-0.7022868382961759
0,147267,0,0.513,0.268,9,-10.241,0,0.0417,0.91,0.00124,0.196,0.544,76.815,4,378.0,7,3,-1.6020354499136091,0.1863545247556904
80,232907,0,0.606,0.799,9,-4.452,1,0.0261,0.0128,0.0,0.15,0.638,103.014,4,156207.0,68,0,1.931629087594659,-0.4324627780066913
45,260107,0,0.5,0.772,6,-6.508,0,0.0999,0.63,2.59e-06,0.435,0.699,128.113,4,51889.0,51,0,0.8302516185881634,-0.04162596430686128
8,193053,0,0.586,0.952,0,-5.207,1,0.0763,0.109,0.0,0.376,0.815,135.225,4,3732.0,37,0,2.3956771568029747,0.17687763644626533
14,120533,0,0.718,0.678,7,-9.534,1,0.0905,0.206,0.0,0.0776,0.965,135.544,4,372.0,24,0,1.6013520511846149,0.570270124582062
41,218720,0,0.964,0.472,1,-6.708,1,0.137,0.00607,0.0237,0.0462,0.595,124.024,4,1750.0,36,0,1.5722756232062312,0.43657641045468065
5,158160,0,0.646,0.429,10,-7.865,1,0.035,0.929,0.929,0.185,0.96,117.954,4,1261.0,28,2,-0.7275908777522495,-0.36355867035703465
45,285036,0,0.669,0.756,9,-5.836,1,0.0365,0.0486,0.0,0.24,0.929,136.078,4,16651.0,46,0,2.361996734114302,-0.10060785405581248
19,242987,0,0.675,0.657,10,-9.022,1,0.0335,0.241,7.42e-06,0.254,0.609,134.011,4,3258.0,38,0,1.0922134795666663,-0.18017201946591527
23,293973,0,0.677,0.729,10,-7.686,0,0.35,0.179,0.0,0.292,0.817,91.148,4,3912.0,15,0,1.366749048292264,0.9030891321576235
9,265360,0,0.578,0.87,2,-7.478,1,0.035,0.0842,0.0295,0.0644,0.882,125.063,4,2690.0,30,0,2.1041529963753813,-0.5722243310128986
20,293173,0,0.551,0.568,11,-15.124,0,0.032,0.199,0.00201,0.0405,0.853,173.548,4,3166.0,32,0,0.7566468798259677,-0.9347757154278612
6,255587,0,0.421,0.737,4,-6.237,1,0.0473,0.63,0.0,0.33,0.651,83.413,4,6866.0,27,0,0.33325699590187446,-0.27065672700579835
0,208878,0,0.598,0.185,3,-12.533,1,0.13,0.994,0.21,0.174,0.869,95.185,4,25.0,5,3,-1.6174947633079304,0.46411196002617455
35,85613,0,0.617,0.58,3,-9.877,1,0.804,0.132,0.0,0.195,0.732,71.638,5,613060.0,90,1,0.20971641674796437,2.3097528616533856
60,297617,0,0.56,0.331,0,-7.929,1,0.0287,0.454,0.00347,0.102,0.0781,115.094,4,432980.0,70,3,-0.7725990031184619,-1.415842062105408
36,99800,0,0.642,0.338,5,-13.61,1,0.836,0.498,0.0,0.35,0.533,86.656,4,613060.0,90,1,-1.3704302753840083,2.5097502859389103
23,208453,0,0.658,0.439,9,-4.271,1,0.0315,0.719,1.41e-06,0.29,0.804,112.849,4,2887.0,23,0,0.5054867130902158,0.3820833930646989
5,224400,0,0.46,0.77,7,-8.241,1,0.036,0.000154,0.000104,0.0568,0.714,130.612,4,9137.0,29,0,1.5361822817953201,-0.9651457727824194
17,296600,0,0.701,0.321,4,-17.467,0,0.318,0.166,0.0,0.115,0.661,143.827,3,22457.0,41,3,-0.3271787948164616,0.22594564323139357
0,133533,0,0.715,0.18,7,-13.45,1,0.936,0.632,0.0,0.159,0.512,129.256,5,17413.0,55,1,-1.5226891643969298,2.151637326005142
51,122800,0,0.697,0.538,0,-5.748,1,0.0412,0.605,2.83e-06,0.158,0.957,123.559,4,10535.0,45,0,1.0219639200523967,0.6578532303149947
16,73187,0,0.739,0.985,0,-7.372,1,0.191,0.431,2.37e-06,0.313,0.501,139.387,4,933.0,16,0,1.5423314644205894,0.8110115955338207
5,196013,0,0.68,0.552,9,-6.108,1,0.0585,0.187,0.00139,0.187,0.568,109.904,4,21703.0,43,0,0.9960434583230591,-0.01860331182191902
52,200387,0,0.726,0.714,5,-6.065,1,0.0451,0.445,0.0,0.117,0.77,102.966,4,50621.0,42,0,1.3247129879058046,0.27751106884669685
39,231053,0,0.408,0.197,1,-9.74,1,0.0422,0.753,0.0,0.0913,0.271,176.925,4,38135.0,46,3,-1.3085910437349395,-1.6689347119905542
40,195907,0,0.711,0.938,11,-3.606,1,0.0467,0.217,0.0,0.0718,0.762,129.032,4,104183.0,57,0,2.5288319831417496,-0.15088660263168435
43,174093,0,0.628,0.753,2,-6.719,1,0.0291,0.127,0.0,0.188,0.876,121.992,4,6183.0,40,0,1.8653928022688222,0.13258332812647597
18,210560,0,0.343,0.885,7,-6.769,1,0.0729,0.00166,0.153,0.171,0.389,131.433,4,326.0,22,0,1.1656560203517095,-1.5446945810162005
32,259954,0,0.553,0.683,4,-4.734,0,0.0324,0.00978,7.63e-06,0.0772,0.286,114.05,4,96702.0,41,0,1.1914801431859627,-1.2805062490646466
33,209868,0,0.509,0.786,4,-7.252,0,0.0467,0.23,0.0,0.372,0.891,208.178,4,23303.0,45,0,2.1180141306282585,-0.5037782841571424
35,376453,0,0.748,0.658,1,-7.694,1,0.208,0.0524,0.0,0.788,0.776,93.482,4,3222.0,29,0,1.5101075425326593,1.3288923117705238
1,174440,0,0.615,0.569,0,-7.207,1,0.036,0.284,0.0,0.173,0.616,105.978,4,523.0,11,0,0.7184602010416703,-0.05457559979290232
40,217187,0,0.719,0.673,1,-10.058,1,0.0585,0.00229,0.000339,0.108,0.756,127.983,4,2160.0,32,0,1.5661663957762575,-0.005213723712290835
13,197065,0,0.74,0.435,0,-7.153,1,0.0444,0.828,0.0,0.3,0.884,160.37,4,20.0,16,0,0.5805031817423422,0.5183966079486354
34,188000,0,0.734,0.721,4,-11.286,0,0.0393,0.0184,6.73e-05,0.124,0.958,133.777,4,433.0,21,0,1.8407265749436084,0.35345196464321393
32,201013,0,0.481,0.943,1,-4.096,1,0.0506,0.0166,0.0,0.0991,0.832,93.068,4,35178.0,45,0,2.2492783592591152,-0.4013862684451746
16,31800,0,0.617,0.236,11,-12.44,0,0.266,0.984,0.00249,0.824,0.643,145.776,4,35295.0,65,1,-1.5150888962072442,2.152012938516241
8,150383,0,0.511,0.546,11,-4.184,0,0.0382,0.891,0.0,0.196,0.727,106.854,4,6667.0,44,3,0.109299962872819,0.015500288742945035
61,204000,0,0.771,0.179,4,-16.702,0,0.064,0.971,0.811,0.0685,0.0374,112.018,1,327925.0,72,2,-3.1846403608713154,-1.0943618529421208
12,256653,0,0.381,0.44,7,-8.855,1,0.0272,0.651,0.00114,0.553,0.556,94.2,4,50767.0,46,3,-0.7719116230634412,-0.12404779147762765
45,248600,0,0.838,0.942,2,-5.047,0,0.0371,0.198,0.873,0.0581,0.582,94.633,4,2985.0,36,2,1.4977676252261065,-0.9084349534355503
22,251013,0,0.642,0.624,4,-7.198,1,0.0277,0.26,0.00719,0.155,0.552,107.062,4,23888.0,36,0,0.8925745928900362,-0.398625262685847
8,344560,0,0.293,0.415,5,-8.971,1,0.0312,0.769,0.000125,0.166,0.18,130.399,4,37303.0,42,3,-1.300638189818762,-2.044364993365346
42,86893,0,0.606,0.622,11,-11.862,0,0.919,0.378,0.0,0.812,0.803,84.589,1,613060.0,90,1,-0.20944859587645176,3.735762612937141
51,191262,0,0.597,0.862,5,-6.097,1,0.0382,0.193,0.0196,0.133,0.634,138.912,4,2250749.0,73,0,1.820726349988697,-0.5363197762071912
21,202067,1,0.483,0.861,7,-6.186,1,0.0453,0.07,0.0,0.398,0.703,113.503,4,3409.0,29,0,1.7055509343959925,-0.10780325505419057
0,205667,0,0.531,0.224,9,-10.166,0,0.0333,0.825,0.0,0.0427,0.656,116.008,4,63623.0,43,3,-1.0824125462774148,-0.42780982745874135
36,224827,0,0.578,0.365,5,-11.212,0,0.0304,0.872,0.00168,0.143,0.284,109.883,4,225930.0,59,3,-1.3946899901453305,-0.5854949415437051
8,329240,0,0.426,0.638,7,-12.75,1,0.0483,0.558,0.723,0.18,0.547,126.983,4,911.0,11,2,-0.8257952814866176,-1.8610563279892713
11,182044,0,0.786,0.531,10,-12.191,1,0.0581,0.775,0.0,0.192,0.68,123.652,3,2910.0,15,3,-0.08636658100011561,0.6217700513052936
16,163267,0,0.619,0.472,0,-11.558,1,0.342,0.62,1.58e-06,0.385,0.955,180.983,4,5185.0,41,0,0.35940883106560567,1.0702340043263112
40,181733,0,0.438,0.425,11,-20.396,0,0.0307,0.35,4.03e-05,0.48,0.841,150.238,4,1516.0,28,3,-0.7939138107515694,0.2647970036994203
14,206320,0,0.29,0.551,1,-8.161,1,0.0356,0.91,0.0235,0.445,0.302,117.56,4,5565.0,29,3,-1.1811170829542925,-0.839792571893727
12,229573,0,0.674,0.498,2,-10.153,1,0.0316,0.77,0.0,0.131,0.697,131.148,4,50436.0,42,3,-0.002832548656693462,-0.07395088010687886
5,140760,0,0.589,0.235,9,-13.726,1,0.36,0.991,0.0196,0.0914,0.631,171.653,4,106551.0,53,3,-1.4423328746712822,0.37187245612081143
23,308640,0,0.182,0.153,6,-13.042,1,0.0311,0.944,0.0113,0.0889,0.0827,82.803,4,687.0,26,3,-3.1870508613344537,-1.9891906810572286
43,338520,0,0.446,0.555,7,-7.259,1,0.0356,0.705,0.000461,0.437,0.248,135.842,4,14867.0,38,3,-0.3902711680247551,-1.137972323425818
36,188331,0,0.759,0.582,7,-13.176,1,0.0527,0.0287,0.0,0.392,0.622,114.013,4,5681.0,32,0,0.7486873798062174,0.721762568388428
18,245693,0,0.548,0.427,2,-8.285,0,0.0272,0.163,6.04e-05,0.204,0.245,89.772,4,5355.0,27,3,-0.20151398595185055,-0.7646623193235198
10,294895,0,0.612,0.535,1,-8.797,1,0.0674,0.739,0.204,0.082,0.613,129.499,4,16379.0,40,3,-0.09060892847801498,-0.8175399801366097
8,197960,0,0.474,0.597,7,-7.323,1,0.0308,0.0321,0.0,0.0812,0.52,93.673,4,24038.0,44,0,0.7093828244402538,-0.7702966530307773
21,309187,0,0.739,0.547,7,-9.24,1,0.0492,0.464,0.000678,0.0988,0.407,123.358,4,9903.0,26,0,0.3418474167664022,-0.5922810142106553
0,168733,0,0.531,0.203,10,-9.155,1,0.0519,0.924,0.0,0.0933,0.28,90.995,4,901.0,12,3,-1.858653073662035,-0.4460049139475092
32,299599,0,0.426,0.95,0,-3.618,1,0.209,0.00861,0.0,0.092,0.331,126.253,4,1297051.0,71,0,1.7842568488780943,-1.4309930788031873
26,199000,0,0.422,0.153,0,-10.846,1,0.0558,0.976,2.72e-06,0.132,0.149,210.192,3,1958.0,28,3,-1.7836604523166426,-1.7331808671088413
29,172160,0,0.687,0.173,10,-11.777,1,0.109,0.909,0.00233,0.109,0.232,102.053,4,454706.0,52,3,-1.9415446550381785,0.010102255346097398
36,85587,0,0.642,0.595,0,-12.34,1,0.915,0.366,0.0,0.0883,0.554,113.501,3,613060.0,90,1,-0.29196337147627766,1.9938724982049885
21,197907,0,0.68,0.467,7,-9.453,0,0.0348,0.395,0.0,0.107,0.939,153.456,4,14747.0,37,0,0.9694875967350677,0.04498709826768778
9,159493,0,0.403,0.549,9,-10.586,0,0.0377,0.64,0.109,0.237,0.447,178.058,4,60.0,9,3,-0.37327627616292963,-1.129054384774938
36,66347,0,0.651,0.509,1,-10.832,1,0.731,0.0593,0.0,0.277,0.487,47.513,5,613060.0,90,1,-0.36355354452879574,2.3451783367986656
43,225160,0,0.56,0.383,1,-15.797,0,0.171,0.591,0.000503,0.0589,0.528,115.141,4,450319.0,62,3,-1.1650465172298992,-0.20419290683634667
32,230520,0,0.642,0.82,11,-6.789,0,0.0432,0.000483,0.0,0.209,0.699,124.982,4,14592.0,33,0,2.018345227563477,-0.22788642611099535
9,248504,0,0.47,0.594,7,-8.007,0,0.0479,0.117,0.0,0.648,0.703,116.245,4,10834.0,31,0,0.8490185414337563,0.21610800433584357
11,191573,0,0.3,0.455,7,-10.53,1,0.0511,0.747,1.02e-05,0.217,0.277,78.022,4,421502.0,56,3,-1.6571949446600593,-0.8473797241015061
15,144547,0,0.582,0.462,8,-9.241,0,0.0352,0.821,1.91e-06,0.395,0.59,132.25,4,13890.0,30,3,-0.4350283143543305,0.32131492153879126
21,227333,0,0.738,0.612,2,-8.626,0,0.0604,0.452,0.0031,0.0516,0.765,155.539,4,2806.0,28,0,1.19173525893254,-0.19927677524006512
9,285280,0,0.628,0.701,4,-5.054,0,0.0518,0.65,0.0,0.34,0.818,104.864,4,2913.0,20,0,1.0593403982498248,0.22973502007138713
15,291413,0,0.549,0.392,9,-10.999,1,0.0268,0.889,0.000777,0.0926,0.299,110.029,4,2555.0,22,3,-1.3090475266520505,-0.9712756763033895
12,270173,0,0.427,0.655,10,-6.567,0,0.0356,0.987,0.92,0.234,0.253,105.051,4,14855.0,35,2,-1.4661093162244119,-2.022620660155288
19,224360,0,0.322,0.292,5,-11.466,1,0.0473,0.544,4.57e-05,0.0671,0.186,78.782,4,2186.0,18,3,-1.8768426550153794,-1.3155186741039806
57,207086,0,0.615,0.3,4,-8.305,1,0.0303,0.837,0.0,0.102,0.291,128.875,4,60482.0,60,3,-1.0047913644922786,-0.6952288084382148
29,89520,0,0.551,0.607,5,-13.365,1,0.94,0.661,0.0,0.651,0.3,86.645,4,23593.0,71,1,-1.5144676447839238,2.799519367402568
42,264320,0,0.431,0.582,0,-8.511,1,0.033,0.226,0.0,0.117,0.31,168.079,4,29282.0,33,0,0.458305583683862,-1.7659944191359895
6,275981,0,0.298,0.943,7,-8.121,1,0.114,0.0294,0.235,0.172,0.479,82.331,4,231.0,6,0,0.805213773891749,-1.3844286392835943
47,294400,0,0.851,0.522,7,-10.871,0,0.0525,0.29,0.217,0.372,0.813,119.963,4,805068.0,66,0,0.8317901462046375,0.5476343485191117
0,251107,0,0.469,0.303,11,-13.144,0,0.062,0.981,0.259,0.1,0.354,108.144,4,90.0,3,3,-2.1771327273714554,-1.0735046922038736
41,190373,0,0.525,0.771,7,-4.192,1,0.0343,0.584,0.000364,0.151,0.768,150.04,4,29052.0,29,0,1.4232650580888873,-0.53161719255035
5,201773,0,0.638,0.86,1,-3.401,1,0.0459,0.0254,0.022,0.0944,0.744,127.999,4,7284.0,45,0,2.4730263411525426,-0.40301564346805435
31,66825,0,0.712,0.116,2,-26.876,1,0.86,0.672,0.0,0.331,0.543,117.436,3,128057.0,82,1,-3.1809366234616667,2.9446409755322738
15,349707,0,0.363,0.649,5,-4.881,0,0.0329,0.792,0.0119,0.953,0.398,102.214,4,3063201.0,68,3,-0.2749762026277562,-0.07345523768424976
47,160798,0,0.703,0.49,9,-5.132,1,0.0475,0.57,0.0,0.305,0.704,125.973,4,332531.0,65,0,0.7204742732438653,0.4816613449144899
4,252000,0,0.571,0.305,0,-16.557,1,0.0343,0.763,0.0,0.0978,0.536,131.228,4,39169.0,35,3,-1.448451246936374,-0.5245061549177874
18,282545,1,0.793,0.773,1,-5.772,1,0.235,0.0167,0.0,0.158,0.438,86.975,4,1440.0,21,0,1.607028756946846,0.24199094723758713
11,186213,0,0.448,0.252,5,-12.383,0,0.0351,0.746,1.56e-06,0.118,0.454,89.747,4,752.0,15,3,-1.7351588386986136,-0.4690105592741873
15,234040,0,0.555,0.901,4,-3.793,0,0.0477,0.000424,0.0554,0.2,0.773,125.002,4,130650.0,51,0,2.42264754324872,-0.511527600154592
0,193505,0,0.673,0.253,1,-13.596,1,0.726,0.986,0.0832,0.113,0.856,150.167,4,25.0,5,1,-1.267668286977537,1.5783860180679663
26,66994,0,0.75,0.354,4,-15.165,1,0.947,0.115,0.0,0.614,0.727,71.393,3,79023.0,76,1,-0.7410235123058404,3.9081082432648384
5,69013,0,0.362,0.985,11,-5.485,0,0.0563,2e-05,0.664,0.545,0.345,139.087,4,627.0,15,0,0.9995215040116487,-1.0499162274085134
26,135333,0,0.407,0.792,9,-6.004,0,0.0668,0.518,1.03e-05,0.32,0.72,124.493,4,1858.0,22,0,0.8811734468111347,-0.12839905323851053
20,273013,0,0.737,0.952,7,-4.67,1,0.0585,0.00417,5.45e-05,0.0879,0.615,130.135,4,53799.0,42,0,2.641231758429273,-0.5086129601118174
63,245320,0,0.772,0.235,7,-9.075,0,0.0479,0.753,0.00125,0.111,0.703,154.802,4,420999.0,62,3,-0.13208243637101766,-0.043721962018479374
30,271040,0,0.672,0.992,0,-7.067,1,0.0375,0.15,0.00744,0.37,0.956,142.946,4,20123.0,32,0,2.676202970788676,0.19933363822447478
0,189707,0,0.845,0.333,5,-12.305,1,0.0503,0.991,0.876,0.0906,0.699,128.6,3,3027.0,23,2,-1.3701081372924824,-0.31759358628549583
23,273680,0,0.566,0.403,7,-7.899,1,0.0265,0.0533,6.82e-05,0.183,0.195,123.768,4,13266.0,32,3,0.13956772931317854,-1.1939001020654187
46,196336,0,0.501,0.824,10,-4.794,0,0.0646,0.0562,7.84e-06,0.173,0.429,170.006,4,73408.0,54,0,1.8343901645829088,-1.1905732711653116
21,213160,0,0.814,0.904,11,-6.33,0,0.0469,0.16,0.0063,0.283,0.871,134.933,4,11197.0,45,0,2.577972769541829,0.5772972175101602
63,256613,0,0.588,0.694,11,-4.278,0,0.0387,0.00948,0.0,0.113,0.271,126.027,4,639247.0,60,0,1.3683917147009235,-1.2152182007361798
0,193827,0,0.426,0.223,3,-15.16,1,0.0485,0.922,0.614,0.259,0.353,121.284,4,123.0,7,2,-2.8086773801600193,-1.1657158508765608
22,208248,0,0.738,0.754,10,-10.988,0,0.0512,0.00591,2.93e-05,0.187,0.77,141.04,4,31913.0,47,0,1.7674608936614724,0.13961092125591745
28,68260,0,0.675,0.378,9,-16.821,0,0.95,0.535,0.0,0.156,0.619,50.653,3,79023.0,76,1,-1.7748078457109835,3.0267390845802957
36,240667,0,0.698,0.29,11,-11.866,1,0.031,0.307,0.0,0.254,0.123,79.686,4,464746.0,62,3,-1.0699965097128594,-0.2112463919810538
33,299147,0,0.546,0.59,0,-11.949,1,0.0336,0.114,5.28e-05,0.0703,0.594,115.932,4,7365.0,40,0,0.5289627076925028,-0.8942153701159016
50,232280,0,0.575,0.803,8,-5.717,1,0.427,0.158,0.0,0.18,0.752,92.221,4,1073883.0,68,0,1.4596325276209932,0.6614036408850767
17,205400,0,0.554,0.767,7,-11.601,1,0.0337,0.0293,0.00324,0.138,0.454,143.103,4,47249.0,43,0,1.0074801462990308,-0.8476434995054545
45,191293,0,0.702,0.918,0,-3.348,1,0.0388,0.0439,0.0,0.181,0.941,123.953,4,55528.0,53,0,2.9238623550308738,0.23655186855464974
0,126973,0,0.691,0.5,10,-16.301,0,0.954,0.838,0.0,0.295,0.661,90.541,5,17413.0,55,1,-1.5058813737712184,2.943884644832955
43,328160,0,0.402,0.618,10,-5.936,1,0.0352,0.686,1.45e-05,0.224,0.467,151.284,4,3063201.0,68,3,0.2525144022146257,-1.4894241166243491
6,115168,0,0.407,0.618,10,-10.483,0,0.105,0.00648,0.00934,0.401,0.927,102.015,4,12831.0,29,0,0.8115640620384225,0.562753805788008
30,253493,0,0.653,0.305,5,-13.203,1,0.0388,0.68,0.0,0.17,0.404,74.64,4,18981.0,51,3,-1.4051225105672402,-0.012437833319918764
13,245966,0,0.492,0.555,9,-8.183,1,0.0277,0.109,0.0,0.0856,0.121,103.256,4,213.0,15,3,0.017267106749972595,-1.4044523611479038
18,197973,0,0.478,0.697,9,-6.423,1,0.109,0.000219,0.036,0.133,0.64,178.687,4,326.0,22,0,1.7139042383423242,-1.0472330774803564
6,195987,0,0.325,0.116,11,-16.319,0,0.0369,0.982,0.00173,0.117,0.123,97.691,3,1413.0,27,3,-3.3518383794240045,-1.1382265394813458
4,214267,0,0.507,0.38,10,-16.213,1,0.076,0.0067,0.005,0.109,0.458,107.815,4,21148.0,34,3,-0.613662378909187,-0.580651873428069
16,122213,0,0.61,0.477,0,-6.555,1,0.0288,0.698,0.00163,0.12,0.662,125.803,4,7144.0,35,3,0.166315446158823,0.0006534886325341242
55,207432,0,0.687,0.587,3,-6.876,0,0.239,0.265,3.42e-05,0.135,0.145,119.828,4,253413.0,67,0,0.33994800385646995,-0.3155793933713271
16,237893,0,0.652,0.381,0,-10.046,1,0.0272,0.768,0.0,0.357,0.542,110.095,4,2863.0,35,3,-0.6493480503995902,0.21545635747404968
8,184907,0,0.43,0.309,9,-14.525,1,0.0431,0.335,0.00511,0.186,0.547,71.609,4,998.0,22,3,-1.3052930691155467,-0.187726395205999
41,244268,0,0.419,0.325,9,-10.268,1,0.0314,0.802,0.000572,0.674,0.147,80.707,4,103944.0,54,3,-1.9739109889646533,-0.08028137388022805
12,105747,0,0.409,0.554,9,-8.324,1,0.113,0.418,0.911,0.0527,0.964,177.733,4,1324.0,24,2,0.1754240006744273,-1.4201897596340782
33,138347,0,0.764,0.493,8,-9.184,1,0.0367,0.893,0.0135,0.0718,0.863,130.987,4,10535.0,45,0,0.21593591419617544,0.5734347389297737
27,46140,0,0.629,0.333,8,-17.198,1,0.941,0.318,0.0,0.582,0.635,140.297,4,79023.0,76,1,-1.15688604660377,3.068121174261491
17,118707,0,0.69,0.335,10,-11.687,1,0.0338,0.925,0.0,0.103,0.892,110.846,4,14663.0,37,3,-0.6570814304855288,0.7677064547286783
21,279440,0,0.504,0.483,7,-12.106,0,0.0269,0.0401,0.000113,0.211,0.21,139.274,4,46238.0,49,3,-0.07861832625893832,-1.34076309505439
40,302160,0,0.679,0.7,9,-8.431,0,0.0303,0.183,8.97e-05,0.309,0.65,115.66,4,114127.0,59,0,1.3046685347835485,-0.12204751742050496
3,268600,0,0.471,0.682,5,-8.677,1,0.0386,0.237,7.97e-05,0.332,0.966,95.344,4,61.0,1,0,1.0845017944057789,0.06301593378185406
3,165251,0,0.301,0.267,0,-8.806,1,0.0303,0.76,0.0,0.224,0.335,78.044,4,63857.0,49,3,-1.848440610026489,-0.7316266703572585
27,53747,0,0.729,0.444,8,-10.285,1,0.956,0.44,0.0,0.791,0.754,78.798,3,33506.0,64,1,-0.46799911990535537,4.188256405250392
8,501350,0,0.384,0.533,0,-13.561,1,0.0304,0.0217,0.46,0.0866,0.38,139.876,4,2225.0,15,2,-0.26779837588807726,-2.886494150478799
16,209507,0,0.607,0.838,7,-8.827,0,0.0305,0.0313,0.000505,0.575,0.951,130.021,4,39386.0,41,0,2.0584149139601777,0.7156620869292594
35,419467,0,0.391,0.415,7,-10.388,0,0.0339,0.794,0.707,0.111,0.298,121.719,4,14187.0,45,2,-1.737076864609098,-2.638976079606867
44,316320,0,0.698,0.925,6,-6.133,0,0.0441,0.0149,3.52e-05,0.338,0.816,129.961,4,695563.0,69,0,2.618718590340936,-0.04621510895625558
34,90600,0,0.727,0.242,2,-18.126,1,0.945,0.669,0.0,0.235,0.648,83.846,3,128057.0,82,1,-2.054082098996596,3.0855780543451496
35,358768,0,0.534,0.909,9,-8.708,0,0.0599,0.00128,6.53e-06,0.0712,0.463,119.994,4,3943.0,28,0,1.5939214971522608,-1.3835230162252654
14,266627,0,0.583,0.444,11,-7.135,1,0.0239,0.52,0.0,0.236,0.228,136.036,4,9281.0,31,3,-0.19045513130820899,-0.9909323201429582
19,334971,0,0.359,0.225,11,-12.982,0,0.0291,0.939,3.92e-06,0.688,0.0859,101.476,4,1252.0,14,3,-2.650664375945397,-0.6519981103194608
76,176575,1,0.807,0.665,5,-5.249,0,0.276,0.0919,0.0,0.0788,0.557,164.964,4,3657199.0,91,0,1.9219004879779904,0.1722871982576489
2,196253,0,0.836,0.827,0,-7.047,1,0.104,0.0108,0.932,0.0502,0.616,133.863,4,933.0,27,2,1.4751364283960005,-0.9104656322536293
12,265868,0,0.757,0.844,5,-12.766,0,0.0499,0.158,0.0,0.103,0.505,119.682,4,422.0,17,0,1.1686309877278245,-0.26666203848885
29,507533,0,0.384,0.453,2,-6.59,1,0.117,0.0716,2.8e-05,0.124,0.306,143.331,4,25661.0,39,3,0.4613451887836229,-2.4149700239434932
51,216408,0,0.691,0.711,4,-6.506,0,0.224,0.144,0.0,0.111,0.19,102.594,4,226516.0,68,0,0.7922354273941806,-0.2771482364801937
9,176427,0,0.579,0.441,5,-10.498,1,0.0317,0.441,0.0,0.31,0.86,95.377,5,2169.0,33,0,0.057378273300224984,0.580376020060808
40,221307,0,0.6,0.862,5,-4.701,0,0.0311,0.0421,0.0,0.0359,0.541,103.101,4,30821.0,39,0,1.874199696053753,-0.7203016408618933
58,129560,0,0.641,0.823,7,-6.791,0,0.0376,0.161,0.0,0.0927,0.428,91.064,4,79878.0,66,0,1.1763094455855214,-0.16019524253637973
30,384566,0,0.799,0.737,0,-7.166,0,0.0485,0.00513,0.909,0.026,0.593,124.006,4,2332.0,40,2,1.285772509797556,-1.7291775957260371
22,207150,0,0.586,0.522,7,-5.232,1,0.425,0.289,0.0,0.306,0.794,199.225,4,74235.0,45,0,1.4333803795088986,0.3183730289469491
0,185680,0,0.462,0.251,1,-11.95,0,0.0393,0.989,0.909,0.116,0.382,70.469,5,760.0,3,2,-2.958610767264962,-1.283094736461682
1,212720,0,0.581,0.09,0,-17.153,1,0.461,0.937,0.0001,0.122,0.364,198.226,3,26439.0,42,3,-2.226286577763324,-0.055921331099740304
21,143426,0,0.647,0.551,5,-13.811,1,0.0379,0.293,0.0227,0.0584,0.96,117.688,4,445.0,28,0,0.5410480833896015,0.38272650769053784
9,299721,0,0.594,0.689,0,-9.869,1,0.0386,0.768,0.000606,0.0606,0.92,145.997,4,5884.0,21,0,0.7694004419143927,-0.49324920657293164
21,253933,0,0.633,0.658,9,-7.275,0,0.0394,0.24,2.19e-06,0.108,0.609,81.399,4,25479.0,55,0,0.8917847804526897,-0.23495421442691386
48,185431,0,0.652,0.733,4,-6.368,0,0.0906,0.0456,0.0,0.103,0.754,108.062,4,905489.0,59,0,1.7477611265964628,0.05673903706017056
0,174896,0,0.742,0.179,9,-10.9,1,0.179,0.995,0.0967,0.111,0.715,75.447,3,4483.0,5,3,-1.5052620272315556,0.9842563473833248
21,291453,0,0.696,0.521,9,-10.418,1,0.0414,0.186,0.038,0.164,0.436,135.712,4,1221.0,14,0,0.5451354615319325,-0.6750231624321263
14,135160,0,0.744,0.164,3,-9.03,1,0.164,0.942,0.0,0.289,0.719,96.702,4,646.0,20,3,-1.091746209164117,1.3202755950814993
40,268333,0,0.624,0.595,0,-9.605,1,0.0353,0.462,0.928,0.123,0.604,90.461,4,1591.0,29,2,-0.49677899037512485,-1.2326814298277222
45,216573,0,0.579,0.203,9,-15.216,0,0.0657,0.292,0.0,0.0866,0.602,138.798,4,25756.0,46,3,-0.77818344413998,-0.44391531921525884
35,64762,0,0.694,0.322,0,-16.301,0,0.943,0.464,0.0,0.286,0.557,139.077,3,128057.0,82,1,-1.2449155517323534,2.5675491961402743
32,247451,0,0.625,0.856,9,-4.375,0,0.0444,0.63,0.0,0.0455,0.676,113.973,4,1297051.0,71,0,1.3865873274415381,-0.4776477373667925
17,145973,0,0.248,0.843,11,-8.357,0,0.0342,2.79e-06,0.843,0.0841,0.777,195.936,4,3161.0,29,2,1.1139769551115477,-2.499821623013308
0,161634,0,0.767,0.274,0,-16.571,1,0.0666,0.995,0.809,0.141,0.868,124.403,4,62.0,0,2,-1.8570713929960119,0.10361904847325361
35,355947,0,0.475,0.0111,7,-29.402,0,0.0444,0.996,0.951,0.108,0.14,66.264,4,3720.0,50,2,-5.556484173337982,-1.7554640572456357
54,175040,0,0.549,0.312,6,-8.737,0,0.0248,0.843,0.0,0.113,0.44,93.011,4,356335.0,60,3,-1.1929353955393889,-0.29659133795482545
20,205293,0,0.543,0.0876,0,-13.874,1,0.033,0.964,0.0,0.123,0.341,104.603,4,4482.0,40,3,-2.4426842988726927,-0.43031224467463663
10,183840,0,0.616,0.549,6,-8.327,1,0.375,0.965,0.337,0.223,0.967,65.554,4,28832.0,28,3,-0.5946951164203608,1.274771945933759
20,220212,0,0.849,0.783,9,-10.174,1,0.0866,0.109,3.34e-05,0.266,0.567,139.889,4,31913.0,47,0,1.6615117001453246,0.37226246958024556
41,252169,0,0.758,0.579,9,-14.312,0,0.0474,0.0179,0.000282,0.0648,0.791,122.023,4,2276800.0,67,0,0.9996670896026129,0.0628321793629941
18,138827,0,0.757,0.366,0,-18.531,1,0.04,0.719,8.73e-05,0.0905,0.932,111.672,4,1656.0,33,3,-0.8326832076422696,0.9984424528354289
55,224459,0,0.676,0.133,6,-9.667,1,0.0325,0.867,0.0,0.122,0.215,96.963,4,251779.0,69,3,-1.760049636958273,-0.3639366074963073
36,267759,0,0.569,0.556,7,-10.18,1,0.0441,0.00941,0.0,0.131,0.092,124.08,4,169197.0,42,3,0.17251107207544553,-1.3293239318005927
53,193648,1,0.734,0.793,6,-6.95,0,0.322,0.169,0.0,0.103,0.73,139.941,4,42564.0,52,0,1.8630637762972777,0.5017014204996597
54,276735,0,0.566,0.781,9,-6.402,1,0.037,0.102,1.53e-06,0.0256,0.785,87.957,4,830806.0,61,0,1.639741931610155,-0.5367926173526238
0,148133,0,0.426,0.569,1,-6.098,1,0.0496,0.883,3.59e-05,0.115,0.916,184.596,4,382.0,5,0,0.5918640638620185,-0.6227181671263666
26,238667,0,0.812,0.817,10,-9.824,0,0.0441,0.0298,2.91e-05,0.144,0.789,122.04,4,5237.0,21,0,2.0473455126067113,0.2744296988683593
73,233880,0,0.657,0.569,2,-6.287,1,0.0542,0.201,1.38e-05,0.126,0.399,102.054,4,743367.0,71,0,0.7209016264376018,-0.471050118798392
26,65867,0,0.676,0.541,9,-9.659,1,0.942,0.789,0.0,0.374,0.499,88.74,4,84951.0,73,1,-0.9561273084756301,2.8920157663065016
12,250498,0,0.338,0.336,7,-9.094,1,0.0364,0.745,1.09e-05,0.105,0.378,140.566,4,3063201.0,68,3,-1.1132563551269923,-1.535764963442787
41,266040,0,0.663,0.618,5,-11.993,0,0.0376,0.00779,0.00217,0.169,0.764,99.816,4,2734.0,33,0,1.0054314262154884,0.01036300297653067
25,298440,0,0.28,0.641,9,-5.789,0,0.0572,0.294,0.0,0.3,0.396,82.127,4,3063201.0,68,3,0.07950977780199832,-1.2039221538508504
10,135933,0,0.623,0.895,9,-6.133,1,0.0579,0.483,0.711,0.26,0.901,112.825,4,36534.0,51,0,1.0997003577586668,-0.15109370595811397
36,247667,0,0.722,0.423,7,-14.122,0,0.029,0.467,0.0,0.0395,0.233,108.243,4,1740.0,26,3,-0.822923006867649,-0.5686640405735842
9,198693,0,0.783,0.42,11,-12.369,1,0.0423,0.595,2.77e-05,0.174,0.662,126.462,4,4224.0,33,3,-0.09624282150872687,0.4192251720977242
36,81293,0,0.53,0.662,8,-10.044,1,0.316,0.246,0.0,0.221,0.686,98.554,5,613060.0,90,0,0.40063329748781457,0.8944435031002785
22,268493,0,0.69,0.505,5,-12.07,0,0.0288,0.0373,1.05e-05,0.0794,0.822,95.989,4,14543.0,32,0,0.8186890944891613,0.01010380736597769
5,115467,0,0.802,0.494,7,-10.536,1,0.116,0.736,0.0689,0.141,0.852,91.509,4,546.0,13,0,-0.01755910742876059,1.2495599914800462
19,326827,0,0.294,0.129,0,-21.18,1,0.0345,0.739,1.66e-05,0.106,0.0701,152.825,4,4792.0,29,3,-3.1649667875328737,-2.111305722974555
2,188587,0,0.585,0.869,9,-5.039,1,0.0288,3.46e-05,0.000688,0.114,0.851,110.316,4,741.0,8,0,2.3133767836866,-0.18668215585174072
27,97347,0,0.696,0.823,6,-7.749,0,0.958,0.315,0.0,0.491,0.565,77.961,3,23593.0,71,1,0.5719710565644405,3.0676703872932465
2,261013,0,0.39,0.176,7,-11.615,1,0.0362,0.952,0.126,0.11,0.322,183.672,3,395.0,9,3,-1.822424985482374,-1.8270718601709386
24,235356,0,0.343,0.616,7,-7.332,0,0.0324,0.103,5.53e-06,0.461,0.245,131.68,4,452001.0,58,0,0.29765020300599754,-1.1406523446880508
36,64360,0,0.713,0.564,8,-9.258,1,0.924,0.561,0.0,0.424,0.569,127.032,3,613060.0,90,1,-0.14968331957883804,2.78969120161841
19,328013,0,0.954,0.991,4,-5.768,0,0.0585,0.000855,0.0085,0.306,0.963,117.964,4,4837.0,35,0,3.3548021341547565,0.7977474234895859
30,205907,0,0.577,0.32,0,-13.751,1,0.0266,0.229,4.77e-06,0.14,0.358,96.571,4,503520.0,62,3,-0.8736484881338408,-0.44432436218635313
38,222053,0,0.502,0.761,4,-5.151,1,0.0326,0.000955,0.00916,0.154,0.384,127.603,4,8666.0,32,0,1.426836428227292,-1.1327511636475993
0,150130,0,0.695,0.363,4,-9.066,0,0.0884,0.677,0.000921,0.0678,0.711,78.866,4,5599.0,23,3,-0.4202958852489473,0.6178922131334088
59,231562,0,0.732,0.963,0,-3.072,1,0.0593,0.142,3.79e-05,0.0942,0.735,128.035,4,388225.0,59,0,2.7500143918041777,-0.20657184578585996
57,195947,0,0.574,0.35,9,-5.166,1,0.0282,0.848,0.0,0.338,0.421,135.036,3,131251.0,56,3,-0.4757115884788527,-0.2893905086914952
64,149733,1,0.812,0.595,1,-6.478,1,0.133,0.28,0.0,0.176,0.528,90.005,4,5001808.0,95,0,0.8984071027922587,0.7428997387562304
36,255583,0,0.622,0.613,6,-4.741,0,0.0296,0.265,0.0,0.0806,0.43,124.998,4,13222.0,38,0,1.0546550890153932,-0.9207343029022846
0,191627,0,0.734,0.506,0,-7.066,1,0.307,0.816,0.0,0.054,0.856,109.452,4,63623.0,43,0,0.3014627341113751,0.9462876022666713
0,196107,0,0.614,0.391,7,-10.671,1,0.0392,0.903,0.000676,0.0747,0.848,128.417,4,2679.0,21,3,-0.4127583441975295,0.05184439886963988
12,276600,0,0.767,0.296,9,-14.878,1,0.0425,0.495,0.0,0.0624,0.499,129.117,4,1307.0,16,3,-0.6540273221933416,-0.27104005344570636
33,251514,0,0.527,0.881,5,-6.094,0,0.0626,0.13,4.25e-05,0.287,0.65,139.896,4,24712.0,38,0,1.8887511226848424,-0.5743552531116891
47,241493,0,0.721,0.755,7,-2.349,0,0.0351,0.358,0.0,0.0857,0.782,83.95,4,121620.0,55,0,1.8404071465850145,0.09867473967851188
24,197427,0,0.485,0.236,9,-11.815,0,0.0282,0.887,0.0,0.369,0.217,130.805,4,12450.0,38,3,-1.9158967719770719,-0.5325736902735553
40,231573,0,0.767,0.569,11,-4.915,0,0.0724,0.0703,0.748,0.0493,0.956,95.079,4,1025.0,33,0,1.3088484887816754,-0.3916444207822728
29,242960,0,0.524,0.772,5,-9.867,1,0.0422,0.114,0.0339,0.176,0.961,95.411,4,7420.0,30,0,1.3862231198430301,-0.04416627775667673
22,171667,0,0.533,0.561,9,-10.483,1,0.0296,0.849,0.857,0.0737,0.534,97.816,4,461.0,21,2,-1.3855963109911111,-1.1963497659074602
18,207467,0,0.616,0.776,4,-8.616,1,0.0419,0.0477,0.0,0.0486,0.865,142.769,4,54804.0,43,0,1.9644512699319148,-0.3868625805467603
0,199146,0,0.633,0.87,9,-5.751,1,0.109,0.0429,1.83e-05,0.0666,0.262,127.892,4,1511.0,50,0,1.5744496331986901,-0.8418964431393693
29,239520,0,0.615,0.94,11,-2.069,0,0.0821,0.0859,0.197,0.357,0.948,130.014,4,541493.0,52,0,2.785646136690055,-0.0036735084207969106
23,151213,0,0.702,0.213,0,-12.255,1,0.0306,0.78,0.0,0.144,0.787,104.956,4,998.0,41,3,-0.9294512500762189,0.6590625844545521
39,170746,0,0.863,0.473,1,-7.976,1,0.0649,0.0759,0.534,0.089,0.454,100.553,4,15071.0,45,0,0.4284711068049656,-0.2347269273348837
21,162253,0,0.716,0.182,8,-15.516,1,0.912,0.593,0.0,0.156,0.494,79.875,3,6155.0,57,1,-1.9892375379403557,2.372831272538913
57,267840,0,0.806,0.758,10,-2.603,1,0.0405,0.259,0.0,0.447,0.944,146.143,4,848078.0,64,0,2.6789774621499842,0.6310743321009561
38,350955,0,0.572,0.317,7,-10.091,1,0.0326,0.685,1.01e-05,0.115,0.196,74.954,4,328750.0,58,3,-1.3937895481815021,-0.9907318944692616
2,65109,0,0.942,0.354,4,-8.631,1,0.0611,0.889,0.0,0.0744,0.968,116.75,4,175.0,14,0,0.25474348958687015,1.5897264157789464
29,320549,0,0.658,0.682,2,-4.269,1,0.0405,0.639,0.0,0.357,0.877,96.313,4,47445.0,44,0,1.210612105772289,0.313650003087404
0,167363,0,0.6,0.262,2,-6.955,1,0.0303,0.919,0.0,0.116,0.538,73.732,3,5599.0,23,3,-1.1451727210752436,0.12620168323438533
9,269973,0,0.803,0.382,11,-14.842,0,0.0899,0.0068,4.35e-05,0.0478,0.592,140.046,4,17450.0,43,0,0.44110060678777874,-0.17222435182037768
11,204344,0,0.597,0.739,7,-10.572,0,0.159,0.701,3.51e-05,0.388,0.759,119.832,4,12513.0,33,0,0.36550707822577816,0.6771482279492794
14,234000,0,0.61,0.429,9,-16.296,1,0.0375,0.551,1.87e-06,0.145,0.518,142.791,3,675.0,23,3,-0.7580013824345159,-0.4415933414972838
60,224341,0,0.697,0.808,3,-4.522,0,0.156,0.372,0.0,0.635,0.42,129.846,4,248671.0,66,0,1.3583892121672012,0.6170531823641469
18,220813,0,0.637,0.291,0,-12.973,1,0.0279,0.403,0.0,0.138,0.323,143.832,4,5462.0,34,3,-0.7310844865420573,-0.6987609723583315
37,265933,0,0.738,0.843,6,-8.035,0,0.0365,0.11,0.000353,0.51,0.972,126.509,4,939177.0,76,0,2.304452039292798,0.8140149656695879
2,256112,0,0.83,0.714,8,-5.228,1,0.092,0.374,0.0,0.27,0.668,103.005,4,323.0,34,0,1.5393686817987586,0.5788896427242428
5,189267,0,0.553,0.529,5,-9.553,1,0.0296,0.704,0.0,0.226,0.767,75.166,4,5747.0,35,3,-0.28457521292256255,0.37934654758372655
13,211800,0,0.713,0.858,8,-5.053,1,0.0363,0.277,0.000863,0.0619,0.971,115.017,4,43161.0,45,0,2.3225397267095094,0.16996838666173966
49,415907,0,0.428,0.535,0,-6.381,1,0.186,0.0102,0.557,0.604,0.318,94.91,4,36545.0,42,2,-0.07729416182715708,-1.2119374512671395
17,313627,0,0.578,0.25,1,-19.047,1,0.0544,0.866,0.0863,0.0874,0.702,124.861,4,3210.0,29,3,-1.8169856633724846,-0.45166054017559987
29,120837,0,0.453,0.548,4,-13.14,0,0.0326,0.195,0.761,0.0977,0.963,143.223,4,1447.0,22,2,-0.021367165360818934,-0.9857597468098057
36,96560,0,0.639,0.556,5,-9.855,1,0.926,0.788,0.0,0.449,0.649,108.671,1,23593.0,71,1,-0.6568853576589805,2.836395220626181
35,70813,0,0.791,0.364,7,-8.429,1,0.667,0.315,0.0,0.145,0.766,113.719,4,613060.0,90,1,0.2811937772638836,2.203991426830761
31,289637,0,0.535,0.794,5,-4.284,0,0.033,0.528,0.0,0.37,0.676,87.831,4,1297051.0,71,0,1.0730969920733808,-0.1160361224240123
18,215867,0,0.645,0.619,9,-11.447,1,0.0388,0.23,1.5e-05,0.252,0.866,97.305,4,12124.0,40,0,0.8055586545067497,0.47525307541838924
42,261724,0,0.722,0.809,2,-3.531,1,0.0913,0.426,0.0,0.582,0.675,119.946,4,44708.0,49,0,1.7627362698042068,0.7009398932995776
33,257053,0,0.3,0.518,1,-9.403,1,0.0649,0.557,0.0,0.0759,0.579,80.807,4,483635.0,62,3,-0.6662034899582367,-1.02243326399082
53,289613,0,0.865,0.614,6,-9.983,0,0.0347,0.877,0.818,0.0817,0.862,100.436,4,12019.0,48,2,-0.15779632774335292,-0.28593547175974815
13,282867,0,0.385,0.384,2,-13.04,0,0.0264,0.735,0.187,0.222,0.524,157.065,4,1529.0,14,3,-1.1640322896000697,-1.3920093065088617
41,292973,0,0.471,0.648,3,-4.613,1,0.0246,0.0314,0.000106,0.118,0.197,90.01,4,35178.0,45,0,0.70974340999944,-1.4769236290885799
22,168699,0,0.546,0.485,9,-6.408,1,0.0333,0.651,5.18e-06,0.433,0.366,77.923,4,66664.0,43,3,-0.5510142229378858,0.23053419807550693
0,1553707,0,0.715,0.271,4,-13.158,1,0.906,0.935,0.0,0.28,0.287,112.66,3,461.0,4,3,-1.1726209968557741,-2.600989741507452
39,238080,0,0.622,0.755,4,-8.201,1,0.0292,0.367,9.28e-05,0.143,0.391,149.049,3,1129.0,26,0,0.9592387247909161,-0.8874053133661637
47,224932,0,0.781,0.419,10,-12.23,1,0.031,0.35,0.632,0.11,0.573,130.042,4,9955.0,52,2,-0.32466923605435827,-0.6790909573120881
59,215536,0,0.443,0.668,11,-12.031,1,0.294,0.693,0.000443,0.0579,0.512,98.072,4,117408.0,63,3,-0.6601567980311144,-0.19596523306512287
49,211385,0,0.53,0.222,4,-9.5,1,0.0321,0.587,0.0,0.119,0.367,194.853,3,113250.0,63,3,-0.5711447797485262,-1.3132114844400793
14,170667,0,0.545,0.876,4,-11.215,0,0.0551,0.0561,6.99e-06,0.332,0.734,123.734,4,14100.0,31,0,1.4299120964960343,0.12397142321374437
27,97840,0,0.566,0.325,2,-18.5,1,0.755,0.641,0.0,0.446,0.481,89.847,3,23593.0,71,1,-2.2505835186445657,2.373795662495358
37,270000,0,0.587,0.731,3,-4.839,0,0.035,0.38,0.0,0.0701,0.934,137.186,4,980612.0,68,0,1.8472496574998087,-0.5197314878466043
18,228800,0,0.476,0.345,9,-11.075,1,0.0267,0.251,0.000578,0.14,0.241,95.985,4,1647.0,39,3,-0.8793183297373629,-0.978538937370676
7,268840,0,0.484,0.276,0,-18.331,1,0.0319,0.56,0.0,0.286,0.254,131.253,4,26752.0,43,3,-1.94395112522475,-0.8251831654639449
23,356707,0,0.437,0.618,8,-7.334,0,0.0328,0.0491,0.004,0.104,0.473,75.769,4,373213.0,54,0,0.5919592238886072,-1.288185405190492
42,216830,0,0.576,0.314,3,-6.938,0,0.115,0.858,0.0,0.102,0.425,178.881,3,96268.0,55,3,-0.45529875178756607,-0.8779632037250015
48,235053,0,0.788,0.435,6,-10.151,0,0.0372,0.859,0.0,0.0819,0.771,111.992,4,177813.0,56,3,-0.0990770985462796,0.3847577143699462
1,125600,0,0.713,0.437,11,-14.849,0,0.941,0.826,0.0,0.124,0.804,127.876,5,17413.0,55,1,-0.9875146208211091,2.54151632797958
0,236529,0,0.471,0.231,0,-16.258,1,0.208,0.907,0.00072,0.173,0.426,125.468,3,2506.0,40,3,-2.2233064916963325,-0.29193769366876665
39,302987,0,0.375,0.444,0,-7.844,0,0.0407,0.769,0.0,0.135,0.281,141.993,3,216627.0,48,3,-0.8052841196486886,-1.7121924576639151
21,209573,0,0.711,0.598,11,-8.429,1,0.0308,0.0307,0.00623,0.0591,0.516,126.208,4,14278.0,26,0,1.1946875392902074,-0.4564387255390254
22,116573,0,0.682,0.708,0,-6.64,1,0.0346,0.711,0.0,0.107,0.827,118.364,4,15056.0,41,0,0.9404348593470995,0.43992189271231946
28,707560,0,0.449,0.624,4,-13.422,1,0.0324,0.0989,0.913,0.313,0.512,122.544,4,42907.0,34,2,-0.24696886759860856,-3.1785695053206076
46,197613,0,0.322,0.632,3,-4.113,0,0.0349,0.0301,0.000253,0.0908,0.248,114.299,4,25501.0,42,0,0.6453976900173963,-1.695655522555684
20,328533,0,0.385,0.523,4,-4.51,0,0.0403,0.67,4.81e-05,0.149,0.323,85.212,4,10783.0,20,3,-0.42788304334740185,-1.3819655048650676
21,266747,0,0.789,0.903,3,-6.181,1,0.0524,0.0151,4.46e-05,0.189,0.961,113.353,4,48123.0,38,0,2.7792874513575763,0.4066400378217839
13,231747,0,0.831,0.807,7,-6.907,0,0.0404,0.209,0.00178,0.0712,0.81,102.007,4,204.0,21,0,2.0145314683317195,0.3595708157600759
8,145030,0,0.563,0.256,7,-11.744,1,0.0335,0.984,0.0,0.14,0.506,110.412,4,1129.0,29,3,-1.6273605925317933,-0.03541363442619807
15,285520,0,0.755,0.978,7,-8.08,1,0.0662,0.0425,0.243,0.189,0.517,140.069,4,2690.0,30,0,2.0541640825990224,-0.6739949431048982
41,75920,0,0.752,0.412,2,-9.323,1,0.0346,0.528,0.0,0.158,0.966,122.076,4,39713.0,56,0,0.5399280634734726,1.0356560778810593
10,104493,0,0.739,0.414,0,-14.027,1,0.126,0.427,0.0,0.129,0.961,87.702,4,9686.0,46,0,-0.07035780237105403,1.361112997426029
2,190466,0,0.346,0.242,1,-13.733,1,0.0315,0.936,1.16e-05,0.346,0.39,76.554,3,481.0,5,3,-2.5185717023148486,-0.24845266340560598
49,279057,0,0.418,0.452,5,-7.619,1,0.0304,0.762,0.0,0.822,0.225,139.261,4,398971.0,35,3,-0.8766312508073482,-0.3384041343272772
13,349000,0,0.711,0.7,8,-10.204,1,0.0315,0.291,0.00669,0.0491,0.931,135.882,4,18877.0,33,0,1.5860097881224793,-0.41709187614352244
4,401787,0,0.651,0.255,9,-16.457,0,0.0306,0.718,0.0224,0.0855,0.17,133.869,4,9744.0,37,3,-1.7407372479809675,-1.3541899714526389
40,209253,0,0.867,0.853,4,-7.674,0,0.0343,0.0646,5.99e-05,0.0847,0.954,129.379,4,14711.0,41,0,2.6496180339043844,0.4984701450125496
5,181827,0,0.507,0.753,2,-5.533,1,0.0353,0.0646,0.0,0.124,0.827,115.628,4,2563.0,20,0,1.7818321059671538,-0.3676456091231427
21,284387,0,0.505,0.444,9,-3.473,0,0.0297,0.67,0.895,0.125,0.289,95.505,3,1155.0,27,2,-1.0245269367720196,-2.060186079422131
37,242000,0,0.611,0.784,0,-11.869,1,0.0331,0.157,0.00035,0.316,0.834,108.915,4,15396.0,38,0,1.2202340545682604,0.25568890761892055
35,77573,0,0.616,0.365,1,-9.625,1,0.872,0.57,0.0,0.443,0.422,89.514,5,613060.0,90,1,-1.2103361154422005,2.5373670796005845
12,181987,0,0.359,0.0697,8,-21.839,1,0.0286,0.925,0.746,0.124,0.137,78.683,4,539.0,20,2,-4.6034608834526765,-1.5303501159237702
33,89827,0,0.58,0.603,5,-8.553,0,0.968,0.0653,0.0,0.439,0.613,178.709,3,23593.0,71,1,0.8624842250320458,2.015721588021785
13,285867,0,0.573,0.62,9,-6.0,0,0.0317,0.628,0.0,0.314,0.886,145.224,4,121990.0,55,0,1.0843881414371996,-0.1951919814128542
14,167880,0,0.596,0.0581,7,-25.329,1,0.0319,0.719,0.00142,0.107,0.0975,76.708,4,425.0,20,3,-3.7949095519320863,-0.11101668950963704
19,86240,0,0.74,0.3,2,-20.371,1,0.957,0.87,0.0,0.317,0.558,82.582,3,773.0,30,1,-2.557006109380159,3.297909492025844
17,204000,0,0.646,0.427,4,-10.284,1,0.0325,0.803,0.0,0.225,0.748,131.179,4,1120.0,17,3,-0.2279744546554339,0.19262830411141915
23,190840,0,0.479,0.221,2,-17.157,0,0.0309,0.971,0.992,0.0836,0.456,105.264,4,15928.0,39,2,-3.2444215893555683,-1.4768190401587287
0,150820,0,0.679,0.398,5,-20.199,0,0.47,0.963,0.527,0.404,0.964,153.26,4,398.0,13,1,-1.732048962627005,1.497327891997471
0,194920,0,0.596,0.0622,10,-18.326,1,0.154,0.993,0.788,0.0925,0.637,68.643,4,42.0,0,2,-3.4463697840381564,-0.16287501910991523
38,175311,1,0.685,0.879,9,-4.661,1,0.172,0.0272,0.0,0.357,0.823,140.084,4,9843.0,38,0,2.5522339999216763,0.6111845720259722
24,104840,0,0.793,0.244,9,-9.593,1,0.101,0.869,0.798,0.0834,0.971,85.039,4,12438.0,42,2,-1.142649040654554,0.5832342554462953
36,65813,0,0.636,0.881,5,-6.236,0,0.942,0.731,0.0,0.905,0.353,77.208,4,613060.0,90,1,-0.1631211876846674,3.5498995158147126
47,250462,0,0.805,0.954,7,-6.971,0,0.0356,0.016,0.000588,0.172,0.923,125.005,4,94935.0,47,0,2.860045101135215,0.3174317490250562
13,274907,0,0.793,0.719,4,-5.979,0,0.0336,0.197,2.53e-05,0.137,0.966,124.284,4,1552.0,41,0,2.2426953464083685,0.23648699306880322
25,275707,0,0.463,0.729,5,-5.363,0,0.0283,0.00963,0.00188,0.153,0.403,132.135,4,15408.0,37,0,1.3558165680186827,-1.4202638205283187
2,38467,0,0.803,0.0961,8,-26.735,1,0.905,0.91,0.0,0.134,0.453,99.19,3,3304.0,7,1,-3.639826438167372,3.090426845142183
41,163200,0,0.796,0.912,9,-4.577,0,0.0364,0.0202,0.000728,0.0312,0.981,126.007,4,7205.0,40,0,3.0361590976623845,0.35223012137148263
25,224080,0,0.46,0.311,10,-11.124,1,0.0365,0.889,1.44e-05,0.0816,0.667,135.536,4,69.0,40,3,-1.043482170171646,-0.6993225064024507
43,199320,0,0.752,0.799,11,-5.323,0,0.0954,0.0221,0.0,0.522,0.293,100.052,4,663625.0,69,0,1.4898929325680828,0.5074478648402208
19,519600,0,0.448,0.476,8,-19.404,1,0.787,0.896,0.0,0.961,0.322,138.08,3,57229.0,35,1,-2.2483663833525496,1.1645153433126612
18,248493,0,0.599,0.158,9,-19.253,1,0.0507,0.901,0.011,0.125,0.401,134.093,1,1344.0,14,3,-2.3819020212074373,-0.45182035130445763
34,62599,0,0.706,0.382,8,-16.343,1,0.952,0.719,0.000139,0.142,0.605,65.462,4,128057.0,82,1,-1.8445531065908445,3.0138066782793773
47,271227,0,0.184,0.115,7,-22.466,1,0.038,0.757,0.972,0.102,0.0396,129.124,4,240141.0,70,2,-4.547961258163342,-3.0681620934244735
24,116653,0,0.751,0.713,0,-5.811,0,0.035,0.335,1.43e-06,0.075,0.784,124.467,4,15056.0,41,0,1.6522902877688412,0.3576564942071802
36,344773,0,0.266,0.594,7,-8.407,1,0.0312,0.0247,1.83e-05,0.112,0.309,139.868,4,43228.0,49,3,0.37537778156453155,-2.329918090194998
17,219057,0,0.655,0.259,1,-15.919,1,0.047,0.832,0.0,0.144,0.218,109.807,5,57698.0,40,3,-2.0358494479584976,-0.3091101780596459
54,298987,0,0.605,0.746,9,-3.244,1,0.0312,0.187,0.0,0.175,0.741,134.074,4,980612.0,68,0,2.0719339355519035,-0.6817151578005722
10,147040,0,0.486,0.558,3,-8.418,1,0.0344,0.663,0.752,0.0847,0.811,130.152,4,1408.0,33,2,-0.360062814427056,-1.0776274787298343
1,150000,0,0.166,0.141,0,-27.341,1,0.0772,0.886,0.952,0.124,0.0377,125.305,4,1890.0,61,2,-5.311165640664893,-2.405408267933136
39,77880,0,0.686,0.647,3,-12.509,1,0.958,0.786,0.0,0.658,0.679,65.766,4,613060.0,90,1,-0.939346455205069,3.868883448741752
38,258800,0,0.64,0.847,0,-4.716,1,0.0537,0.352,0.0,0.111,0.669,92.002,4,315945.0,51,0,1.581066182152558,-0.24430628569158985
11,161147,0,0.664,0.476,7,-5.976,1,0.0315,0.289,0.0,0.151,0.755,113.24,4,2487.0,17,0,0.9368745622080912,0.17034322118421205
28,92320,0,0.637,0.451,5,-11.504,0,0.919,0.661,0.0,0.298,0.458,89.16,1,23593.0,71,1,-1.2497319751176177,2.475332941809936
11,285760,0,0.452,0.797,0,-6.304,1,0.0755,0.014,0.0,0.236,0.474,127.343,4,433.0,21,0,1.4263774612783335,-1.0935742440335356
49,233640,0,0.791,0.513,0,-15.03,1,0.0264,0.109,0.00922,0.076,0.97,108.361,4,12262.0,45,0,0.8429739448329814,0.5410142480570317
18,180067,0,0.701,0.918,4,-2.282,1,0.108,0.328,0.0,0.362,0.889,122.873,4,522.0,19,0,2.505072007107898,0.7376860726516736
18,252707,0,0.645,0.453,2,-15.059,0,0.0314,0.668,0.00067,0.217,0.493,108.395,4,15928.0,39,3,-0.9303180547858185,-0.07482842541230829
13,188761,0,0.602,0.61,0,-13.691,1,0.038,0.598,0.0,0.127,0.967,139.71,4,1293.0,21,0,0.38444454735369954,0.1741852640402983
23,142333,0,0.562,0.751,11,-4.947,0,0.0416,0.00648,0.0,0.219,0.638,147.226,4,3415.0,28,0,1.920139578443567,-0.39132876046112813
1,244454,0,0.534,0.46,10,-8.732,0,0.0709,0.76,2.96e-05,0.707,0.706,202.526,4,33332.0,42,0,0.2359716808857144,0.10772445986001565
0,205322,0,0.569,0.242,4,-13.995,1,0.0442,0.948,0.0,0.384,0.584,105.752,4,1428.0,15,3,-1.7555380938292686,0.4142020241806772
39,330998,0,0.547,0.6,1,-8.653,0,0.0308,0.487,0.0,0.0506,0.361,140.574,4,18342.0,45,3,0.2573852620424309,-1.4878310141473168
56,181394,0,0.459,0.768,1,-8.369,0,0.0312,0.0371,1.26e-06,0.376,0.8,140.975,4,124642.0,58,0,1.5791245410209687,-0.20588792177879148
7,100293,0,0.581,0.726,0,-15.328,1,0.0582,0.0204,0.000502,0.796,0.765,129.373,4,939177.0,76,0,0.7457239853301492,1.3990890426490414
5,248573,0,0.728,0.595,0,-7.508,1,0.0414,0.152,1.48e-06,0.155,0.899,124.697,4,8304.0,26,0,1.654323946037182,0.15156360900150548
50,192282,0,0.701,0.755,2,-6.942,1,0.0363,0.0884,3.39e-06,0.891,0.489,130.004,4,35133.0,45,0,1.4764284840290218,1.0253463876827393
5,168840,0,0.574,0.73,1,-9.789,1,0.0393,0.278,0.000385,0.0637,0.811,140.897,4,12359.0,35,0,1.2457043167100774,-0.3132949201959813
33,164907,0,0.0863,0.133,4,-20.321,1,0.0378,0.523,1.61e-06,0.1,0.0661,36.392,4,5493.0,28,3,-3.9732160047197964,-1.33505165274128
22,66373,0,0.608,0.679,1,-8.54,1,0.869,0.728,0.0,0.203,0.676,101.491,4,84951.0,73,1,-0.18728178133089238,2.321287124376079
23,249000,0,0.625,0.663,11,-9.582,1,0.0286,0.395,0.00133,0.13,0.76,81.978,4,81961.0,49,0,0.6397116534967773,0.042920646541496
33,213000,0,0.792,0.0486,5,-18.305,1,0.0712,0.979,0.423,0.109,0.202,86.081,4,2512.0,40,3,-3.258419756684846,-0.1335200404424412
45,169722,0,0.764,0.828,1,-3.853,0,0.0474,0.111,2.56e-05,0.0619,0.936,138.042,4,230822.0,56,0,2.760567113301702,0.1971838293097208
10,160257,0,0.827,0.54,4,-8.879,0,0.0732,0.959,0.00105,0.264,0.922,116.813,4,753.0,14,0,0.3342820272352826,1.2864505169766922
0,131220,0,0.56,0.373,2,-11.747,0,0.0471,0.995,0.901,0.299,0.627,117.333,4,223.0,7,2,-1.9437974493106225,-0.5367038359598284
26,160682,0,0.507,0.264,4,-14.829,1,0.0942,0.494,0.0,0.542,0.953,208.939,4,222.0,39,3,-0.18760657074344297,0.4047965367136514
28,68360,0,0.705,0.618,2,-8.185,1,0.945,0.787,0.0,0.205,0.639,130.569,1,84951.0,73,1,-0.10419310984711587,2.4853087502404643
2,218107,0,0.703,0.247,9,-10.53,0,0.0356,0.694,0.00115,0.152,0.417,80.248,4,10903.0,31,3,-1.1639837079332434,0.12523898046069348
35,65387,0,0.673,0.397,8,-11.906,1,0.642,0.717,0.0,0.665,0.606,114.014,1,613060.0,90,1,-1.0173473676782325,2.780126016398126
33,194467,0,0.505,0.771,0,-6.368,1,0.0421,0.0444,5.26e-05,0.311,0.461,80.005,4,36446.0,36,0,1.027584594959067,-0.23789223645970908
36,297080,0,0.668,0.888,1,-7.448,0,0.057,0.18,0.0,0.384,0.489,106.811,4,668963.0,59,0,1.5185135926033417,-0.11101139454868722
37,218018,0,0.545,0.316,5,-10.443,0,0.0278,0.756,5.65e-05,0.12,0.165,96.346,3,3511.0,25,3,-1.5630311631326306,-0.7813984440644515
37,247171,0,0.827,0.457,10,-7.767,0,0.0417,0.514,0.0,0.0798,0.606,119.801,4,63663.0,38,0,0.5722159602748831,0.05780436792682343
21,201200,0,0.649,0.637,4,-14.052,1,0.045,0.0408,0.00153,0.33,0.899,153.681,4,7068.0,33,0,1.227042112874169,0.32639352730207977
17,258067,0,0.638,0.502,9,-11.899,1,0.0537,0.21,0.0,0.103,0.879,152.555,4,22957.0,23,0,0.9277847458896404,-0.29998842181350355
25,211160,0,0.782,0.964,7,-4.732,0,0.0308,0.236,0.0,0.0823,0.966,115.089,4,543.0,19,0,2.755272550885524,0.34705330247344757
7,264346,0,0.445,0.795,4,-9.159,0,0.0947,0.0129,0.0,0.292,0.675,161.573,4,5462.0,34,0,1.573961186446016,-0.84011896562072
40,174120,0,0.357,0.447,5,-9.323,1,0.0296,0.863,0.00406,0.118,0.611,95.857,4,4991.0,40,3,-1.0529319042232654,-0.5862334721559346
47,145107,0,0.394,0.443,7,-12.441,1,0.0371,0.239,0.0,0.782,0.38,67.532,4,25766.0,42,3,-1.0605662142899897,0.6836670779487384
43,231457,0,0.542,0.575,11,-6.201,0,0.0257,0.269,0.0,0.334,0.444,145.924,4,8451.0,32,0,0.7899194098826088,-0.6932979174248389
36,52357,0,0.596,0.353,11,-15.343,0,0.941,0.658,0.0,0.428,0.637,79.049,3,128057.0,82,1,-1.8098950219267704,3.1688386548104486
36,327800,0,0.476,0.635,6,-4.009,1,0.0354,0.448,0.0,0.237,0.143,82.862,4,388080.0,58,3,0.06447600783868125,-1.2675921755352824
17,170560,0,0.649,0.255,7,-14.572,1,0.0467,0.931,0.0,0.424,0.515,127.138,4,24551.0,37,3,-1.615077423077873,0.5858268748134632
30,178547,0,0.856,0.803,2,-6.527,1,0.0912,0.076,0.0,0.0473,0.531,107.969,4,60060.0,42,0,1.8847362056059127,0.24424335170284953
39,188600,0,0.687,0.55,3,-5.583,1,0.0612,0.55,0.0,0.0983,0.591,96.951,4,58876.0,44,0,0.5119559308560518,0.06816638819611189
35,254827,0,0.743,0.72,9,-5.886,0,0.0535,0.402,1.38e-06,0.129,0.485,94.966,4,10149.0,36,0,1.0456777775270383,-0.12922065922141185
16,276639,0,0.376,0.477,4,-4.976,1,0.0279,0.629,4.72e-06,0.179,0.326,143.721,4,5459.0,29,3,-0.18810211944133862,-1.619774830511672
34,241867,0,0.386,0.313,2,-9.185,1,0.0395,0.778,0.0,0.109,0.159,140.723,5,1934.0,24,3,-1.437502369406671,-1.6254950274623963
38,265000,0,0.648,0.255,11,-13.85,0,0.032,0.532,0.0016,0.0791,0.298,125.923,4,1026.0,28,3,-1.1765049178572053,-0.7686340039748755
15,235560,0,0.465,0.894,6,-8.811,0,0.109,5.95e-05,3.1e-06,0.34,0.513,147.611,4,10244.0,23,0,1.5457456070642175,-0.6884461409176998
4,232227,0,0.501,0.126,11,-9.783,1,0.0366,0.994,0.0491,0.209,0.216,103.31,4,20038.0,33,3,-2.251630275181141,-0.7437097473701711
7,162560,0,0.454,0.375,2,-15.373,1,0.0309,0.776,2.51e-05,0.203,0.24,98.659,4,15082.0,38,3,-2.0502794608645303,-0.49545416032329936
27,88720,0,0.588,0.515,0,-9.591,1,0.943,0.495,0.0,0.441,0.377,172.167,3,23593.0,71,1,-0.3629049851840057,1.881390036642066
52,274060,0,0.322,0.366,9,-5.479,1,0.0329,0.792,0.0,0.119,0.33,135.946,4,1820310.0,71,3,-0.8411447273478336,-1.7310437584565435
31,165960,0,0.849,0.842,2,-8.558,1,0.073,0.0262,0.0,0.1,0.965,132.938,4,1208.0,31,0,2.547019102227371,0.7049087688865332
28,135320,0,0.669,0.19,6,-15.383,0,0.282,0.869,0.00962,0.13,0.563,117.472,4,650259.0,68,3,-1.8226753333272703,0.8385996880053336
0,260093,0,0.647,0.639,7,-8.11,1,0.042,0.0117,0.934,0.0565,0.714,111.463,4,1395.0,18,2,0.6882758402551347,-1.4191058728956985
29,224261,0,0.549,0.747,10,-5.598,1,0.0269,0.261,1.04e-05,0.0774,0.261,93.01,4,20970.0,39,0,0.7038511815476041,-0.9859586976576854
13,204973,0,0.791,0.165,11,-15.046,1,0.0407,0.909,0.000508,0.111,0.284,108.163,4,7883.0,26,3,-1.9669169087074296,0.12163687020440789
2,222707,0,0.43,0.253,11,-7.581,0,0.0352,0.939,0.0,0.466,0.394,105.824,4,5220.0,27,3,-1.5275660706076166,-0.24748851896015872
27,58441,0,0.793,0.43,4,-14.361,1,0.919,0.73,0.0,0.626,0.864,54.24,4,79023.0,76,1,-1.1870744340031234,4.4297788299126735
29,172627,0,0.712,0.636,10,-7.032,1,0.0306,0.748,0.0,0.924,0.431,90.039,4,2730.0,38,1,-0.03667976534304454,1.5590971565640375
34,182387,0,0.601,0.585,8,-6.919,1,0.0696,0.0797,0.0,0.0623,0.695,79.78,4,1074.0,20,0,0.9817676859413823,-0.018496046308024636
29,79480,0,0.556,0.665,0,-13.921,1,0.893,0.551,0.0,0.488,0.472,92.817,3,23593.0,71,1,-0.9804568207188856,2.596462011661908
52,253787,0,0.781,0.867,3,-7.853,0,0.0386,0.0322,4.02e-06,0.0471,0.94,121.973,4,26306.0,42,0,2.5333746066309457,0.09438847034284602
52,283227,0,0.297,0.0214,5,-32.398,1,0.0658,0.995,0.934,0.0652,0.132,212.349,4,240141.0,70,2,-5.235969440826199,-3.00442824916871
9,358840,0,0.468,0.948,5,-3.836,1,0.0472,0.0301,6.16e-05,0.22,0.749,170.542,4,37054.0,40,0,2.7285809170634123,-1.4259951486614015
16,188134,0,0.277,0.832,0,-9.74,1,0.0739,0.766,6.92e-05,0.561,0.59,140.422,4,1377.0,28,3,-0.03540881093975977,-0.3338641641947121
32,258827,0,0.502,0.29,0,-14.435,0,0.031,0.704,0.00327,0.159,0.275,88.687,4,16579.0,41,3,-1.9182317562099538,-0.6936189306053276
29,327262,0,0.491,0.186,9,-21.878,0,0.0264,0.763,0.0675,0.104,0.568,91.797,4,3340685.0,68,3,-2.6088666869456185,-0.6172846395194764
0,245120,0,0.163,0.175,5,-17.004,1,0.0359,0.861,0.791,0.0747,0.0376,82.718,4,2375.0,39,2,-4.195500853737326,-2.656020696626859
5,164676,0,0.713,0.333,4,-14.296,1,0.0301,0.29,2.98e-06,0.279,0.695,117.032,4,161.0,14,3,-0.23293187101485707,0.6023647169276056
45,245573,0,0.564,0.342,8,-19.713,0,0.0453,0.0246,0.0,0.067,0.519,117.834,4,10670.0,36,3,-0.8031834451733215,-0.5912753776315446
13,245000,0,0.545,0.251,2,-17.636,0,0.0292,0.194,2.71e-05,0.132,0.356,107.322,4,37303.0,42,3,-1.340834157832977,-0.6721802611727685
35,77013,0,0.678,0.533,10,-9.38,0,0.618,0.516,0.0,0.456,0.751,91.222,3,613060.0,90,1,-0.07804669772955901,2.5530295707372783
28,240707,0,0.357,0.408,7,-10.732,1,0.0435,0.394,0.0,0.114,0.456,148.978,3,534835.0,55,3,-0.46179947771227464,-1.4429971680406883
26,248427,0,0.407,0.268,11,-11.563,0,0.0342,0.806,4.01e-05,0.101,0.137,125.444,4,110940.0,47,3,-1.908309548404639,-1.4740723062141006
39,239373,0,0.545,0.541,2,-5.717,1,0.0272,0.467,0.0,0.0952,0.321,67.187,4,784.0,33,3,-0.13884717597276425,-0.6828900608770102
42,234333,0,0.744,0.387,4,-10.154,1,0.0474,0.612,0.00962,0.108,0.843,78.491,4,7559.0,38,3,-0.07648957997778218,0.6091755041439934
47,297507,0,0.571,0.625,11,-5.254,0,0.0265,0.0194,0.0,0.282,0.37,98.589,4,14362.0,37,0,1.036034301349185,-0.7640597253963043
64,245932,1,0.79,0.459,0,-8.558,1,0.142,0.69,8.52e-05,0.109,0.377,111.018,4,272343.0,66,3,-0.21521246890478074,0.06947781554025455
9,124120,0,0.385,0.129,4,-23.817,0,0.0456,0.99,0.926,0.108,0.362,172.369,4,46492.0,50,2,-4.008483531440029,-1.805316384565632
15,194027,0,0.389,0.158,0,-16.051,1,0.0334,0.585,0.0,0.141,0.49,109.449,3,5345.0,30,3,-2.0214676513235132,-0.6647075270087868
50,185613,0,0.858,0.595,6,-6.51,0,0.0953,0.102,0.0,0.129,0.735,121.004,4,723467.0,62,0,1.7345669850990295,0.5629933669096904
37,373000,0,0.666,0.17,4,-18.183,0,0.0348,0.899,0.123,0.132,0.337,122.915,4,28112.0,48,3,-2.291598582948207,-0.858094805548266
37,222413,0,0.643,0.692,7,-6.964,1,0.066,0.629,2.16e-06,0.222,0.808,77.035,4,54804.0,43,0,0.6695427890179135,0.5220194807711516
17,350387,0,0.38,0.461,4,-15.713,0,0.0742,0.842,0.0789,0.894,0.531,182.147,3,466010.0,66,3,-1.227944281951879,-0.2896773193064949
36,64891,0,0.674,0.296,8,-16.471,1,0.919,0.753,0.0,0.172,0.527,99.997,3,128057.0,82,1,-2.0166368295765063,2.578884695727185
35,277002,0,0.783,0.589,4,-13.208,0,0.0339,0.237,0.0,0.279,0.86,140.262,4,31913.0,47,0,1.079718469408911,0.38834521965485436
32,84147,0,0.565,0.726,1,-12.004,1,0.521,0.763,0.0,0.321,0.823,115.865,3,3490.0,43,1,-0.12045416639167052,1.7887427579829889
0,145000,0,0.714,0.388,9,-16.101,1,0.948,0.841,0.0,0.134,0.92,87.468,5,17413.0,55,1,-1.3447592668909787,2.982427687140991
9,200493,0,0.415,0.131,10,-18.239,1,0.0411,0.94,0.761,0.2,0.296,72.366,3,539.0,20,2,-3.8698621225046015,-1.1324556941685398
40,125005,0,0.226,0.267,5,-12.97,0,0.0393,0.989,0.917,0.108,0.237,180.032,3,5232.0,34,2,-2.94103815028715,-2.6752499400790044
51,203889,0,0.568,0.817,1,-6.56,0,0.0357,0.285,0.59,0.11,0.234,108.004,4,980444.0,77,2,0.3226460053921811,-1.5343394253398228
27,272900,0,0.584,0.107,7,-17.941,1,0.0653,0.972,0.0029,0.104,0.627,142.169,4,11918.0,44,3,-2.112566018539775,-0.3604441071645477
41,305667,0,0.455,0.722,4,-4.765,1,0.0329,0.316,0.0157,0.0999,0.511,134.018,4,10731.0,32,0,1.1366451137976077,-1.4647506677927793
42,178218,0,0.603,0.499,5,-10.245,0,0.104,0.527,0.000374,0.111,0.394,134.625,5,4220.0,35,3,-0.23344139749935194,-0.4247904576909357
41,75240,0,0.807,0.504,5,-11.206,1,0.0441,0.136,0.171,0.398,0.648,102.3,4,22136.0,50,0,0.45721600651654015,1.1520411982777812
39,301467,0,0.378,0.412,0,-9.837,1,0.0297,0.867,8.42e-06,0.19,0.446,133.148,3,14187.0,45,3,-1.0548311805611807,-1.2867209485630131
50,256293,0,0.422,0.789,11,-6.105,1,0.082,0.136,0.0,0.0859,0.668,94.488,4,1644.0,39,0,1.254038052772628,-0.8297337582343862
35,78413,0,0.523,0.572,0,-9.775,1,0.282,0.00365,0.0,0.508,0.603,150.112,5,613060.0,90,0,0.7476585988142787,0.8065062876847505
2,194533,0,0.637,0.345,3,-10.125,1,0.153,0.778,0.0,0.0793,0.648,80.075,3,26439.0,42,3,-0.8782880655303579,0.4343041182827235
4,309360,0,0.341,0.0429,8,-22.779,1,0.0372,0.985,0.872,0.101,0.0823,88.257,4,466010.0,66,2,-4.900874423888202,-2.2670809853623095
20,210293,0,0.613,0.789,5,-6.353,1,0.0308,0.0352,2.09e-06,0.133,0.443,119.971,4,7889.0,28,0,1.5304411745556117,-0.6762009998755227
53,244558,0,0.481,0.394,11,-9.975,1,0.0299,0.769,0.0014,0.153,0.144,131.981,4,915958.0,58,3,-1.2482249094787075,-1.2745196870167945
41,266987,0,0.493,0.583,0,-4.768,1,0.0277,0.113,0.0,0.0747,0.409,82.07,4,870472.0,78,0,0.6879788824237372,-1.0573341508339573
0,186760,0,0.711,0.33,0,-15.23,1,0.0459,0.99,0.256,0.116,0.824,116.517,4,3743.0,19,3,-1.3112339258962944,0.3357839659527916
27,97200,0,0.755,0.543,10,-14.443,1,0.958,0.7,0.0,0.425,0.492,92.271,5,1867.0,45,1,-1.174718125658438,3.1630594774412675
39,201801,0,0.836,0.655,9,-6.33,1,0.0766,0.339,3.99e-05,0.067,0.712,109.971,4,7820.0,31,0,1.4515829025656104,0.39775294588819343
24,244733,0,0.573,0.669,4,-5.672,1,0.0275,0.537,0.0,0.132,0.548,125.833,4,54827.0,43,0,0.779157852658949,-0.7041620214202045
21,236760,0,0.8,0.768,10,-8.661,0,0.0699,0.00727,8.66e-06,0.0823,0.815,91.979,4,94450.0,50,0,1.9047933182238401,0.4164286593933295
0,208255,0,0.565,0.116,4,-10.252,0,0.0878,0.994,0.000936,0.105,0.504,127.193,4,4483.0,5,3,-1.6697227693177468,-0.3374033374991645
23,113143,0,0.406,0.25,8,-11.937,1,0.0377,0.911,0.000936,0.0972,0.384,80.541,4,3460.0,28,3,-2.187887187737335,-0.3533408539074971
36,186000,0,0.867,0.665,9,-6.419,0,0.0579,0.358,9.36e-06,0.119,0.961,139.04,4,23185.0,34,0,1.9970125211640224,0.6878012356096012
33,266762,0,0.463,0.263,0,-9.265,1,0.0314,0.886,0.0,0.285,0.34,135.623,4,415209.0,54,3,-1.3773774356681403,-0.9119712724524583
1,98400,0,0.464,0.723,8,-14.558,1,0.415,0.487,0.0,0.434,0.107,125.303,4,782.0,10,3,-1.0198321621828998,0.5007270704924502
23,162867,0,0.742,0.594,2,-11.407,0,0.0331,0.18,1.29e-05,0.157,0.961,136.911,4,11501.0,32,0,1.3411420251646193,0.5399799215113144
41,83160,0,0.69,0.514,10,-9.072,1,0.909,0.594,0.0,0.323,0.683,72.877,5,613060.0,90,1,-0.49204835308703787,2.992924832609735
10,301613,0,0.608,0.256,3,-10.877,1,0.0581,0.906,1.15e-06,0.119,0.527,105.363,4,3766.0,21,3,-1.2670273096716183,-0.4095527409372279
35,62867,0,0.691,0.561,0,-12.616,1,0.937,0.182,0.0,0.285,0.508,89.792,1,613060.0,90,1,-0.3284941068862206,2.6864005300004687
3,172849,0,0.486,0.779,7,-8.278,1,0.0651,0.27,0.0,0.137,0.787,144.037,4,866.0,29,0,1.350128745720109,-0.4584892405249218
35,131160,0,0.36,0.883,0,-5.96,1,0.0585,0.0122,2.04e-05,0.0556,0.784,159.547,4,548.0,45,0,2.053793716607414,-1.045156801345838
9,145427,0,0.703,0.666,9,-5.551,1,0.057,0.561,0.0,0.432,0.746,131.049,4,21739.0,40,0,1.1409685398497325,0.7920067550986931
4,129567,0,0.823,0.0111,7,-20.968,0,0.0648,0.983,0.918,0.119,0.0725,126.22,4,8823.0,36,2,-3.93748823095575,-0.6790668010771782
59,179813,1,0.544,0.53,9,-6.168,0,0.428,0.345,0.0,0.0981,0.184,90.093,4,998360.0,78,3,-0.29416648924589534,0.005920073481609873
13,182560,0,0.47,0.856,11,-5.148,1,0.065,0.594,0.0,0.448,0.641,116.572,4,2862.0,33,0,0.970711842294086,0.06237592904198509
12,358826,0,0.392,0.69,10,-2.647,0,0.0395,0.549,7.86e-06,0.128,0.461,98.472,4,5223.0,37,0,0.6070933248573932,-1.5157746549109021
0,121313,0,0.244,0.23,0,-12.711,1,0.0354,0.72,0.0108,0.106,0.243,80.44,4,2506.0,40,3,-2.5031962872377687,-1.0040420753789605
11,140042,0,0.459,0.857,6,-4.581,0,0.0532,0.919,0.415,0.277,0.762,140.32,3,2498.0,18,0,0.5451290460946255,-0.5567192316051935
26,93213,0,0.618,0.184,11,-15.478,1,0.631,0.71,0.0,0.643,0.676,114.652,5,1867.0,45,1,-1.8201006669391968,2.651099239287313
12,220307,0,0.671,0.562,3,-4.432,0,0.0329,0.269,0.0,0.135,0.288,79.96,4,1357.0,26,0,0.5360916326313465,-0.41341526166827625
33,247000,0,0.839,0.491,11,-7.385,0,0.0597,0.354,1.5e-06,0.138,0.101,94.511,4,57099.0,50,3,0.0805597386181301,-0.2508599379038696
24,203760,0,0.715,0.477,2,-12.704,0,0.0416,0.499,0.0,0.505,0.738,146.089,4,25398.0,44,0,0.20610973993760148,0.7579812169910253
18,230000,0,0.631,0.725,7,-6.865,1,0.0256,0.52,2.99e-05,0.154,0.827,112.183,4,472.0,14,0,1.167628248566097,-0.008086081677609148
4,136467,0,0.486,0.884,4,-6.029,0,0.0714,0.789,0.0,0.26,0.797,145.188,4,16942.0,31,0,1.0826677959578022,-0.025000271166511837
11,107333,0,0.461,0.0276,2,-16.946,1,0.0428,0.935,0.0,0.372,0.718,128.402,4,255.0,35,3,-2.437110870750367,0.5152482996916934
68,207627,0,0.897,0.864,11,-3.735,0,0.147,0.252,0.0,0.517,0.542,95.981,4,1260058.0,76,0,2.005438045081633,1.309013248574752
19,199520,0,0.59,0.874,5,-3.089,1,0.0459,0.068,0.00271,0.108,0.749,74.092,4,16086.0,31,0,2.070830198686534,-0.07384926710425496
32,224987,0,0.565,0.857,9,-6.563,0,0.0276,0.0467,0.0,0.0627,0.376,136.823,4,6895.0,40,0,1.6077286314079697,-1.1909437864173968
2,144293,0,0.537,0.511,8,-6.563,1,0.0496,0.98,0.827,0.209,0.873,59.694,4,126.0,6,2,-1.0844048191452462,-0.12347915892821652
48,227173,0,0.714,0.898,7,-3.022,1,0.108,0.267,1.1e-05,0.165,0.807,107.976,4,645029.0,69,0,2.3408127871175974,0.2618934560006818
39,284234,0,0.507,0.808,0,-6.427,1,0.0328,0.524,1.14e-05,0.243,0.902,171.508,4,25050.0,43,0,1.6952255107688219,-0.6942716536478437
27,172006,0,0.623,0.892,11,-4.71,1,0.224,0.258,0.0,0.259,0.956,82.903,4,2760.0,35,0,1.9525794856716086,1.0250115411091967
47,202887,0,0.582,0.441,8,-9.539,0,0.671,0.416,1.3e-06,0.116,0.607,93.237,4,146538.0,51,1,-0.39245296551940845,1.1595236367751596
38,157667,0,0.513,0.304,8,-9.574,1,0.0296,0.579,0.000115,0.134,0.146,107.453,3,37430.0,45,3,-1.3049877641683298,-0.7948088400100618
3,320867,0,0.412,0.181,8,-19.954,1,0.0799,0.995,0.000166,0.304,0.302,120.023,5,2037.0,34,3,-3.0369289359245455,-0.7700381566691759
0,280431,0,0.394,0.334,8,-7.289,0,0.0635,0.32,0.414,0.144,0.449,117.29,4,16379.0,40,3,-0.6444274869159564,-1.6811957041262957
14,177240,1,0.196,0.955,2,-4.611,1,0.115,0.000936,0.0,0.353,0.277,126.601,4,3409.0,29,0,1.1874308875544717,-1.3870682736065891
14,119626,0,0.573,0.424,8,-10.219,1,0.0323,0.783,0.000685,0.214,0.702,142.235,4,69.0,40,3,-0.3633269658087004,0.1234291650950377
58,295267,0,0.579,0.493,4,-7.062,0,0.0271,0.0168,0.0133,0.0752,0.367,88.172,4,6813797.0,82,0,0.5134334194239352,-1.0061374832732943
23,363120,0,0.518,0.788,4,-5.234,1,0.0364,0.00896,2.77e-06,0.127,0.436,130.026,4,2111.0,19,0,1.6805845313320587,-1.5534529166756215
30,162893,0,0.74,0.225,0,-10.375,1,0.0307,0.7,1.61e-06,0.097,0.392,97.655,4,7074.0,30,3,-1.0922481893930356,0.14190144495320672
28,318053,0,0.552,0.636,8,-3.731,1,0.0293,0.656,1.32e-05,0.234,0.383,100.829,4,3063201.0,68,3,0.3631646273363579,-0.8465717714167347
27,243467,0,0.8,0.537,10,-10.884,0,0.0396,0.0304,0.00312,0.297,0.661,128.939,4,1413.0,25,0,1.1490220761663612,0.3331127741913657
0,430062,0,0.792,0.696,8,-10.509,1,0.0348,0.187,0.912,0.111,0.154,126.009,4,10916.0,43,2,0.04295693565229138,-2.21520281910247
21,213560,0,0.69,0.496,7,-11.073,1,0.0449,0.611,1.02e-05,0.238,0.622,85.04,4,768.0,29,3,-0.28532265683373437,0.47148187343719494
8,316453,0,0.554,0.644,2,-10.147,1,0.0388,0.708,2.4e-05,0.0903,0.883,167.213,4,25050.0,43,0,0.7531065434244414,-0.804032345971133
0,168314,0,0.53,0.304,5,-17.874,1,0.166,0.995,0.87,0.645,0.494,117.103,4,223.0,7,2,-3.0050480157015835,0.14569005417399122
14,263867,0,0.73,0.675,9,-9.775,1,0.0299,0.296,4.67e-05,0.19,0.762,142.972,4,7365.0,40,0,1.352302066228732,-0.08204843525343508
35,62506,0,0.656,0.482,1,-14.249,1,0.95,0.724,0.0,0.595,0.733,152.355,4,128057.0,82,1,-0.819802605986909,3.180869904691618
41,219827,0,0.796,0.487,11,-8.416,0,0.0276,0.305,0.0,0.0661,0.486,74.574,4,14596.0,38,0,0.3481339093495085,0.15842259268772127
3,176808,0,0.552,0.826,8,-9.428,1,0.0569,0.00791,0.867,0.278,0.0815,132.078,4,20214.0,47,2,0.08242729046872171,-1.7948125939436546
24,236044,0,0.519,0.131,7,-12.509,1,0.0354,0.913,2.32e-05,0.114,0.246,81.936,4,1941.0,21,3,-2.4250350304349895,-0.6044798098207835
7,308665,0,0.343,0.697,2,-6.29,1,0.0322,0.484,0.00453,0.234,0.635,91.488,4,4320.0,21,0,0.39359932807890785,-0.9755337854190713
24,246533,0,0.642,0.164,0,-17.951,0,0.0391,0.862,0.0,0.0891,0.529,116.885,4,83570.0,51,3,-2.0351774549576875,-0.1652696603437334
35,247027,0,0.276,0.41,2,-15.321,1,0.0651,0.646,0.0,0.116,0.257,170.168,3,83469.0,55,3,-1.5407949090193638,-1.870973114587578
34,173680,0,0.782,0.76,9,-7.257,1,0.0303,0.0827,0.0,0.0802,0.973,135.022,4,545.0,26,0,2.362028104226373,0.36606420644924187
19,208928,1,0.699,0.551,1,-10.409,1,0.249,0.228,0.0,0.12,0.921,93.945,4,2774.0,25,0,0.821677907372801,0.9139300708503717
61,224057,0,0.549,0.833,5,-5.792,0,0.0388,0.0927,4.99e-05,0.0735,0.573,143.989,4,1180.0,47,0,1.844157052039607,-0.9998093466928931
42,355400,0,0.0967,0.0722,4,-23.09,0,0.0405,0.905,0.954,0.121,0.036,76.411,3,240141.0,70,2,-5.3319046453612415,-3.090746222821576
47,217227,0,0.741,0.977,10,-2.318,1,0.044,0.134,0.0,0.145,0.951,119.988,4,23956.0,41,0,3.109085926264967,0.23177234930084775
51,183453,1,0.476,0.711,8,-5.77,1,0.395,0.0247,0.0,0.162,0.57,171.03,4,1003883.0,73,0,1.5231428927127917,-0.35304851287254446
37,57293,0,0.692,0.582,10,-8.074,1,0.816,0.541,0.0,0.266,0.58,88.766,4,613060.0,90,1,-0.16283687281647655,2.5052623473262505
15,282453,0,0.402,0.386,5,-12.161,0,0.031,0.765,2.54e-06,0.41,0.188,89.985,4,5223.0,37,3,-1.8355186970323996,-0.7297545269700388
14,148235,0,0.678,0.464,9,-12.649,1,0.0438,0.6,0.0,0.23,0.883,133.627,4,6397.0,36,0,0.09298303952723966,0.6436899249960063
54,228005,0,0.652,0.266,7,-11.453,1,0.0264,0.874,0.00523,0.0974,0.28,92.993,4,3216163.0,73,3,-1.6311837037435897,-0.36593384237917265
48,257143,0,0.677,0.477,5,-8.871,0,0.0532,0.736,0.0,0.158,0.803,79.95,4,74724.0,46,3,-0.05125586110132589,0.40572694055025554
24,142373,0,0.68,0.588,5,-4.467,1,0.0308,0.82,0.0,0.545,0.556,135.017,4,38.0,11,0,0.45476743979122963,0.6779518908200123
34,421160,0,0.845,0.663,0,-12.972,1,0.033,0.00669,0.0348,0.0944,0.983,122.126,4,619.0,21,0,1.8237242878480073,-0.09761986191473897
46,253928,0,0.577,0.811,10,-4.947,1,0.028,0.0889,0.0,0.0801,0.716,93.023,4,1297051.0,71,0,1.8164191504943334,-0.5074650004094508
4,187133,0,0.478,0.384,0,-9.123,1,0.0305,0.862,0.915,0.119,0.403,91.422,4,469.0,20,2,-2.0057584992776443,-1.493128785396262
18,181638,0,0.545,0.483,1,-8.068,1,0.0594,0.546,0.0,0.0714,0.535,120.628,4,857.0,48,3,-0.04131638314833146,-0.517585611842114
10,226274,0,0.677,0.663,11,-4.598,1,0.0413,0.0155,0.0216,0.0348,0.916,146.064,4,87341.0,46,0,2.355675827656684,-0.3832808984386881
53,408600,0,0.442,0.124,3,-22.227,1,0.0388,0.92,0.605,0.21,0.2,65.003,4,9471.0,48,2,-4.137414439396994,-1.5746286217013645
30,184520,0,0.289,0.683,6,-6.301,1,0.0328,0.329,0.0,0.14,0.644,100.37,4,64669.0,42,0,0.4889766104225751,-0.9512436306574819
11,174667,0,0.56,0.441,3,-9.466,1,0.0299,0.397,2.61e-05,0.26,0.527,101.858,4,30295.0,41,3,-0.19862669100115823,-0.046916012976977735
28,157107,0,0.579,0.46,11,-9.3,1,0.0387,0.659,5.62e-05,0.335,0.891,143.075,3,881.0,22,0,0.2542292333495877,0.4217839769129379
51,172199,1,0.842,0.824,6,-5.778,1,0.203,0.00362,6.77e-05,0.101,0.327,119.96,4,1162.0,45,0,1.8329734860290756,0.18852502148261266
49,241864,0,0.434,0.929,2,-3.738,1,0.0452,0.00408,0.0,0.093,0.67,168.641,4,1297051.0,71,0,2.5000039771947273,-1.444741210548711
14,166104,0,0.532,0.456,10,-13.581,1,0.0411,0.354,0.0,0.183,0.426,123.345,4,3122.0,33,3,-0.5719095998895426,-0.41533391512095
25,212349,1,0.642,0.831,10,-8.44,0,0.281,0.293,1.5e-05,0.165,0.824,90.827,4,80933.0,46,0,1.3038944843596938,0.756415427395387
23,275186,0,0.691,0.176,8,-17.234,1,0.891,0.683,0.0,0.364,0.478,139.637,3,516.0,41,1,-1.9224478431048289,1.8635889601352151
34,209627,0,0.464,0.86,8,-10.3,0,0.0517,0.0194,0.0,0.0548,0.469,146.994,4,71721.0,46,0,1.2706287172180897,-1.256076821433868
26,192619,0,0.707,0.498,9,-5.688,0,0.0427,0.725,2.99e-06,0.0737,0.821,112.821,4,19730.0,36,0,0.5974190146878432,0.23828276459515338
0,177053,0,0.648,0.218,2,-9.592,1,0.0392,0.978,2.83e-05,0.102,0.656,112.548,4,63623.0,43,3,-1.1081631184324021,0.1464047684084242
48,318560,0,0.26,0.484,7,-6.121,1,0.0399,0.526,0.0,0.103,0.143,197.685,3,42556.0,37,3,-0.19874469034595116,-2.7990834286001736
24,240333,0,0.571,0.392,5,-15.052,1,0.0467,0.193,3.01e-06,0.161,0.675,93.991,4,1480038.0,72,3,-0.39372470544035565,-0.07583330371175648
15,80293,0,0.676,0.409,7,-17.166,1,0.934,0.707,0.0,0.267,0.556,97.334,3,6155.0,57,1,-1.7567144040153544,2.7859266379313494
30,389853,0,0.383,0.845,7,-6.616,1,0.0633,0.0827,0.000492,0.199,0.41,93.764,4,373213.0,54,0,1.0723014005275553,-1.5356305165177657
49,214400,0,0.296,0.232,1,-15.178,1,0.0396,0.883,1.22e-06,0.108,0.317,91.401,5,52393.0,47,3,-2.6561602810003047,-1.0587713593578063
53,316649,0,0.382,0.614,4,-7.597,0,0.0617,0.243,0.0,0.118,0.162,93.938,4,55935.0,51,3,-0.131314154379213,-1.6683704517325872
21,342693,0,0.794,0.529,0,-14.018,1,0.0505,0.645,0.786,0.476,0.636,134.881,4,212471.0,54,2,-0.635020326670309,-0.35581969404624336
41,182267,0,0.807,0.976,11,-3.238,0,0.0495,0.0621,1.29e-06,0.0938,0.954,137.045,4,10142.0,44,0,3.3129808214714145,0.32203220476693417
60,261255,0,0.321,0.51,0,-4.563,1,0.0294,0.422,0.0,0.216,0.238,134.004,4,1459139.0,61,3,-0.07137451976143949,-1.73864747035596
17,240987,0,0.446,0.417,6,-6.448,1,0.0294,0.83,0.0,0.114,0.399,131.975,5,65777.0,38,3,-0.6319677331218981,-1.1725354030770572
29,233987,0,0.532,0.735,2,-5.269,0,0.0337,0.175,1.48e-06,0.287,0.372,105.962,4,21230.0,37,0,1.0081005867188633,-0.6499449289208851
33,237947,0,0.837,0.233,2,-15.181,1,0.0451,0.821,8.44e-05,0.152,0.742,113.889,4,7883.0,26,3,-0.9758718481012092,0.7115388082487486
46,83125,0,0.913,0.111,2,-15.465,1,0.0843,0.919,0.0,0.11,0.931,95.972,4,13929.0,54,3,-1.269539370969918,1.8430628348471256
28,250093,0,0.542,0.58,7,-5.8,1,0.0278,0.601,2.58e-05,0.117,0.458,135.979,4,10871.0,34,0,0.3803998147160571,-0.9891791078754135
25,263158,0,0.768,0.908,7,-7.479,1,0.0275,0.0147,9.3e-05,0.321,0.726,108.327,4,11803.0,38,0,2.271243422597023,0.32791186210554674
25,70480,0,0.703,0.535,1,-12.006,1,0.145,0.0405,1.06e-05,0.296,0.537,96.028,4,613060.0,90,0,0.32235580756717885,1.0014515498121517
41,217498,0,0.728,0.455,9,-11.613,0,0.0348,0.714,0.0179,0.0696,0.71,130.454,4,20516.0,45,3,-0.08847096399955277,0.02541786220632545
1,234796,0,0.467,0.992,7,-5.604,0,0.0971,0.000383,0.874,0.17,0.062,138.003,4,20214.0,47,2,0.7627180912265192,-2.4976635458457506
1,182815,0,0.546,0.541,7,-9.686,1,0.0793,0.984,0.413,0.592,0.719,82.112,4,1674.0,9,3,-1.0927581794733692,0.6801154535947996
18,112907,0,0.673,0.633,5,-9.79,0,0.433,0.357,0.0,0.31,0.559,146.638,4,2490.0,26,0,0.5422528155921656,1.085924425543195
36,162653,0,0.771,0.942,9,-6.514,0,0.0367,0.0706,0.000249,0.0746,0.947,120.182,4,12381.0,37,0,2.7050860461357593,0.41974682463899254
0,83429,0,0.309,0.414,1,-7.821,1,0.0583,0.889,0.000641,0.574,0.635,168.529,4,1204.0,9,3,-0.713170430562289,-0.028781799231931915
27,134227,0,0.532,0.446,7,-13.337,0,0.671,0.647,0.0,0.394,0.542,82.619,5,23593.0,71,1,-1.4079854129916354,1.9017620553004306
31,68248,0,0.757,0.337,11,-13.367,0,0.955,0.415,0.0,0.436,0.631,60.222,4,79023.0,76,1,-1.1725959476020258,3.612263859893461
5,162096,1,0.182,0.874,9,-5.011,0,0.103,0.411,0.882,0.396,0.12,130.036,4,23166.0,41,2,-0.5282235455759856,-2.3538370732105407
4,205636,0,0.561,0.523,2,-7.692,1,0.0588,0.706,0.000116,0.126,0.756,149.162,3,860.0,17,0,0.37871785016444726,-0.36835013564269464
32,190560,0,0.639,0.556,8,-8.092,1,0.0297,0.467,0.0,0.112,0.51,141.926,4,11134.0,36,0,0.49908453112749973,-0.5005030037819516
39,208612,0,0.526,0.384,5,-11.58,0,0.133,0.755,4.52e-05,0.133,0.153,129.919,4,96268.0,55,3,-1.411164774452322,-0.7974688934691581
61,219592,0,0.582,0.777,0,-5.905,1,0.0697,0.58,0.0,0.928,0.583,139.981,4,3966811.0,74,0,0.9516163700510781,0.8955753017310121
29,223093,0,0.586,0.642,0,-8.893,1,0.029,0.508,0.00162,0.119,0.51,153.181,4,4037.0,27,0,0.5587440442714613,-0.8028787946834519
56,211671,0,0.681,0.411,11,-10.32,0,0.0283,0.43,1.35e-06,0.135,0.243,115.031,4,36737.0,60,3,-0.4516201358671132,-0.5046686030780614
14,135346,0,0.69,0.534,10,-9.366,1,0.0796,0.617,0.000651,0.359,0.792,101.896,4,1249.0,25,0,0.21814423213685155,1.0784830009991995
36,73493,0,0.567,0.574,11,-16.855,0,0.812,0.428,0.0,0.446,0.597,110.892,1,613060.0,90,1,-0.98122675834919,2.460493502392623
39,243200,0,0.627,0.58,9,-7.136,1,0.0278,0.146,0.0,0.216,0.618,149.954,4,20000.0,36,0,1.2896432396184876,-0.5484131225932123
23,191213,0,0.576,0.836,9,-6.184,0,0.072,0.177,3.8e-06,0.673,0.728,113.871,4,21703.0,43,0,1.6347498610517845,0.7871809758093964
2,163561,0,0.715,0.844,9,-6.647,1,0.0664,0.177,0.0,0.0562,0.925,139.215,4,67.0,5,0,2.3188352016176914,0.16968025486529859
0,202147,0,0.402,0.52,9,-8.06,1,0.0344,0.992,0.000244,0.671,0.72,102.252,4,176.0,1,3,-0.7298915286245747,0.5482422599149116
44,248427,0,0.596,0.987,6,-3.274,0,0.0757,0.0515,8.24e-06,0.221,0.706,112.033,4,37253.0,41,0,2.532010587429415,-0.2913692976802019
52,134880,1,0.959,0.47,0,-11.53,1,0.166,0.358,0.0,0.0806,0.964,129.995,4,1775284.0,73,0,1.0509356264023486,1.4504890200592606
21,253582,0,0.91,0.613,7,-5.429,1,0.0746,0.268,0.0,0.18,0.838,141.988,4,16079.0,40,0,2.062229489768442,0.5076330248924315
30,203693,0,0.759,0.7,2,-11.002,1,0.0406,0.0385,0.0328,0.305,0.961,135.579,4,15114.0,38,0,1.8116188705053742,0.6564183367837629
41,215625,0,0.754,0.923,7,-3.422,0,0.0332,0.0223,0.0115,0.219,0.903,127.995,4,113713.0,54,0,3.0217954729100036,0.2555942955807918
4,155420,0,0.36,0.43,9,-9.717,0,0.0567,0.684,0.0,0.28,0.568,96.948,3,7789.0,27,3,-0.9728595102867508,-0.25127245733523146
39,275333,0,0.523,0.284,5,-14.458,1,0.0268,0.113,1.08e-05,0.0784,0.157,77.88,4,3061467.0,76,3,-1.288286531687608,-1.053641422154067
36,71200,0,0.652,0.581,8,-10.109,0,0.761,0.58,0.0,0.395,0.669,86.074,4,613060.0,90,1,-0.37680930412542313,2.6552910139712296
36,85760,0,0.634,0.54,8,-16.778,1,0.934,0.148,5.66e-06,0.266,0.474,94.953,4,613060.0,90,1,-0.8440459542666237,2.419559951184732
8,210147,0,0.607,0.453,8,-17.656,1,0.0555,0.496,1.15e-06,0.308,0.938,107.3,4,7137.0,31,3,-0.49311880119725604,0.7552985473876174
6,258750,0,0.634,0.48,9,-9.913,1,0.0472,0.381,4.76e-05,0.111,0.275,128.046,4,229226.0,48,3,-0.11197494020773506,-0.8734325172150751
56,277455,0,0.812,0.719,10,-4.544,0,0.044,0.386,3.74e-06,0.174,0.855,94.021,4,97220.0,58,0,1.8123949284216965,0.4667139344498547
24,246875,0,0.761,0.437,9,-7.672,1,0.115,0.2,0.0,0.111,0.472,143.951,4,538.0,23,0,0.8034816217654671,-0.31929636746725726
17,171280,0,0.255,0.578,7,-5.484,1,0.032,0.14,0.0,0.0946,0.411,187.097,3,2257.0,23,0,0.7923847297314907,-2.051887144567596
23,250400,0,0.484,0.163,9,-14.297,1,0.0334,0.808,0.0,0.0609,0.247,75.747,4,656.0,18,3,-2.4721711509779043,-0.7902963625592073
23,200840,0,0.394,0.0844,11,-23.224,0,0.0377,0.753,0.0,0.691,0.3,79.171,4,9.0,37,3,-3.665168052130287,0.5243645453918263
30,119547,0,0.644,0.637,9,-10.154,0,0.782,0.669,0.0,0.393,0.542,111.902,3,23593.0,71,1,-0.36938909940229236,2.183663237899773
29,238413,1,0.439,0.522,0,-9.305,1,0.122,0.719,0.0,0.207,0.629,80.101,4,28892.0,32,3,-0.6368021093950789,-0.13342021145764346
57,245360,0,0.914,0.56,7,-11.396,1,0.113,0.241,0.0214,0.217,0.87,101.019,4,103591.0,50,0,1.103932305534049,1.1319392183464485
0,178507,0,0.605,0.373,5,-9.443,1,0.758,0.951,0.0,0.671,0.787,197.064,5,70.0,1,1,-0.4499607325615295,2.0955238917153767
41,364373,0,0.478,0.596,4,-6.558,1,0.0325,0.0953,5.24e-06,0.0915,0.32,76.993,3,271231.0,61,0,0.4417784324844142,-1.4262908458978194
4,271416,0,0.771,0.878,0,-3.812,0,0.0438,0.112,1.21e-05,0.198,0.953,80.234,4,3226.0,11,0,2.587004602476126,0.5500021576420628
19,287840,0,0.628,0.74,9,-12.903,1,0.0377,0.372,0.00385,0.244,0.763,82.174,4,114658.0,51,0,0.5155299964838342,0.20337609750382285
24,316680,0,0.706,0.644,9,-9.281,0,0.0284,0.475,0.785,0.252,0.339,98.912,4,15928.0,39,2,-0.4002523842712982,-1.2045369178407845
14,458120,0,0.424,0.56,2,-10.818,1,0.0408,0.439,0.00516,0.0847,0.58,123.408,4,6391.0,24,3,0.05993632778686566,-1.7313386096040326
0,195810,0,0.791,0.354,8,-10.183,1,0.0317,0.98,0.00143,0.0866,0.657,142.725,4,1647.0,21,3,-0.4224126155290381,0.19358395483383198
30,325160,0,0.666,0.56,10,-9.281,1,0.0446,0.235,0.872,0.0491,0.759,152.418,4,6212.0,40,2,0.5315966206038804,-1.6916866132113304
32,105893,0,0.671,0.607,0,-13.812,1,0.949,0.753,0.0,0.372,0.506,117.959,3,23593.0,71,1,-0.9744898363931671,2.6218059740186814
2,55587,0,0.608,0.811,7,-15.971,0,0.838,0.698,0.0,0.748,0.817,84.575,4,782.0,10,1,-0.6052665901341239,3.7233253912169655
26,212280,0,0.693,0.965,10,-2.691,1,0.0568,0.0658,0.000227,0.322,0.927,124.739,4,11864.0,33,0,3.026286209227097,0.4019423308268082
19,221547,0,0.499,0.352,7,-13.215,1,0.046,0.408,0.0,0.169,0.555,107.857,4,609.0,21,3,-0.7878722998494095,-0.4192883459619863
52,268480,0,0.592,0.935,9,-2.868,1,0.0661,0.0497,8.51e-06,0.154,0.831,139.409,4,208371.0,56,0,2.821767158269169,-0.5630931628817405
45,293227,0,0.5,0.524,6,-7.872,1,0.0325,0.498,0.0,0.0951,0.448,115.738,4,6483.0,34,3,-0.0004403712682807725,-1.11672357679667
59,165125,0,0.76,0.8,7,-5.777,0,0.0537,0.449,0.0052,0.12,0.675,135.04,4,1302596.0,76,0,1.6466131538883644,0.14083727109077956
42,242414,0,0.711,0.868,1,-7.146,1,0.0495,0.085,1.2e-06,0.0637,0.735,102.916,4,1595.0,29,0,2.0138963429293386,-0.11192642382629604
24,200707,0,0.433,0.194,1,-9.59,1,0.0314,0.975,0.0,0.141,0.433,131.729,4,5070.0,20,3,-1.6636087511831366,-0.8535160763681278
26,256813,0,0.381,0.568,2,-6.547,1,0.029,0.665,0.0789,0.0729,0.512,140.609,4,1385393.0,70,3,-0.025789264025264966,-1.5300950730405753
21,188827,0,0.473,0.688,5,-6.557,0,0.0835,0.606,0.0,0.696,0.875,104.371,4,10834.0,31,0,0.6318074373830327,0.9648071125028771
17,68160,0,0.643,0.695,5,-10.651,1,0.927,0.851,0.0,0.889,0.566,105.935,3,8150.0,48,1,-0.71162222463766,3.6882688978198925
27,786680,0,0.437,0.55,5,-10.836,0,0.0341,0.302,0.0,0.234,0.675,127.402,3,2013.0,29,0,0.6013844016406455,-2.4903274488484777
18,212987,0,0.793,0.803,9,-6.752,0,0.0685,0.0499,0.0,0.308,0.817,109.989,4,850.0,19,0,2.1850677743212805,0.7274483286070829
22,84333,0,0.648,0.0833,6,-18.338,0,0.0507,0.935,0.0,0.2,0.468,54.164,4,28460.0,64,3,-2.958826379872299,1.042640543255506
67,136243,0,0.641,0.514,7,-10.173,0,0.181,0.163,0.0,0.0983,0.693,75.157,4,8925.0,61,0,0.3203594651729333,0.6664850033163101
37,81627,0,0.654,0.612,2,-11.814,1,0.239,0.103,1.7e-05,0.699,0.56,137.629,4,613060.0,90,0,0.5618334847950728,1.4988678735434386
29,203774,0,0.84,0.605,8,-5.484,1,0.0476,0.0817,0.0,0.0717,0.722,106.032,4,31009.0,37,0,1.7882021349683463,0.31586721650212174
20,153578,0,0.399,0.603,11,-12.718,0,0.0774,0.612,0.0,0.082,0.654,109.535,4,1377.0,28,3,-0.5231644461916917,-0.41808988581573214
22,307733,0,0.704,0.9,8,-6.579,1,0.0431,0.234,0.000271,0.0445,0.708,143.604,4,6741.0,19,0,2.2035559000632157,-0.7094788893745781
10,147627,0,0.512,0.208,5,-14.961,1,0.0275,0.327,0.253,0.109,0.391,137.938,3,5545.0,17,3,-1.4177245933806146,-0.9414757113459175
27,181000,0,0.557,0.428,8,-11.101,1,0.0422,0.798,0.0052,0.0475,0.965,132.066,4,380.0,19,3,-0.15600877660682125,0.003447317174622644
12,297973,0,0.536,0.574,7,-9.701,0,0.0276,0.301,0.00708,0.119,0.647,155.633,4,39386.0,41,0,0.7687409988211393,-1.0724988720270898
22,188507,0,0.723,0.683,9,-5.785,0,0.303,0.0377,0.0,0.15,0.728,100.057,4,1123.0,18,0,1.6382660981437738,0.7790992298798832
28,195600,0,0.808,0.683,4,-4.542,0,0.0297,0.213,3.23e-06,0.0975,0.903,100.044,4,119664.0,58,0,2.027527710182834,0.5406090261114435
6,173493,0,0.695,0.667,5,-8.988,1,0.0629,0.645,0.00335,0.301,0.949,96.219,4,4011.0,24,0,0.733349388125039,1.0398148553667788
46,233407,0,0.786,0.563,7,-8.729,1,0.0362,0.474,0.00193,0.107,0.46,90.96,4,32147.0,47,0,0.30740042651245364,0.06584095727866157
0,181003,0,0.539,0.166,8,-14.726,1,0.0563,0.995,0.91,0.143,0.492,72.307,3,760.0,3,2,-3.1764506737259564,-0.7936435363446573
3,255837,0,0.417,0.937,9,-7.037,1,0.055,0.00536,5.91e-06,0.259,0.587,106.451,4,1262.0,15,0,1.619709536321796,-0.7922133133908311
3,139347,0,0.625,0.726,11,-15.613,1,0.0372,0.838,0.718,0.102,0.962,107.863,4,37.0,1,2,-0.6673501658155817,-0.08959826147012095
49,226053,0,0.761,0.819,9,-4.984,0,0.0429,0.000584,0.0,0.354,0.635,134.95,4,663625.0,69,0,2.3539416141387335,0.17455568995189935
30,279200,0,0.437,0.257,4,-13.659,1,0.0318,0.61,0.0,0.189,0.262,183.882,4,2119.0,29,3,-1.278850275393407,-1.6187616614234208
51,257868,0,0.605,0.319,3,-11.205,0,0.0261,0.788,0.0,0.111,0.124,130.003,3,63259.0,49,3,-1.389971548144478,-1.0521649176082815
57,158408,0,0.751,0.79,5,-4.479,0,0.244,0.000836,0.386,0.471,0.389,149.954,4,10773.0,60,0,1.6361931576925626,0.18582496049848493
45,137143,1,0.857,0.472,3,-10.451,0,0.398,0.242,0.000242,0.104,0.224,168.033,4,96139.0,53,0,0.3238553909067825,0.46722667937466683
26,256373,0,0.682,0.739,0,-2.686,1,0.0447,0.0277,1.01e-05,0.0683,0.855,89.85,4,205832.0,46,0,2.302428442992359,-0.08934955095464427
29,183600,0,0.697,0.484,8,-8.964,1,0.178,0.207,1.13e-05,0.211,0.863,73.872,4,163705.0,52,0,0.6430824045213662,1.058542645552817
6,151093,0,0.663,0.418,5,-9.516,1,0.0273,0.765,5.93e-06,0.185,0.796,97.847,3,17449.0,43,3,-0.2683613195503104,0.6101724838498896
44,295333,0,0.357,0.392,7,-6.492,0,0.0302,0.83,0.00023,0.0954,0.293,89.57,4,2362223.0,64,3,-1.2132500179315313,-1.4399534962098044
41,200997,0,0.705,0.923,10,-4.161,0,0.0296,0.381,3.03e-05,0.107,0.97,135.005,4,462254.0,62,0,2.522804403310869,0.10867344470263217
10,145467,0,0.262,0.267,7,-11.766,0,0.0365,0.842,0.000103,0.548,0.173,131.562,4,1413.0,27,3,-2.256500522746219,-0.6687848497253001
27,340450,0,0.557,0.479,0,-10.686,1,0.029,0.447,0.000212,0.519,0.708,134.949,3,5261.0,26,0,0.2161707311444614,-0.12978175692463087
36,261067,0,0.663,0.898,4,-3.716,0,0.0319,0.394,0.00158,0.221,0.707,128.082,4,151556.0,49,0,2.057101715914754,-0.26946079503516707
33,225187,0,0.79,0.229,10,-16.906,1,0.0356,0.208,4.22e-06,0.1,0.931,81.081,4,464746.0,62,3,-0.3571730402283469,0.8783258634197824
0,144560,0,0.699,0.476,5,-11.636,1,0.026,0.457,0.0,0.336,0.966,94.228,4,47083.0,39,0,0.3018794178402038,1.2009927511016982
34,307867,0,0.425,0.428,1,-8.82,1,0.0259,0.223,0.0,0.141,0.113,77.004,4,654149.0,59,3,-0.7437815281186124,-1.458758721588964
33,187960,0,0.555,0.752,2,-7.142,1,0.0287,0.00479,0.0,0.115,0.802,94.107,4,1455.0,25,0,1.6095650172928035,-0.14757950909527362
19,172800,1,0.627,0.666,9,-4.637,0,0.0999,0.000423,1.02e-05,0.214,0.916,159.856,4,9294.0,43,0,2.319858524314506,0.036953224841504616
20,78373,0,0.588,0.119,2,-14.651,0,0.0548,0.669,0.239,0.327,0.555,83.186,4,28460.0,64,3,-2.142809992613762,0.6467085430560118
44,228360,0,0.644,0.667,11,-7.84,1,0.0407,0.68,0.00343,0.0744,0.593,105.301,4,17686.0,38,0,0.38457329430610887,-0.2599445975525274
49,214960,0,0.799,0.71,4,-5.099,1,0.0397,0.0367,0.000372,0.12,0.767,110.732,4,7051.0,42,0,2.1523529161408907,0.23534398632396875
22,176893,0,0.473,0.424,7,-9.9,1,0.0261,0.307,0.000815,0.0863,0.134,84.062,4,4482.0,40,3,-0.908613662983123,-0.9726077669820445
25,162413,0,0.766,0.138,9,-9.991,1,0.0482,0.83,0.0,0.215,0.56,103.15,4,16494.0,31,3,-1.149391389179946,0.6609669175866695
40,191603,0,0.55,0.883,6,-5.117,0,0.0601,0.00291,0.00275,0.349,0.641,152.994,4,6854.0,48,0,2.230012550298854,-0.3631114145041767
7,187800,0,0.511,0.339,9,-12.451,1,0.124,0.463,5.48e-06,0.0317,0.671,102.464,4,549.0,29,3,-0.7145977105865091,-0.18154039540459743
52,226133,0,0.644,0.537,1,-6.823,0,0.0306,0.146,1.39e-05,0.0904,0.483,77.99,4,454733.0,64,0,0.6138120618876635,-0.3138107635799567
28,150000,0,0.609,0.667,2,-12.006,1,0.101,0.00483,0.0,0.12,0.345,88.131,4,185707.0,56,0,0.3041702123468164,-0.12635502384511882
46,178012,1,0.579,0.979,4,-4.16,0,0.053,0.007,0.0223,0.292,0.651,126.075,4,6793.0,44,0,2.4103488248865506,-0.1996145958103543
33,180573,0,0.626,0.372,4,-11.363,0,0.0305,0.532,0.0,0.0993,0.393,114.926,4,2173.0,27,3,-0.6954142726594992,-0.36943865968969786
18,414201,0,0.61,0.88,2,-6.074,1,0.39,0.733,0.0,0.297,0.855,120.552,4,1385393.0,70,0,1.303024458863267,0.33080831832041113
38,119400,0,0.581,0.606,8,-8.394,1,0.491,0.174,0.0,0.616,0.819,146.253,4,128052.0,80,0,1.0080342110293328,1.7565190653669946
52,162476,0,0.73,0.932,8,-3.534,1,0.0476,0.0605,0.0452,0.327,0.868,124.032,4,50821.0,71,0,2.7843667893043267,0.561860249344694
25,216533,0,0.486,0.739,2,-4.594,1,0.06,0.912,2.08e-06,0.134,0.842,125.539,4,1385393.0,70,0,0.7443290051810942,-0.3402834722145692
34,225512,0,0.284,0.485,2,-8.601,0,0.0344,0.91,0.000445,0.4,0.477,82.09,3,3735.0,27,3,-1.3442111297538295,-0.49256387756767517
39,242400,0,0.62,0.71,9,-3.479,1,0.0292,0.0218,0.0,0.282,0.386,100.035,4,2478.0,29,0,1.478813286228427,-0.4780630785770222
27,111067,0,0.616,0.327,5,-9.769,1,0.241,0.662,0.0,0.543,0.734,83.858,4,80.0,21,1,-0.7727084568980289,1.739750722414659
35,87613,0,0.72,0.445,0,-10.402,1,0.808,0.383,0.0,0.395,0.479,62.84,4,613060.0,90,1,-0.7416196223054634,2.7828296289232872
38,213763,0,0.837,0.291,11,-10.664,1,0.0477,0.742,0.0,0.421,0.38,136.035,4,9131.0,51,3,-0.6582708275950487,0.5674528411326829
17,189987,0,0.399,0.53,7,-7.745,1,0.0309,0.334,0.0,0.174,0.681,78.774,4,4460.0,30,3,0.07862540243527644,-0.3763096512704773
26,58027,0,0.702,0.356,6,-13.635,0,0.949,0.646,0.0,0.689,0.648,106.057,3,79023.0,76,1,-1.2826678737894417,3.699222002957028
11,235653,0,0.403,0.501,10,-7.776,0,0.0272,0.621,0.292,0.116,0.436,81.301,4,110940.0,47,3,-0.8808157294482217,-1.1903014184546232
25,227520,0,0.736,0.703,1,-9.243,1,0.0449,0.179,0.00014,0.141,0.868,105.922,4,1238.0,31,0,1.5167286129035602,0.35748175250716574
39,230008,0,0.594,0.468,2,-8.147,0,0.0283,0.384,6.53e-05,0.0964,0.318,135.947,4,40961.0,42,3,0.07359353156681202,-0.986720650118871
0,611293,0,0.204,0.256,7,-18.183,1,0.0435,0.971,0.0233,0.329,0.0905,132.904,3,2937.0,43,3,-3.0011092535145725,-2.7562221702169194
21,139945,0,0.619,0.339,11,-9.894,1,0.035,0.661,3.85e-06,0.338,0.476,97.752,4,308.0,42,3,-0.8670637671534258,0.4266414327142949
19,188347,0,0.486,0.5,9,-7.738,0,0.0315,0.605,0.0,0.575,0.455,125.193,4,66203.0,41,3,-0.2707806608404702,0.04307026212821019
51,284107,0,0.494,0.56,4,-5.318,1,0.0276,0.0908,4.98e-05,0.167,0.22,130.02,4,903800.0,64,0,0.6710829366992642,-1.5178167060440566
35,64674,0,0.715,0.325,11,-14.687,0,0.925,0.587,0.0,0.201,0.704,120.225,4,128057.0,82,1,-1.1148231303979916,2.7430829217626815
4,134787,0,0.655,0.313,5,-11.846,1,0.0472,0.824,0.0132,0.117,0.604,122.502,4,1392.0,21,3,-0.954024507380894,0.20375352370707
56,205000,0,0.536,0.756,5,-6.411,0,0.0598,0.244,8.64e-05,0.583,0.276,143.943,4,133329.0,53,0,0.8981963015854321,-0.30140676662843496
51,268053,0,0.623,0.799,0,-4.864,0,0.0361,0.066,0.0,0.294,0.307,122.057,4,48756.0,51,0,1.5293202554945862,-0.7467928895542024
9,201760,0,0.607,0.809,6,-6.038,1,0.0263,0.119,0.0,0.129,0.717,97.032,4,2489.0,24,0,1.6937659625973125,-0.1641393928909377
13,255387,0,0.795,0.825,0,-7.048,1,0.0381,0.0363,0.00181,0.109,0.769,135.953,4,15829.0,31,0,2.3957334132000634,-0.08818832621721123
15,167067,0,0.646,0.63,9,-14.798,1,0.0356,0.0876,0.704,0.317,0.923,110.539,4,1290.0,20,2,0.23473744331719845,0.021260448993984573
8,197053,0,0.669,0.52,7,-5.655,1,0.0598,0.939,0.0,0.167,0.858,130.839,4,450.0,14,0,0.4430522647124276,0.29289641678376177
3,189467,0,0.356,0.544,3,-9.068,0,0.0488,0.988,0.909,0.422,0.964,78.81,4,3743.0,19,2,-1.3941220856736491,-0.4247985305110851
63,223854,0,0.736,0.847,1,-4.287,1,0.0756,0.358,0.0,0.101,0.915,143.996,4,1204196.0,71,0,2.402592699953401,0.0681188038714168
35,280760,0,0.624,0.719,5,-6.838,0,0.0288,0.174,0.0,0.114,0.681,109.933,4,114127.0,59,0,1.4506045093392972,-0.5104694885579444
32,275867,0,0.687,0.885,0,-2.556,0,0.0276,0.234,0.0,0.209,0.963,136.369,4,90575.0,48,0,2.8129407865243783,-0.09337865949204525
24,159880,0,0.22,0.143,10,-16.737,1,0.0386,0.976,0.0741,0.105,0.304,108.103,3,200.0,24,3,-3.271903402890491,-1.2339391308223255
29,189840,0,0.794,0.768,3,-6.883,1,0.0458,0.0618,0.000251,0.61,0.92,106.3,4,1257.0,27,0,2.1461675550384998,1.4756450507154837
30,269213,0,0.587,0.539,2,-6.226,1,0.0294,0.302,0.0,0.0747,0.437,135.607,4,47620.0,45,0,0.7155904880308529,-1.0923528404896856
25,181760,0,0.456,0.559,7,-9.025,0,0.0565,0.816,3.47e-06,0.886,0.866,116.195,5,7246.0,33,3,-0.1807687062050024,1.2509770158837197
25,125967,0,0.613,0.577,5,-5.608,1,0.0362,0.912,0.000715,0.662,0.857,120.788,4,0.0,29,0,0.3540401502397502,1.3031741201215927
4,239600,0,0.454,0.443,9,-10.794,0,0.0364,0.716,0.0,0.22,0.55,97.253,4,3800.0,32,3,-0.8956568854805457,-0.4384829468207289
46,244663,0,0.494,0.677,9,-3.802,0,0.135,0.0306,0.0,0.135,0.532,80.003,4,8452.0,41,0,1.192168203310935,-0.5259847724027051
12,216503,0,0.629,0.443,1,-8.785,1,0.0335,0.478,0.0,0.375,0.0711,137.463,4,12329.0,28,3,-0.48431103854692226,-0.6048626828809365
40,360278,0,0.325,0.567,7,-7.421,1,0.0498,0.489,0.0,0.399,0.328,144.677,3,599849.0,58,3,-0.10388894276986375,-1.582996686391518
22,143440,0,0.557,0.88,9,-12.164,0,0.194,0.831,0.638,0.119,0.908,170.715,4,1334.0,21,2,0.2631666256280122,-0.44945892611854815
29,293213,0,0.634,0.69,9,-11.979,0,0.0343,0.0359,0.0,0.178,0.664,140.041,4,653552.0,63,0,1.2300005717197773,-0.5618161766418711
2,189360,0,0.649,0.346,2,-8.939,1,0.285,0.922,0.0,0.0822,0.715,129.161,4,26439.0,42,3,-0.5882859081898137,0.4984417828579665
39,243427,0,0.671,0.653,7,-5.007,1,0.0435,0.359,0.0,0.127,0.44,104.03,4,501590.0,58,0,0.9248100136183666,-0.4476105693252675
28,155040,0,0.575,0.825,2,-6.794,1,0.0459,0.236,0.0,0.0679,0.935,158.032,4,5965.0,39,0,2.089341249307324,-0.2952811883511822
5,103693,0,0.39,0.878,1,-6.977,0,0.069,0.584,0.0,0.459,0.784,71.766,4,421502.0,56,0,0.5590034820221671,0.6852402802251023
36,321467,0,0.525,0.228,10,-9.254,1,0.0268,0.861,0.0,0.151,0.255,99.918,4,1992.0,31,3,-1.6069304826877397,-1.0372776186046408
39,243461,0,0.653,0.823,6,-6.615,1,0.0281,0.00339,4.56e-06,0.157,0.39,120.036,4,8081.0,38,0,1.6385280750982403,-0.7163826696460995
36,178504,0,0.737,0.819,11,-4.508,1,0.04,0.467,2.99e-06,0.292,0.688,124.971,4,63121.0,58,0,1.7071050073342977,0.3926697646143774
43,295636,0,0.611,0.214,7,-18.235,1,0.0396,0.95,0.924,0.0977,0.201,143.975,4,11266.0,45,2,-3.096661295475441,-1.9486182096003903
37,314227,0,0.637,0.629,0,-11.388,1,0.0291,0.221,6.44e-06,0.0855,0.78,97.245,4,29217.0,42,0,0.8102710049986773,-0.3136205013838929
0,179467,0,0.608,0.359,5,-15.497,0,0.0352,0.412,1.19e-05,0.0564,0.373,114.755,4,257.0,34,3,-1.0408376535917496,-0.4462699275378941
1,248240,0,0.543,0.568,2,-7.093,1,0.0281,0.276,0.0,0.332,0.173,110.056,4,115645.0,52,3,0.09454619661058915,-0.7965695043058059
20,189360,0,0.576,0.69,4,-12.933,0,0.0423,0.021,3.53e-06,0.231,0.84,139.241,4,6803.0,38,0,1.2060409534887568,-0.00940968134138229
44,207733,0,0.515,0.259,2,-10.704,1,0.0357,0.776,0.0,0.0869,0.378,96.191,4,18654.0,43,3,-1.5192164694393522,-0.5911337616251667
2,310600,0,0.564,0.632,5,-11.894,1,0.0591,0.577,0.0326,0.246,0.599,104.332,4,1433.0,20,3,-0.09893470956002173,-0.3488748747796907
47,223907,0,0.596,0.828,7,-6.099,1,0.0341,0.0201,0.884,0.226,0.404,125.922,4,53815.0,41,2,0.9062849826846331,-1.6257584766493884
0,599874,0,0.247,0.234,6,-10.34,1,0.0508,0.962,0.588,0.45,0.282,168.321,4,16379.0,40,2,-2.1580779326110124,-3.150584601883932
34,262613,0,0.607,0.426,7,-4.878,1,0.0256,0.727,0.0,0.0969,0.144,74.875,4,12182.0,29,3,-0.7343115999245682,-0.8186736691098986
18,117467,0,0.706,0.521,8,-10.661,1,0.919,0.813,0.0,0.662,0.563,106.632,4,6155.0,57,1,-0.8814959397063661,3.2510679991353797
10,281627,0,0.577,0.621,9,-12.436,0,0.0291,0.000302,0.0339,0.0627,0.939,133.022,4,14543.0,32,0,1.2849851287907288,-0.5333879173879525
34,57324,0,0.736,0.38,4,-15.293,1,0.941,0.515,0.0,0.733,0.741,88.23,1,128057.0,82,1,-1.1599742672539148,4.099785402335247
39,207250,1,0.675,0.53,9,-4.921,0,0.0355,0.542,0.0,0.23,0.655,120.074,4,8839.0,36,0,0.767645690009062,0.056866908944520664
32,254461,0,0.458,0.417,7,-7.389,1,0.0351,0.667,0.000234,0.663,0.138,131.983,4,8878.0,30,3,-0.8957061790158531,-0.5100631739833968
25,216600,0,0.657,0.936,0,-7.808,0,0.0475,0.0102,1.2e-05,0.147,0.866,108.011,4,1982.0,20,0,2.291763780005985,0.09640017015218988
10,133960,0,0.615,0.0121,5,-28.04,1,0.206,0.942,0.0,0.0853,0.246,110.75,3,15042.0,32,3,-4.132547094632668,0.4272701398439051
41,228640,0,0.524,0.888,7,-5.459,1,0.104,0.77,0.0,0.0898,0.934,154.188,4,6813.0,45,0,1.5461471064866654,-0.39559254216909817
17,268293,0,0.526,0.877,7,-7.09,0,0.0804,0.721,0.000215,0.085,0.96,156.582,4,3829.0,24,0,1.5105006604183526,-0.5454868621035904
3,194867,0,0.581,0.137,10,-14.072,1,0.0489,0.825,4.65e-05,0.872,0.361,109.721,4,21786.0,34,3,-2.1514889968295874,1.062669916101848
29,77867,0,0.489,0.498,4,-9.015,1,0.0689,0.485,4.25e-06,0.0903,0.966,184.31,4,8367.0,40,0,0.7929339558052547,-0.18914698696509744
35,69098,0,0.662,0.484,10,-11.099,1,0.844,0.946,0.0,0.827,0.829,110.799,3,128057.0,82,1,-0.9054152217808197,3.7854856745554235
29,106480,0,0.689,0.622,2,-8.891,0,0.95,0.338,0.0,0.886,0.537,95.046,4,23593.0,71,1,-0.007121849787354233,3.612411553703673
7,283867,0,0.703,0.506,7,-12.939,0,0.0337,0.681,0.000575,0.123,0.91,88.505,4,4206.0,28,0,-0.06178600346755507,0.41571031000665576
44,208000,0,0.735,0.48,9,-10.042,1,0.336,0.222,0.000763,0.0571,0.353,169.964,4,186047.0,60,0,0.47618052398017163,-0.17780138800143816
0,175682,0,0.551,0.0866,1,-11.663,1,0.333,0.985,0.00382,0.335,0.455,172.407,4,62.0,0,3,-1.8264259611629683,0.3070327693770821
10,111307,0,0.511,0.822,5,1.446,1,0.0326,0.821,0.0,0.0726,0.962,80.316,4,8887.0,49,0,1.5366154283622255,0.23478071482409224
0,185240,0,0.576,0.267,4,-10.664,1,0.11,0.995,0.881,0.157,0.732,179.979,4,21786.0,34,2,-1.4572830016199163,-1.1266475692706612
11,217853,0,0.778,0.597,5,-6.982,1,0.0306,0.517,4.57e-05,0.201,0.916,133.116,4,2335.0,34,0,1.3484601133117378,0.48348877512906635
56,285613,0,0.508,0.517,8,-8.054,0,0.0278,0.000717,0.0165,0.117,0.0543,103.935,4,41394.0,47,3,0.045249046323972995,-1.5688223955319969
29,248000,1,0.84,0.606,9,-7.033,0,0.209,0.334,3.79e-06,0.091,0.699,88.991,4,88251.0,47,0,1.098905959556821,0.7272652357367284
43,253362,0,0.788,0.586,10,-14.65,0,0.0409,0.216,0.000203,0.105,0.961,133.215,4,113630.0,48,0,1.0526225293463738,0.3781768664125256
37,236513,0,0.84,0.91,6,-3.437,0,0.0668,0.378,0.00358,0.0719,0.931,85.003,4,41296.0,54,0,2.426134921841263,0.6533854352569104
40,151837,0,0.774,0.856,2,-5.842,1,0.123,0.46,0.0,0.627,0.624,98.063,4,5658.0,37,0,1.3657046673585336,1.5072837783008646
0,165790,0,0.466,0.263,7,-14.673,1,0.0803,0.978,0.00649,0.346,0.664,183.554,4,38.0,12,3,-1.4212172675690598,-0.17193258373877962
40,243887,0,0.729,0.894,5,-6.13,1,0.0543,0.209,0.0,0.361,0.75,100.043,4,19039.0,50,0,1.9976126707956872,0.5300119867610745
13,212667,0,0.447,0.427,7,-9.685,1,0.0307,0.753,2.11e-06,0.208,0.889,82.231,4,8819.0,32,3,-0.5418018312873478,0.11368884207991874
37,283533,0,0.523,0.39,4,-9.29,1,0.0286,0.821,1.25e-05,0.324,0.716,111.616,4,9028.0,32,3,-0.5598123145897363,-0.13543492500995402
66,140643,0,0.583,0.717,0,-5.212,0,0.0266,0.0196,0.745,0.0766,0.673,139.995,4,48171.0,57,2,1.255220009524965,-1.3012848946720266
45,198400,0,0.554,0.551,8,-7.402,1,0.0321,0.00338,2.78e-06,0.134,0.477,150.005,4,825228.0,58,0,1.0675700157277757,-0.9281247260993796
17,151853,0,0.639,0.775,5,-8.355,1,0.0314,0.469,0.000118,0.0488,0.968,173.5,4,108.0,6,0,1.7503902507701967,-0.16238794986025995
42,213133,0,0.655,0.759,0,-9.235,1,0.25,0.249,0.0,0.18,0.707,97.455,4,38025.0,42,0,1.0426074732168606,0.570634313706896
33,106973,0,0.437,0.656,5,-10.048,1,0.032,0.456,0.000208,0.251,0.663,80.362,4,100149.0,49,3,-0.06212917338734156,0.1799717642197971
0,194060,0,0.556,0.429,7,-6.988,1,0.083,0.993,0.741,0.106,0.903,207.468,4,258.0,8,2,-0.2037663334667406,-1.292535826729963
21,189827,0,0.466,0.544,7,-8.925,0,0.0317,0.507,0.0,0.177,0.577,108.379,4,44931.0,42,3,-0.08773233010428033,-0.4724247596952483
9,220100,0,0.427,0.448,8,-10.603,1,0.0411,0.853,7.68e-05,0.732,0.434,126.421,4,18295.0,36,3,-1.1430169928688527,0.17706248287249438
49,187853,0,0.793,0.804,6,-4.68,1,0.348,0.179,0.0,0.0625,0.941,159.969,4,20453.0,47,0,2.602478624495098,0.7231497966039119
36,191440,0,0.459,0.353,4,-6.347,0,0.0316,0.75,0.0,0.0991,0.182,132.677,4,10044.0,46,3,-0.9478974062773804,-1.280521682328305
20,221827,0,0.652,0.685,0,-6.771,1,0.0297,0.478,0.0,0.185,0.714,121.611,4,12673.0,28,0,1.0799323328377433,-0.07616538534734493
1,114653,0,0.678,0.182,7,-21.094,1,0.107,0.987,0.0311,0.24,0.895,116.972,4,757.0,21,3,-2.110321750705614,1.3039825404715994
21,289613,0,0.428,0.672,0,-10.131,1,0.0587,0.0664,0.071,0.333,0.355,109.82,4,1407.0,37,0,0.3099402886759771,-1.0172259816757079
29,238693,0,0.59,0.762,4,-6.919,1,0.0281,0.0244,7.69e-06,0.14,0.658,117.049,4,654149.0,59,0,1.6733571352682488,-0.5285591515893113
25,65760,0,0.644,0.393,2,-18.71,1,0.953,0.77,0.0,0.693,0.648,77.299,1,79023.0,76,1,-2.1715605667835467,3.878770314306426
50,193400,0,0.363,0.41,8,-11.382,1,0.0285,0.769,0.000652,0.12,0.44,97.642,4,358093.0,63,3,-1.4083827583758708,-0.8303544472997925
43,208566,0,0.633,0.473,4,-9.736,1,0.0312,0.845,0.0,0.0992,0.416,129.928,4,108173.0,44,3,-0.5741801046810177,-0.49386583908896786
27,69627,0,0.511,0.355,10,-16.886,0,0.798,0.156,0.0,0.518,0.701,96.438,3,84951.0,73,1,-1.1536945917300463,2.6175390093695725
10,229000,0,0.626,0.268,10,-9.77,0,0.042,0.832,0.0,0.0798,0.407,99.892,3,21425.0,34,3,-1.224722565987954,-0.3709526116610607
29,277533,0,0.519,0.646,11,-8.944,0,0.0306,0.41,6.09e-05,0.24,0.361,79.712,4,7540.0,28,3,-0.06246480618055128,-0.605915913144645
34,146308,0,0.726,0.809,5,-5.343,1,0.0949,0.253,0.0,0.378,0.8,122.137,3,113136.0,54,0,1.9474790320981752,0.8707263112963518
23,320560,0,0.555,0.76,0,-6.016,1,0.0587,0.306,1.09e-06,0.4,0.496,103.499,4,3063201.0,68,0,1.023912761640914,-0.40922247356397123
66,175000,0,0.711,0.382,8,-10.146,1,0.04,0.625,0.0,0.241,0.62,128.023,4,1670684.0,82,3,-0.1785520418894226,0.33030441280235395
28,103787,0,0.744,0.595,5,-8.108,0,0.945,0.352,0.0,0.356,0.625,69.1,3,23593.0,71,1,0.10128022677144774,3.0714489374997855
13,294547,0,0.693,0.806,4,-8.564,1,0.0354,0.487,0.000181,0.666,0.801,104.356,4,7959.0,38,0,1.2064169802602729,0.9385098573231205
33,97406,0,0.722,0.34,1,-16.601,1,0.955,0.753,0.0,0.4,0.513,61.591,5,128057.0,82,1,-2.1441385233582975,3.348745491646629
0,209400,0,0.72,0.409,4,-6.349,1,0.04,0.961,2.91e-06,0.125,0.571,98.988,4,1204.0,9,3,-0.38716446156100853,0.17529801918872195
31,257880,0,0.853,0.398,4,-9.359,0,0.0669,0.018,0.00271,0.129,0.6,124.779,4,16609.0,32,0,1.0106401741901792,0.10564550454184381
35,284333,0,0.754,0.738,0,-5.909,0,0.029,0.207,0.000322,0.0606,0.858,97.41,4,3502.0,28,0,1.9169611753757791,0.015406148252014619
0,186085,0,0.465,0.155,10,-13.568,1,0.0751,0.994,7.87e-06,0.284,0.284,95.08,4,22.0,1,3,-2.617148007886789,-0.19202665316588974
38,266475,0,0.739,0.786,4,-6.591,0,0.167,0.221,0.0,0.237,0.844,79.017,4,107130.0,46,0,1.6776423805804266,0.7789688839761713
38,240773,0,0.568,0.314,2,-12.858,1,0.0313,0.213,0.0,0.0949,0.117,118.023,4,23388.0,40,3,-0.9406053848362933,-1.1331477982300293
37,216800,1,0.756,0.888,9,-5.672,1,0.102,0.077,0.0,0.355,0.834,120.002,4,20204.0,26,0,2.4583484156558266,0.6983139347985927
55,172059,0,0.565,0.16,11,-11.558,1,0.0299,0.889,1.11e-05,0.116,0.344,82.758,4,19322.0,52,3,-2.059496744661083,-0.1887451712374498
35,219773,1,0.613,0.704,2,-8.168,1,0.418,0.153,0.0,0.132,0.86,169.825,4,44007.0,41,0,1.699378246886396,0.3214439446201888
0,179747,0,0.536,0.169,0,-15.568,1,0.0604,0.992,0.00589,0.0985,0.53,164.337,4,54.0,2,3,-1.880241888628731,-0.5245039375152893
28,368493,0,0.53,0.797,2,-6.268,1,0.0412,0.0926,0.0,0.0845,0.235,150.058,4,3475.0,37,0,1.3692271135010865,-1.9603354877114956
47,282475,0,0.495,0.632,4,-3.885,1,0.0332,0.099,0.00126,0.111,0.247,135.089,4,599849.0,58,0,1.0417995122959625,-1.639667976023987
28,327867,0,0.683,0.941,6,-3.413,1,0.122,0.0212,0.0,0.194,0.727,115.989,4,66371.0,45,0,2.686523596023015,-0.2891055029832421
16,355971,0,0.637,0.743,5,-9.738,0,0.0941,0.83,0.0021,0.668,0.849,94.028,4,1385393.0,70,0,0.3917478783572294,0.9542428044426429
32,224507,0,0.302,0.559,2,-6.96,0,0.0318,0.0881,0.295,0.0932,0.235,77.348,4,9480.0,33,3,-0.39906415704783027,-1.8191576273904249
1,322773,0,0.578,0.472,7,-8.11,1,0.0344,0.662,0.00748,0.354,0.654,78.986,4,262.0,18,3,-0.2259207587371225,0.026851599437485163
19,214093,0,0.173,0.126,5,-17.257,1,0.0336,0.247,0.00959,0.0843,0.153,92.826,3,887.0,33,3,-2.6444331697006516,-1.7566109629797138
0,170497,0,0.708,0.337,7,-8.336,1,0.0548,0.837,0.0,0.19,0.89,88.656,4,802.0,22,3,-0.2886214433709859,0.9109087625818865
23,252733,0,0.69,0.314,9,-10.723,1,0.0255,0.755,1.14e-06,0.103,0.362,95.998,4,2489.0,24,3,-1.075153617903839,-0.3054374963373711
19,255400,0,0.578,0.728,11,-6.682,0,0.0393,0.107,9.96e-06,0.0767,0.555,131.645,4,12049.0,35,0,1.4612663002561554,-0.9242930760962478
25,392973,0,0.213,0.979,2,-0.212,0,0.0794,0.00586,0.00958,0.178,0.374,138.907,3,1692.0,33,0,2.0975125964532486,-2.5419609409951702
42,304267,0,0.617,0.628,5,-7.734,0,0.0598,0.492,0.0148,0.133,0.307,77.378,4,254287.0,49,3,-0.010848161875743815,-0.6439160967220687
17,58053,0,0.686,0.496,11,-12.483,1,0.955,0.633,0.0,0.545,0.722,141.54,1,6155.0,57,1,-0.5154034315523078,3.1990653635496025
2,172317,0,0.557,0.231,7,-11.841,1,0.0395,0.922,8.61e-06,0.118,0.181,121.803,4,1169.0,23,3,-1.955681005590762,-0.6642055505521149
42,348640,0,0.29,0.717,9,-9.439,0,0.0556,2.71e-05,0.816,0.706,0.236,110.271,4,105500.0,41,2,-0.41423897603373633,-1.87141670737255
35,226640,0,0.829,0.568,5,-10.987,1,0.0383,0.0472,0.0,0.13,0.965,126.873,3,16168.0,39,0,1.6338653230886193,0.5527743436707232
16,275600,0,0.327,0.213,9,-13.716,0,0.0311,0.653,0.0361,0.113,0.124,150.508,3,6593.0,42,3,-2.0402884446700944,-1.9837264477696126
35,294533,0,0.235,0.329,7,-9.776,1,0.0311,0.291,3.63e-06,0.116,0.0771,74.576,3,4158.0,39,3,-1.5371854370930094,-1.927099265272348
8,163667,0,0.322,0.15,7,-12.479,1,0.0327,0.515,0.0,0.14,0.225,97.31,3,24479.0,44,3,-2.131384492688699,-1.0675949011146744
14,111490,0,0.557,0.779,8,-4.502,1,0.047,0.694,0.0,0.257,0.53,158.114,1,343.0,20,0,0.9764415737174141,-0.2787103485167128
4,277722,0,0.626,0.216,7,-15.02,1,0.0337,0.785,0.0,0.101,0.424,116.803,4,2862.0,28,3,-1.6540851791891262,-0.5146001166364988
36,90693,0,0.657,0.666,10,-9.783,1,0.849,0.449,0.0,0.361,0.554,86.942,4,613060.0,90,1,-0.13284415595715485,2.531132412395198
50,192107,0,0.487,0.914,4,-5.726,1,0.0669,0.194,1.95e-06,0.0826,0.658,133.117,4,22388.0,40,0,1.7998811288247338,-0.7787016297782733
0,199720,0,0.359,0.285,9,-10.224,1,0.0284,0.936,0.749,0.279,0.271,77.153,4,42.0,4,2,-2.780215220974264,-1.3923271887973192
27,238253,0,0.752,0.518,8,-7.482,1,0.0468,0.353,0.0,0.291,0.807,107.267,4,23057.0,51,0,0.9866177545051928,0.5778247685424822
21,249933,1,0.701,0.748,9,-6.093,0,0.193,0.00691,1.18e-06,0.0695,0.657,169.983,4,130976.0,53,0,2.215991740839296,-0.46798497117811816
47,217798,0,0.433,0.232,5,-8.931,0,0.0295,0.867,5.87e-05,0.128,0.483,171.077,4,3889.0,42,3,-1.028137891700565,-1.2076870677537574
42,240253,0,0.791,0.684,7,-6.12,1,0.0525,0.439,0.0,0.161,0.911,139.942,4,447068.0,64,0,1.8083125405222211,0.31416284853492255
43,385547,0,0.274,0.561,5,-6.177,0,0.0314,0.757,0.000484,0.373,0.257,134.739,3,3063201.0,68,3,-0.5698823141596998,-1.8647833360193447
6,160133,0,0.683,0.222,2,-15.454,0,0.0347,0.841,0.0111,0.111,0.491,111.095,3,1547.0,19,3,-1.7065738488043947,0.1876095978867486
7,209307,0,0.561,0.303,3,-12.975,1,0.246,0.852,3.42e-06,0.111,0.647,160.237,4,1480.0,28,3,-1.0107624041305592,-0.06739506762277571
28,144360,0,0.663,0.664,0,-7.768,1,0.0339,0.704,0.0,0.215,0.925,117.187,4,4875.0,34,0,0.8307809972853544,0.6468346744321654
39,119466,0,0.591,0.865,3,-7.492,1,0.0645,0.744,0.0,0.144,0.9,81.163,4,3906.0,28,0,0.8507783705304882,0.6953943119751883
51,399147,1,0.526,0.896,1,-4.832,0,0.296,0.389,0.0,0.112,0.51,88.098,4,1347794.0,72,0,1.193002161997355,-0.6694400907129182
20,199639,0,0.505,0.567,4,-6.892,1,0.0585,0.586,7.36e-05,0.332,0.669,189.378,4,61.0,10,0,0.747948439403264,-0.5672798564871506
0,51787,0,0.721,0.0454,11,-21.412,1,0.478,0.921,8.25e-06,0.206,0.814,80.778,4,639.0,10,1,-2.805341174019926,2.543376196838238
25,135000,0,0.534,0.308,7,-13.745,0,0.0608,0.606,0.0,0.173,0.657,86.914,4,9188.0,34,3,-1.22091179775365,0.344065749238005
26,223427,0,0.846,0.381,2,-18.599,1,0.053,0.0759,0.0,0.0899,0.895,139.498,4,783108.0,61,0,0.4027426679968687,0.5688744081063085
51,183093,0,0.587,0.715,2,-6.414,0,0.0271,0.434,1.85e-05,0.32,0.589,107.964,4,114277.0,60,0,0.8434460814519303,0.052303921422334414
22,295393,0,0.716,0.458,9,-6.456,1,0.0399,0.327,0.0,0.209,0.643,90.049,4,745.0,30,0,0.6590224128048706,0.027233446033876813
5,195867,0,0.709,0.584,7,-6.798,1,0.0343,0.399,2.24e-05,0.0706,0.627,128.691,4,1293.0,27,0,0.9785019044490321,-0.20692766976114016
28,280733,0,0.512,0.481,9,-9.67,1,0.0287,0.423,0.0258,0.0843,0.119,69.02,4,102989.0,52,3,-0.9225588784900846,-1.1379435287311885
12,238947,0,0.517,0.304,3,-9.783,1,0.0273,0.679,0.000165,0.0732,0.232,140.917,4,84863.0,50,3,-1.0649625039967885,-1.2863300259449466
46,224413,0,0.858,0.391,3,-9.552,0,0.0517,0.495,0.00231,0.0943,0.804,93.994,4,33244.0,48,0,0.3883191048371703,0.7308323490125304
3,206469,0,0.581,0.24,10,-20.982,1,0.0563,0.756,5.22e-05,0.141,0.883,140.357,4,4011.0,24,3,-1.553096079694013,0.23668688310052055
2,112360,0,0.772,0.0448,5,-22.887,1,0.845,0.786,0.0,0.134,0.255,67.887,4,10347.0,23,1,-3.625719391053398,2.5132853062880955
51,163211,1,0.783,0.675,0,-5.993,1,0.0939,0.365,0.0,0.335,0.579,113.261,5,7865082.0,89,0,1.1869603768884165,0.7268868472528901
21,547240,0,0.426,0.904,7,-5.332,1,0.408,0.445,0.0,0.145,0.419,140.463,4,4472.0,22,0,1.1820518424098225,-1.6090463776533805
0,132427,0,0.386,0.745,2,-5.815,1,0.104,0.277,0.000432,0.0706,0.861,171.738,4,3048.0,17,0,1.5974729999872206,-0.7814919778796282
10,276627,0,0.591,0.686,10,-6.948,0,0.0326,0.0524,0.0,0.206,0.496,85.027,4,3037.0,26,0,1.0570196786430333,-0.4758057503339941
28,116653,0,0.634,0.597,7,-7.039,1,0.83,0.618,0.0,0.337,0.761,93.357,3,23593.0,71,1,0.07045700132003108,2.4959233036818715
39,227613,0,0.362,0.609,9,-4.691,0,0.0319,0.499,4.18e-05,0.261,0.329,118.502,4,9615.0,31,3,0.08878533254731251,-1.1924923530956488
36,194516,0,0.67,0.813,10,-4.273,0,0.183,0.0289,0.0,0.311,0.65,124.061,4,8616.0,46,0,2.0995345291116974,0.3481007171683366
42,91093,0,0.721,0.437,7,-12.427,0,0.891,0.474,0.0,0.364,0.804,82.54,4,613060.0,90,1,-0.5656178946514304,3.210508640368706
15,182177,0,0.768,0.763,0,-5.842,1,0.0378,0.169,0.0,0.268,0.971,125.571,4,9856.0,37,0,2.2879493913961686,0.7174843695611626
49,370386,0,0.283,0.564,2,-7.565,1,0.0343,0.816,0.00283,0.94,0.161,139.752,4,484501.0,62,3,-0.954134583206376,-0.8600672510339471
11,246867,0,0.507,0.628,9,-6.892,0,0.0346,0.345,4.13e-06,0.0893,0.795,90.66,4,25050.0,43,0,0.8208525610206656,-0.4042767551238671
27,108880,0,0.687,0.567,7,-9.814,0,0.887,0.794,0.0,0.184,0.747,83.218,4,23593.0,71,1,-0.5334506731665603,2.6591524297660616
22,295210,0,0.827,0.557,4,-7.279,1,0.0373,0.598,0.0,0.121,0.765,139.972,4,467884.0,53,0,1.0999345234270697,0.010529358400309368
38,183547,0,0.553,0.8,9,-4.531,1,0.0337,0.153,1.48e-06,0.604,0.717,179.838,4,2314.0,32,0,2.1528982042206604,0.014861613666367164
3,43627,0,0.492,0.963,2,-6.343,1,0.0648,5.22e-05,0.879,0.738,0.711,132.027,4,3949.0,38,2,1.2919067775896713,0.041249640201750266
6,149573,0,0.486,0.176,10,-11.669,1,0.0323,0.928,0.0,0.135,0.456,115.322,4,692.0,13,3,-1.8770538370902494,-0.36909701435757797
55,251267,0,0.64,0.884,5,-4.476,1,0.0408,0.118,0.00169,0.148,0.455,100.021,4,1166512.0,72,0,1.7735197421787126,-0.5651601063028915
0,223636,0,0.643,0.782,11,-10.959,0,0.0317,0.000207,0.206,0.226,0.724,131.941,4,1484.0,8,0,1.4146262178083617,-0.3422190202397804
8,217800,0,0.652,0.385,0,-12.355,1,0.0293,0.706,1.56e-05,0.0894,0.491,132.276,4,22255.0,54,3,-0.6974741757192838,-0.39344971342410007
3,316107,0,0.669,0.176,7,-23.437,1,0.942,0.496,0.0,0.15,0.402,140.198,3,2769.0,39,1,-2.4067786191552147,1.3692895089786616
29,281133,0,0.641,0.782,9,-5.495,1,0.0337,0.464,0.0195,0.0772,0.572,98.959,4,81961.0,49,0,1.1319178493195454,-0.5629942910051623
12,253330,0,0.725,0.895,0,-4.329,0,0.04,0.189,0.000137,0.168,0.823,142.033,4,672.0,24,0,2.6120521588473036,-0.15481368533754955
60,117969,0,0.137,0.000998,5,-38.069,1,0.05,0.913,0.928,0.109,0.0365,63.951,5,45156.0,74,2,-7.202750093425859,-1.7437816634947938
16,336133,0,0.608,0.435,5,-12.926,1,0.034,0.612,0.0,0.11,0.243,102.572,4,8110.0,45,3,-1.033065985919363,-0.9649164850494886
0,182733,0,0.595,0.258,2,-9.763,1,0.214,0.994,0.445,0.409,0.571,168.996,4,21786.0,34,3,-1.3643642488968868,-0.06550948200666341
22,565867,0,0.544,0.862,0,-13.618,1,0.0468,0.000199,0.885,0.0504,0.314,128.865,4,167.0,28,2,0.29104285097130034,-3.2001872450098348
2,219560,0,0.41,0.186,6,-16.795,1,0.0495,0.864,0.0,0.0525,0.321,101.401,3,85225.0,47,3,-2.6387716361468763,-0.8939019273568504
12,153720,0,0.635,0.716,11,-12.241,0,0.0287,0.0194,9.87e-06,0.127,0.804,93.463,4,517.0,14,0,1.086399215431855,0.3195815208210101
7,135853,0,0.751,0.988,4,-9.143,1,0.0817,0.565,0.00161,0.285,0.817,88.219,4,292.0,13,0,1.3808003278020042,1.1783207200512638
23,262947,0,0.589,0.301,8,-10.447,1,0.0322,0.885,0.0809,0.0999,0.202,114.961,3,4606.0,15,3,-1.5683842149622549,-0.9896807236634301
39,269653,0,0.583,0.914,4,-4.957,1,0.0304,0.485,0.787,0.15,0.721,99.993,4,43434.0,45,2,0.9287310561402987,-1.2012039344866163
1,190891,0,0.459,0.167,8,-15.712,1,0.0386,0.953,1.25e-06,0.0999,0.398,92.069,3,2147.0,27,3,-2.5908275829299052,-0.4415906576755491
5,182995,0,0.731,0.514,0,-8.958,0,0.0499,0.442,0.0,0.229,0.942,110.674,4,5117.0,23,0,0.8394083773787381,0.7964604645111241
32,276613,0,0.317,0.687,0,-7.274,1,0.0521,0.105,1.38e-05,0.14,0.527,202.017,4,58494.0,45,0,1.304805665580189,-2.0685726531866258
60,167507,0,0.49,0.315,11,-11.083,1,0.113,0.632,0.0,0.133,0.289,133.495,4,38573.0,48,3,-1.219307461181475,-0.6868333710074918
25,291400,0,0.733,0.638,1,-13.316,1,0.0345,0.114,0.0617,0.0598,0.971,105.763,4,12450.0,38,0,1.1776648010136295,0.10029605239474013
2,188293,0,0.755,0.306,2,-12.814,1,0.0562,0.769,0.0,0.345,0.8,94.989,4,257.0,4,3,-0.7378664602004127,1.1831115456836159
0,185467,0,0.512,0.512,5,-9.749,1,0.0342,0.871,0.78,0.164,0.752,113.574,4,347.0,9,2,-1.036339605747874,-0.8948952822677017
59,161195,1,0.823,0.574,11,-9.366,1,0.33,0.07,0.0,0.122,0.552,134.087,4,48691.0,58,0,1.103274251481801,0.7657470017419236
54,206635,1,0.737,0.528,3,-9.583,0,0.0981,0.767,4.92e-06,0.0782,0.332,126.006,4,50056.0,47,3,-0.32368929253015233,-0.21492975841800005
27,92360,0,0.57,0.818,1,-7.908,1,0.604,0.503,0.0,0.548,0.62,105.343,5,23593.0,71,1,0.4768311168610364,2.0353164922889957
46,272813,0,0.354,0.75,3,-4.373,1,0.0506,0.364,0.0,0.0875,0.487,149.673,4,668138.0,49,0,1.0639472672002155,-1.729475735765172
32,243680,0,0.672,0.891,8,-8.22,1,0.0473,0.0939,0.000631,0.0534,0.64,158.091,4,2528.0,28,0,2.112322214078969,-0.7390287659458111
9,302700,0,0.366,0.659,0,-8.21,0,0.0354,0.499,0.0,0.152,0.559,145.594,4,452.0,19,0,0.38492679429002713,-1.4749898730394495
5,285745,0,0.641,0.642,9,-12.627,0,0.0369,0.186,3.68e-05,0.385,0.714,121.529,4,208.0,14,0,0.774439503381897,0.11605294186790892
37,203067,0,0.672,0.744,7,-6.499,1,0.135,0.16,0.0,0.109,0.601,127.949,4,216567.0,58,0,1.5517504269978006,-0.15079651200680783
31,162545,0,0.799,0.636,0,-5.127,1,0.0345,0.311,0.00166,0.147,0.45,110.015,4,5072.0,42,0,1.146642038059381,0.1385596172398146
45,181027,0,0.621,0.906,11,-7.974,0,0.0374,0.0111,0.961,0.0929,0.342,138.03,4,1402.0,32,2,0.8617179828205085,-1.8673365709069027
35,62267,0,0.708,0.309,6,-13.412,0,0.614,0.235,0.0,0.334,0.78,132.667,4,613060.0,90,1,-0.2474953030542557,2.219353975409681
24,308907,0,0.4,0.78,2,-7.354,0,0.0641,0.19,1.66e-06,0.673,0.505,170.399,4,10109.0,39,0,1.2365027727951934,-0.7426129741976589
35,244373,0,0.605,0.808,2,-5.915,1,0.0521,0.486,0.000388,0.073,0.921,89.993,4,67546.0,38,0,1.4449083654723747,0.02419711198346973
26,65670,0,0.669,0.379,0,-17.956,0,0.949,0.905,0.0,0.83,0.509,134.971,3,79023.0,76,1,-2.0970050790286363,3.613206831321168
29,311600,0,0.422,0.69,2,-7.805,1,0.0276,0.0429,0.00638,0.618,0.328,89.538,4,83695.0,57,0,0.4898364462615554,-0.5233999778583543
4,145007,0,0.56,0.472,3,-8.755,1,0.0338,0.855,0.0,0.0982,0.662,91.335,3,4763.0,17,3,-0.5746049018521822,0.09998190316122264
16,227827,0,0.322,0.0774,5,-18.528,1,0.049,0.947,0.000108,0.377,0.289,167.935,3,1906.0,21,3,-2.966789257933006,-1.0185948155967897
44,177293,0,0.47,0.683,4,-5.902,1,0.0415,0.224,1.6e-05,0.258,0.756,119.346,4,86871.0,53,0,1.2150947085638577,-0.2533462115907272
33,260173,0,0.34,0.102,7,-20.979,1,0.0485,0.989,0.959,0.127,0.138,108.001,4,2759.0,46,2,-4.499687522094891,-2.240738803501107
19,271280,0,0.323,0.187,10,-17.246,0,0.0403,0.872,8.68e-05,0.142,0.218,81.335,4,4237.0,28,3,-3.07458814846473,-1.1212078080083687
11,169667,0,0.634,0.552,0,-3.291,0,0.0307,0.876,1.05e-06,0.208,0.67,99.453,3,11872.0,29,0,0.3267670036577999,0.2394255082078335
21,149067,0,0.514,0.701,0,-8.615,0,0.112,0.101,0.0,0.0313,0.582,140.467,4,200159.0,58,0,1.1015146343947568,-0.6523134839739072
11,202360,0,0.538,0.26,4,-16.631,0,0.0283,0.543,0.397,0.213,0.362,104.566,4,3458.0,16,3,-2.07592636524727,-0.7292544870748608
59,149040,0,0.696,0.583,1,-8.184,1,0.0254,0.325,0.423,0.0749,0.631,145.002,4,243820.0,59,0,0.6553770810116983,-0.6419149302301141
30,253967,0,0.253,0.402,7,-6.37,1,0.0288,0.577,0.0,0.101,0.366,86.615,5,91797.0,57,3,-0.9496809296277929,-1.5167363243184036
49,219813,0,0.626,0.947,8,-4.608,0,0.057,0.136,0.78,0.209,0.959,195.972,4,957081.0,67,0,2.4755627334196597,-1.2499653512608146
34,83960,0,0.725,0.407,1,-12.268,1,0.871,0.546,0.0,0.125,0.886,103.369,3,2981.0,48,1,-0.4306982719343278,2.7310413962536777
6,166093,0,0.588,0.451,2,-9.123,1,0.0547,0.582,0.0,0.094,0.593,114.531,4,57868.0,52,3,-0.17536902618050695,-0.1718454159050605
63,186067,0,0.206,0.00664,7,-31.964,0,0.0366,0.98,0.958,0.0883,0.052,77.018,4,183539.0,68,2,-6.405014372742936,-2.0795690557742126
50,200413,0,0.849,0.673,9,-5.281,0,0.107,0.072,0.0,0.165,0.755,127.943,4,72480.0,64,0,2.133903308029102,0.5141062084012705
43,187507,1,0.62,0.514,1,-12.451,1,0.349,0.544,0.0,0.903,0.442,85.82,4,234870.0,57,1,-0.8797627882891013,2.0145159710200438
26,153115,0,0.542,0.337,11,-16.55,1,0.15,0.708,2.53e-06,0.103,0.473,147.412,4,57015.0,45,3,-1.4436257394234437,-0.22509076926514499
9,91493,0,0.701,0.0113,5,-18.097,1,0.102,0.942,0.0,0.116,0.699,120.63,4,255.0,35,3,-2.2910076824598296,0.91228013145193
26,229067,0,0.78,0.94,5,-2.392,0,0.0543,0.0892,0.0,0.177,0.964,130.006,4,3880.0,22,0,3.224523475599607,0.3107126789770128
29,160213,0,0.449,0.242,9,-14.081,0,0.0298,0.95,0.25,0.094,0.245,90.809,4,466010.0,66,3,-2.694276845851706,-0.8765528122327827
19,250217,0,0.428,0.282,8,-7.988,1,0.0325,0.847,1.07e-05,0.0765,0.258,103.246,4,597.0,39,3,-1.5081650091690442,-1.2288826614258044
32,184160,0,0.83,0.948,11,-3.211,0,0.0491,0.0681,0.119,0.27,0.964,125.037,4,201.0,24,0,3.1004632025017287,0.6751349032214288
31,159560,0,0.801,0.611,7,-10.566,0,0.0317,0.195,1.3e-05,0.113,0.948,119.965,4,20569.0,42,0,1.4188131627276102,0.7142897230497515
48,212987,0,0.219,0.908,7,-8.505,1,0.1,1.92e-06,0.933,0.319,0.208,121.476,3,264055.0,51,2,-0.12375371698039292,-2.488378587156417
16,153760,0,0.534,0.668,1,-10.147,1,0.0334,0.79,1.3e-05,0.0938,0.865,141.723,4,2713.0,15,0,0.36763020754103354,-0.12836726900389245
31,222867,0,0.606,0.515,4,-7.983,1,0.0316,0.769,0.00364,0.374,0.649,131.161,4,5001.0,30,3,0.04808026905530121,0.10599847244668574
3,182773,0,0.596,0.252,11,-9.836,0,0.179,0.994,0.489,0.406,0.54,166.735,4,21786.0,34,2,-1.4589037996000804,-0.20768464296860537
21,190573,0,0.432,0.273,2,-11.412,1,0.0317,0.952,0.714,0.149,0.199,115.472,4,96685.0,52,2,-2.6432519251691304,-1.7029075809675325
28,276707,0,0.637,0.899,9,-5.445,1,0.043,0.0731,0.0,0.148,0.735,95.996,4,95590.0,42,0,2.125066274606348,-0.2714577668304843
7,266168,0,0.73,0.707,7,-11.55,0,0.0403,0.667,0.041,0.0702,0.98,137.334,4,310.0,27,0,0.9622267586734254,0.10095303953662249
10,229040,0,0.559,0.927,3,-3.55,0,0.042,0.00286,0.0144,0.115,0.606,118.171,4,19295.0,43,0,2.2875579171786127,-0.7703952206879667
29,91693,0,0.647,0.465,2,-14.36,1,0.434,0.177,0.0,0.175,0.472,108.581,4,23593.0,71,1,-0.45875123464483236,1.0822763782742169
3,154085,0,0.622,0.726,11,-5.273,0,0.105,0.452,0.87,0.223,0.594,124.26,4,502.0,12,2,0.3870210922119586,-0.8233061309988163
3,193123,0,0.691,0.521,4,-7.4,1,0.899,0.76,0.0,0.238,0.572,50.571,4,15042.0,32,1,-0.7326055158150889,2.4768327166466158
32,62705,0,0.712,0.274,1,-19.972,1,0.901,0.356,0.0,0.47,0.447,128.412,1,79023.0,76,1,-1.7749668381890054,2.868077527768763
38,292427,0,0.668,0.74,6,-11.186,0,0.0326,0.546,0.808,0.111,0.941,95.43,4,19949.0,40,2,0.21358756651988586,-0.6822703822424859
29,184173,0,0.669,0.928,9,-4.263,0,0.0602,0.285,0.0,0.273,0.926,105.453,4,4668.0,28,0,2.3016208263063516,0.5797805687381379
24,181333,0,0.689,0.618,7,-11.476,1,0.063,0.709,0.0,0.0467,0.969,143.632,4,264.0,15,0,0.6425063012771777,0.28575694328572904
40,146720,0,0.488,0.526,7,-7.107,1,0.0576,0.794,1.02e-06,0.118,0.603,78.429,4,210.0,28,3,-0.48998478968811426,-0.03997280356984591
2,250867,0,0.447,0.585,4,-8.383,1,0.0364,0.542,5.41e-06,0.116,0.415,203.891,4,145314.0,42,3,0.43013561427063624,-1.7330706145266686
22,219907,0,0.644,0.311,7,-10.218,1,0.0564,0.713,0.0,0.163,0.629,118.625,4,580.0,13,3,-0.5908436909299045,0.002592030324170553
19,217826,0,0.126,0.0435,8,-27.321,1,0.0503,0.963,0.00541,0.167,0.177,68.502,5,9.0,28,3,-5.065983531961094,-1.1071255240687625
39,68667,0,0.578,0.662,5,-14.182,1,0.94,0.719,0.0,0.614,0.679,148.671,3,613060.0,90,1,-0.6189665758313353,2.912198013969966
40,324773,0,0.408,0.77,4,-2.719,1,0.0425,0.103,7.66e-05,0.121,0.429,103.743,4,198826.0,60,0,1.3859130512049782,-1.5546928341333883
12,195120,0,0.515,0.525,10,-8.407,0,0.0298,0.711,0.00182,0.174,0.743,94.881,4,15358.0,34,3,-0.14180362750120643,-0.03170769901650369
16,213667,0,0.773,0.765,0,-8.397,1,0.0289,0.216,4.35e-05,0.409,0.965,128.452,4,517.0,13,0,1.9891933712151442,0.8990953948805632
44,296640,0,0.752,0.518,0,-6.933,1,0.0377,0.353,0.0,0.0724,0.806,128.112,4,980612.0,68,0,1.247624566336323,-0.20402710485228998
14,262333,0,0.253,0.0278,7,-26.01,0,0.0378,0.907,0.00721,0.0799,0.248,176.673,3,13202.0,28,3,-3.845118534326347,-1.8544706226177095
33,217733,0,0.68,0.865,0,-4.695,0,0.041,0.0885,0.00274,0.388,0.806,103.738,4,39386.0,41,0,2.2475670148777973,0.49494862236261705
43,256000,0,0.664,0.965,5,-5.582,0,0.0391,0.104,0.000223,0.318,0.792,122.985,4,279341.0,61,0,2.4755610547206124,0.049808174317042174
46,294587,0,0.747,0.582,0,-4.45,1,0.0347,0.422,0.0,0.261,0.801,128.147,4,980612.0,68,0,1.5136596166182719,0.08167842420071089
30,228060,1,0.545,0.871,7,-6.249,1,0.336,0.207,1.48e-05,0.115,0.505,88.851,4,25766.0,36,0,1.1384664476469246,0.025988308047009485
18,141907,0,0.591,0.532,7,-13.994,1,0.0341,0.882,0.212,0.17,0.857,73.776,4,968.0,25,3,-1.0064607513863069,0.5778669245571317
29,249887,0,0.789,0.837,2,-6.11,1,0.165,0.184,0.000694,0.0243,0.757,86.009,4,91505.0,42,0,1.920614162358312,0.39058286023305167
37,60573,0,0.692,0.52,2,-10.543,1,0.959,0.566,0.0,0.41,0.684,82.824,4,613060.0,90,1,-0.5716205946857332,3.290653923138678
24,247693,0,0.787,0.96,2,-5.537,1,0.0589,0.0948,0.000266,0.114,0.957,124.998,4,26851.0,40,0,2.924707512224456,0.25288278949841314
1,128800,0,0.675,0.395,11,-17.787,0,0.945,0.865,0.0,0.177,0.898,96.88,4,17413.0,55,1,-1.5828212575991334,2.9523091159946455
4,209187,0,0.526,0.485,6,-11.168,0,0.183,0.0259,4.79e-05,0.216,0.358,74.963,4,3732.0,37,3,-0.25784938051794515,-0.08151511237675814
41,241472,0,0.501,0.82,4,-4.545,0,0.0764,0.078,0.0,0.25,0.703,92.089,4,224848.0,52,0,1.6947367759138339,-0.27266958022019494
21,131333,0,0.638,0.396,1,-10.702,1,0.901,0.296,0.0,0.259,0.699,83.62,3,6155.0,57,1,-0.4655926670105644,2.4740439740887714
20,146613,0,0.622,0.0907,2,-16.397,1,0.0417,0.992,1.39e-06,0.123,0.351,74.786,4,10402.0,34,3,-2.828540277506847,0.2821532308610486
21,290667,0,0.218,0.626,11,-7.998,0,0.0396,0.76,0.0873,0.116,0.316,89.046,4,2643.0,22,3,-1.0278908004113714,-1.7957474627305015
35,120047,0,0.586,0.789,5,-8.031,0,0.392,0.966,0.524,0.0909,0.479,175.905,4,1178.0,26,2,-0.19266890967970193,-0.4220139926661535
28,224000,0,0.731,0.853,11,-7.059,0,0.0412,0.111,0.000139,0.214,0.962,126.489,4,6052.0,29,0,2.4102907781193874,0.37297803983833877
26,57843,0,0.69,0.701,9,-11.975,1,0.935,0.708,0.0,0.286,0.478,95.755,3,79023.0,76,1,-0.676534939421669,2.7181472581195405
45,176507,0,0.608,0.766,5,-7.835,1,0.064,0.175,4.88e-06,0.211,0.565,101.015,4,115478.0,67,0,1.1174385218333858,-0.008208145126972148
11,140023,0,0.574,0.426,10,-10.952,1,0.0435,0.79,0.0,0.155,0.494,100.991,4,676.0,15,3,-0.967148115876936,0.035193003220699896
15,222182,0,0.745,0.876,9,-5.061,1,0.0272,0.12,0.00131,0.314,0.952,100.736,4,46371.0,53,0,2.490077978814129,0.7024537119571926
33,321787,0,0.546,0.216,7,-18.182,1,0.0343,0.625,1.28e-06,0.101,0.529,100.145,1,18981.0,51,3,-1.8309365057600626,-0.5938708916799457
9,165433,0,0.667,0.496,6,-8.664,0,0.281,0.827,0.00156,0.103,0.373,131.556,3,2498.0,18,3,-0.5189956969755909,0.17580423079130914
30,316133,0,0.425,0.189,9,-14.997,0,0.0512,0.92,0.00234,0.324,0.407,107.542,3,23057.0,51,3,-2.319458494805595,-0.6474454128616169
29,234960,0,0.644,0.557,2,-8.29,1,0.0609,0.718,0.105,0.11,0.735,92.375,4,205832.0,46,0,0.05275492877023345,0.01461472156955187
1,187385,0,0.586,0.34,5,-11.377,1,0.0283,0.32,0.148,0.125,0.404,135.64,4,187.0,6,3,-0.5112690510802145,-0.7959429121564102
30,262440,0,0.614,0.489,10,-15.053,0,0.0421,0.715,0.279,0.197,0.839,87.064,4,2446.0,47,3,-0.8647499557475927,0.09178032026824445
27,249013,0,0.502,0.315,8,-11.824,1,0.0305,0.393,2.31e-06,0.0859,0.188,142.147,4,736.0,23,3,-0.9293055805055774,-1.4193002408190107
0,191174,0,0.648,0.333,3,-7.079,1,0.183,0.987,0.825,0.119,0.963,58.39,4,10.0,1,2,-1.2695638625299097,0.2721878140315671
44,495133,0,0.502,0.643,8,-5.815,0,0.0306,0.315,0.0,0.0863,0.147,97.868,4,99548.0,50,3,0.3552233834656451,-2.152154311470106
33,235913,0,0.733,0.863,11,-2.98,0,0.0989,0.264,0.000123,0.272,0.956,88.074,4,46423.0,39,0,2.366019421058511,0.7883065693420482
36,385120,0,0.268,0.977,11,-4.607,0,0.0871,0.000474,0.00251,0.39,0.163,182.401,4,1120761.0,61,0,1.7074507795406895,-2.445891575291866
23,154667,0,0.35,0.0381,2,-23.771,1,0.0451,0.961,0.865,0.112,0.236,145.169,4,54163.0,50,2,-4.497340317340144,-1.8861299409573875
29,253733,0,0.597,0.934,4,-6.943,1,0.0436,0.149,0.00408,0.386,0.855,123.787,4,8428.0,35,0,2.167971719471425,0.12534499371608998
64,290265,0,0.46,0.474,2,-8.959,1,0.0342,0.673,1.5e-05,0.1,0.186,145.943,4,1453780.0,69,3,-0.6844751928191279,-1.6722097613341353
24,1219693,0,0.719,0.502,7,-10.773,1,0.928,0.637,0.0,0.188,0.544,124.69,4,616.0,15,3,0.2051929376707373,-1.4934737217149694
24,205688,0,0.738,0.695,9,-11.042,1,0.192,0.507,0.0676,0.0643,0.658,95.948,4,128.0,16,0,0.3998978424758224,0.4640640168924856
0,109309,0,0.168,0.304,1,-11.333,1,0.0348,0.853,0.901,0.813,0.177,160.677,4,16379.0,40,2,-2.887743470393908,-1.47792308003235
53,185261,1,0.603,0.133,11,-20.502,0,0.232,0.878,0.0,0.11,0.59,110.162,4,447253.0,65,3,-2.5447148406281146,0.5657283593601293
23,248813,0,0.823,0.579,10,-5.832,1,0.0411,0.142,2.93e-05,0.0911,0.964,126.39,4,67809.0,50,0,2.065109971700782,0.31320306775425183
39,170933,0,0.448,0.131,0,-14.104,1,0.034,0.804,0.0,0.0913,0.362,131.765,5,33037.0,42,3,-2.1197740167806334,-0.8277489436971908
45,182431,0,0.5,0.63,9,-11.878,0,0.0327,0.343,0.000815,0.3,0.499,120.216,4,2173.0,52,0,0.03157325976736723,-0.2992920398169709
16,235253,0,0.192,0.0333,7,-28.024,1,0.036,0.982,0.361,0.0981,0.131,125.522,4,78.0,18,3,-5.032903180898792,-1.9771089942944586
57,188918,0,0.417,0.851,7,-8.42,1,0.04,0.0533,0.124,0.151,0.635,149.825,4,124642.0,58,0,1.4384508001270533,-1.1350101684970821
4,280880,0,0.735,0.562,0,-11.482,1,0.106,0.0037,3.92e-06,0.404,0.601,129.748,4,155.0,8,0,0.9842447449937496,0.29863003990504994
0,197867,0,0.442,0.661,3,-5.242,1,0.0596,0.653,0.0,0.337,0.784,94.491,3,127889.0,53,0,0.4712908135894027,0.09238841326945803
9,377320,0,0.394,0.862,0,-3.122,1,0.037,0.00213,3.33e-06,0.112,0.521,155.045,4,1128042.0,60,0,2.1573641302353717,-2.082240386670754
51,173494,0,0.714,0.934,9,-4.082,1,0.105,0.286,2.98e-05,0.205,0.881,166.073,4,19554042.0,83,0,2.719499340627681,0.20135700602198697
35,87107,0,0.468,0.573,11,-12.924,0,0.886,0.182,0.0,0.315,0.594,82.159,4,613060.0,90,1,-0.5966767215765312,2.1358611676354347
28,60496,0,0.774,0.336,1,-17.849,1,0.954,0.272,0.0,0.641,0.643,108.385,4,79023.0,76,1,-1.1181563787372717,3.7788444124977794
22,284667,0,0.774,0.619,2,-10.073,1,0.327,0.0572,5.68e-05,0.0819,0.909,84.924,4,70621.0,46,0,1.3113576819715829,0.9441170177551704
13,267400,0,0.803,0.664,4,-3.946,0,0.0311,0.538,8.04e-06,0.0749,0.687,112.13,4,2606.0,12,0,1.4345369317238013,-0.04098934800944704
15,168000,0,0.549,0.879,10,-4.162,1,0.0447,0.104,7.59e-06,0.0689,0.964,153.165,4,899.0,24,0,2.6369945034961946,-0.4277389386275239
0,182670,0,0.712,0.438,8,-7.267,1,0.0495,0.991,0.105,0.115,0.764,107.595,4,258.0,8,3,-0.26588859018341116,0.33379819824643014
47,241040,0,0.603,0.52,9,-5.357,0,0.0354,0.712,0.0,0.145,0.345,85.632,4,31058.0,39,3,-0.24898108188565668,-0.48081118828882324
3,264198,0,0.629,0.285,4,-13.212,0,0.427,0.954,1.46e-05,0.0973,0.636,70.163,4,390.0,13,3,-1.7434185612334407,0.9522615419592596
40,208200,1,0.592,0.718,3,-8.219,0,0.0373,0.093,0.00294,0.132,0.411,94.995,4,5577.0,37,0,0.8551426095361676,-0.5136998285624789
23,294400,0,0.38,0.897,7,-4.584,1,0.05,0.000724,0.0,0.114,0.571,160.037,4,91797.0,57,0,2.101344109262645,-1.7548486812712438
0,187893,0,0.431,0.174,0,-16.197,1,0.0413,0.93,3.37e-06,0.311,0.634,104.477,4,96.0,2,3,-2.27763119252922,0.09076176525189406
3,141427,0,0.555,0.9,2,-8.299,1,0.144,0.232,0.0135,0.111,0.657,158.982,4,22932.0,38,0,1.6446109438788277,-0.35609316871117075
27,161797,0,0.564,0.146,2,-14.093,1,0.0354,0.993,5.62e-05,0.124,0.23,72.735,3,5057.0,34,3,-2.7228590205163172,-0.11858453222577202
41,69720,0,0.783,0.592,0,-11.791,1,0.605,0.303,0.0,0.641,0.798,113.264,3,613060.0,90,1,0.44945285582504646,3.055046632379841
57,159663,0,0.771,0.0221,10,-28.716,1,0.0987,0.821,0.869,0.0771,0.631,147.249,3,6219.0,66,2,-3.651415495934246,-0.21702555871136667
53,260837,0,0.502,0.291,8,-9.404,1,0.0495,0.814,0.0,0.403,0.427,203.934,3,301355.0,67,3,-0.6378100537341191,-0.9441724960912037
29,286320,0,0.869,0.91,7,-7.791,1,0.0399,0.0116,0.106,0.118,0.887,134.045,4,2456.0,34,0,2.7414401687754255,0.07188574882303639
35,64590,0,0.701,0.182,6,-16.997,0,0.895,0.592,0.0,0.341,0.657,105.844,3,128057.0,82,1,-1.8631026129692465,3.0091253763406813
35,253600,0,0.478,0.266,4,-13.434,1,0.045,0.76,0.0109,0.0873,0.279,118.613,4,11481.0,45,3,-1.7923459519130158,-1.067475540872134
25,323440,0,0.573,0.839,5,-9.927,0,0.0517,0.0856,0.00875,0.0717,0.721,127.478,4,6333.0,28,0,1.6213567683007712,-0.8733787539176876
23,163760,0,0.761,0.694,0,-12.772,1,0.0726,0.497,0.0,0.0838,0.819,127.642,4,15660.0,26,0,0.7646016956284579,0.5238707822948524
33,267413,0,0.645,0.632,2,-6.777,1,0.0321,0.23,0.0,0.155,0.841,170.062,3,2938.0,47,0,1.803659653867678,-0.5508202557462186
0,185162,0,0.472,0.616,6,-12.821,0,0.152,0.772,0.388,0.188,0.709,180.69,4,75.0,4,3,-0.412362171203242,-0.8057440982451843
60,152000,0,0.619,0.506,9,-10.4,0,0.0859,0.866,0.0341,0.173,0.324,119.906,4,32902.0,51,3,-0.9054855931728187,-0.14909889958643263
33,467200,0,0.482,0.811,8,-5.0,0,0.221,0.0481,4.79e-06,0.219,0.761,123.332,4,29093.0,48,0,2.0056542811360263,-0.9954525274068511
23,280813,0,0.547,0.881,2,-4.002,1,0.0384,0.127,0.0016,0.257,0.574,129.938,4,10538.0,35,0,2.0094108908430095,-0.7935021655354682
44,242947,0,0.6,0.717,8,-7.689,1,0.0989,0.143,0.0,0.247,0.686,139.848,4,38301.0,37,0,1.4884117888787398,-0.2565535634054645
38,299880,0,0.802,0.855,10,-9.258,1,0.18,0.272,0.000441,0.0921,0.874,139.801,4,4631.0,36,0,2.0559306416366434,0.24711888697512346
3,213013,0,0.736,0.576,11,-9.044,0,0.0512,0.0781,0.0511,0.112,0.722,113.317,4,511.0,12,0,1.1966399166418762,0.06252352098993971
28,61947,0,0.628,0.426,1,-15.312,1,0.955,0.474,0.0,0.108,0.525,171.081,4,79023.0,76,1,-0.8505760235237428,1.803741236930092
20,228560,0,0.621,0.845,0,-12.902,1,0.0383,0.0755,9.97e-06,0.377,0.746,125.636,4,5788.0,41,0,1.3510969956550565,0.21702303642299023
34,188532,0,0.714,0.452,11,-12.144,0,0.085,0.405,0.0,0.108,0.483,88.48,4,1660.0,31,3,-0.3515000921924271,0.24614923625132978
30,167067,0,0.513,0.6,5,-11.294,0,0.0438,0.00964,5.21e-06,0.343,0.371,124.22,4,16139.0,38,0,0.3403406482972605,-0.38592347795273674
22,160729,0,0.446,0.434,7,-9.931,1,0.0353,0.862,4.53e-06,0.531,0.427,116.099,3,18368.0,40,3,-1.1729491649288206,0.10409346368461676
63,225656,0,0.493,0.852,11,-3.349,0,0.0802,0.0231,9.72e-06,0.147,0.499,86.309,4,304476.0,66,0,1.6465477391541388,-0.6697419838148162
26,286560,0,0.526,0.438,0,-10.91,0,0.0327,0.611,1.09e-06,0.0971,0.231,80.805,4,48756.0,51,3,-1.1369273545237146,-0.9360889145382641
6,184863,0,0.489,0.0489,11,-17.201,1,0.0636,0.994,0.0249,0.271,0.425,100.156,3,15202.0,25,3,-2.9859344281468974,0.02173030456678477
22,248267,0,0.452,0.422,4,-10.63,0,0.0271,0.000111,0.684,0.107,0.118,82.662,4,887.0,33,2,-1.138493932258339,-2.017481673677513
13,121858,0,0.677,0.228,11,-7.614,0,0.0304,0.858,0.0,0.1,0.538,102.14,4,175.0,27,3,-0.925069965192151,0.24766690264811766
9,143362,0,0.537,0.563,2,-8.31,1,0.0356,0.252,0.000383,0.252,0.689,92.906,4,972.0,19,0,0.48943419515756537,0.19099321672509637
37,308293,0,0.437,0.791,9,-4.905,1,0.0365,0.134,1.35e-05,0.358,0.55,206.866,3,271231.0,61,0,1.9987624545059985,-1.5541686497008327
22,67493,0,0.669,0.768,2,-12.217,0,0.881,0.426,0.0,0.351,0.587,109.399,5,84951.0,73,1,0.055578513543109206,2.6028385869644923
7,194973,0,0.578,0.169,10,-12.513,1,0.0513,0.822,7.56e-05,0.851,0.369,109.418,4,21786.0,34,3,-1.9092381446236852,0.9971114687046807
39,204013,0,0.603,0.55,4,-6.805,1,0.0253,0.724,0.000168,0.11,0.327,96.045,4,728373.0,60,3,-0.3200521519907912,-0.5083304733649395
27,126000,0,0.751,0.249,1,-17.084,1,0.958,0.185,0.0,0.121,0.496,65.3,3,79023.0,76,1,-1.51540847476971,2.657680201374131
5,182160,0,0.631,0.611,2,-13.428,0,0.0463,0.198,5.02e-05,0.0904,0.948,161.978,4,4768.0,30,0,1.1256347477546036,-0.06404701725497572
28,56973,0,0.71,0.366,2,-10.387,1,0.942,0.862,0.0,0.203,0.782,131.574,3,84951.0,73,1,-0.8010492207715041,2.7809098910158925
36,79893,0,0.688,0.618,11,-11.397,0,0.435,0.435,0.0,0.732,0.69,121.304,3,613060.0,90,1,0.19201719986744104,2.4128304975870947
26,130947,0,0.652,0.878,4,-4.309,1,0.0352,0.469,0.913,0.311,0.984,147.923,4,36534.0,51,2,1.4899842570099762,-0.41946054239333597
33,418427,0,0.429,0.711,10,-14.252,0,0.0883,0.0136,0.0295,0.321,0.484,127.078,4,160231.0,45,0,0.43476522495734876,-1.2652380749355727
59,248027,0,0.732,0.949,10,-4.406,1,0.0356,0.237,0.000941,0.308,0.837,129.959,4,604779.0,67,0,2.5905841212530416,0.2413543041339513
54,238629,0,0.503,0.825,4,-5.749,0,0.0622,0.0438,1.6e-05,0.0975,0.577,140.109,4,660907.0,64,0,1.7995515548333143,-1.0552654118548113
45,234333,0,0.801,0.616,10,-8.879,1,0.12,0.25,0.0,0.0734,0.951,130.715,4,163705.0,52,0,1.6177346558749435,0.4758661236456223
0,30000,0,0.441,0.517,1,-9.258,1,0.033,0.909,0.165,0.361,0.716,130.97,4,2679.0,21,3,-0.7088105501197128,0.2806066526274844
13,121747,0,0.442,0.847,2,-8.109,1,0.068,0.000119,4.92e-05,0.654,0.627,109.527,4,5292.0,30,0,1.2824091670812143,0.53353218456728
0,180320,0,0.352,0.119,8,-16.161,1,0.0415,0.991,0.417,0.283,0.375,175.818,4,990.0,22,3,-2.828515192745629,-1.4008603894259075
15,61800,0,0.61,0.409,7,-12.909,1,0.858,0.69,0.0,0.75,0.74,77.874,3,1984.0,24,1,-1.3245555605156853,3.676497759552899
22,114333,0,0.778,0.6,9,-10.138,1,0.0476,0.0391,0.0,0.598,0.923,135.583,4,9686.0,46,0,1.5831845314222082,1.5387862571401676
41,216999,0,0.539,0.723,11,-3.193,0,0.0285,0.0997,0.0,0.225,0.316,134.936,4,161060.0,35,0,1.422716370069669,-1.0386853056777117
57,167960,0,0.85,0.581,9,-7.905,0,0.108,0.108,3.41e-06,0.137,0.687,100.006,4,640993.0,62,0,1.3204784061464092,0.7690161565227908
69,167747,0,0.75,0.586,11,-4.639,0,0.0674,0.0733,0.0,0.347,0.835,139.889,4,1820310.0,71,0,1.99809003444602,0.6218406512719175
37,242538,0,0.66,0.988,8,-3.134,1,0.123,0.456,0.0,0.0961,0.579,128.019,4,1297051.0,71,0,2.024023768035869,-0.4127888786480596
4,433760,0,0.439,0.185,7,-17.366,1,0.041,0.991,0.0322,0.14,0.573,95.243,4,21902.0,26,3,-2.4258815932960545,-1.0390661862892892
46,174773,0,0.468,0.275,0,-14.406,1,0.041,0.755,0.0,0.103,0.497,106.898,4,106551.0,53,3,-1.7131451607446673,-0.4230754338814933
47,358587,0,0.33,0.532,6,-6.296,1,0.0345,0.357,0.0,0.0827,0.336,140.265,4,968962.0,60,3,0.15208027746441563,-2.1850764388655306
26,233893,0,0.82,0.573,7,-10.677,0,0.0353,0.31,4.56e-05,0.414,0.852,122.161,4,1106.0,13,0,1.0910811170661852,0.9696216401798528
7,95200,0,0.566,0.171,2,-14.42,1,0.0472,0.424,0.0,0.0567,0.75,83.265,3,814.0,22,3,-1.201282543450182,0.4446772378445186
29,194867,0,0.841,0.522,10,-11.577,1,0.0539,0.0913,0.000177,0.117,0.971,79.006,4,464746.0,62,0,1.1012584210473892,1.0838492351696492
60,188308,0,0.669,0.248,7,-13.407,0,0.106,0.93,0.746,0.103,0.17,75.798,4,17231.0,65,2,-2.838874851436714,-0.7456521083189844
7,203363,0,0.42,0.279,11,-12.995,1,0.0377,0.771,7.63e-06,0.313,0.551,98.025,4,996.0,21,3,-1.6511692975128573,-0.16287483009101528
25,240133,0,0.85,0.972,5,-3.632,0,0.106,0.169,0.0,0.118,0.923,112.938,4,11864.0,33,0,2.999862928193627,0.5726477305280852
16,62427,0,0.677,0.612,5,-8.865,0,0.944,0.444,0.0,0.4,0.412,125.815,3,6155.0,57,1,-0.12183872797774835,2.475778973667347
9,247947,0,0.415,0.476,2,-12.479,0,0.0716,0.531,0.0,0.315,0.492,88.637,4,10109.0,39,3,-0.9598393104318864,-0.34156898510280376
1,189623,0,0.653,0.418,5,-8.732,1,0.122,0.994,0.0107,0.745,0.567,89.212,4,208.0,14,3,-0.9740861596165246,1.4853957259645851
37,262480,0,0.698,0.638,1,-9.337,0,0.0261,0.0533,3.58e-05,0.0912,0.655,129.027,4,14543.0,32,0,1.3780971952856083,-0.44335468817785406
25,56554,0,0.764,0.389,1,-15.817,0,0.943,0.387,0.0,0.578,0.764,35.416,3,79023.0,76,1,-1.2647627437758926,4.2891676597339305
0,182727,0,0.571,0.214,10,-22.797,0,0.0492,0.978,0.00421,0.264,0.702,114.098,4,1192.0,18,3,-2.5605914702903383,0.5591892769502096
55,165255,0,0.749,0.865,7,-6.556,0,0.0542,0.141,0.0,0.0853,0.338,100.019,4,47058.0,51,0,1.4536309022887923,-0.16670270811574436
50,85173,0,0.599,0.763,5,-10.249,1,0.081,0.173,0.000472,0.116,0.839,96.144,4,25172.0,50,0,1.1241614382276006,0.5611109942681708
8,163608,0,0.719,0.707,7,-6.181,1,0.0252,0.429,0.0,0.274,0.938,109.988,4,968.0,28,0,1.5391875383045384,0.7839814798126775
21,301853,0,0.333,0.601,1,-6.602,1,0.0622,0.18,0.0,0.108,0.235,107.053,3,7786.0,28,3,0.12177522127035162,-1.8042626013502765
57,209227,0,0.635,0.673,4,-5.142,1,0.038,0.264,0.0,0.351,0.713,93.067,4,163484.0,72,0,1.2683921439736248,0.36639639354022796
21,173773,0,0.829,0.361,0,-15.932,1,0.129,0.118,0.0132,0.158,0.659,92.816,4,9686.0,46,0,-0.15129551873053743,0.9693939844547589
0,126400,0,0.67,0.456,8,-6.958,1,0.146,0.959,5.94e-06,0.118,0.91,167.125,4,92.0,1,0,0.36398706022722527,0.462226397764039
29,259587,0,0.497,0.286,0,-13.019,1,0.0269,0.736,2.34e-05,0.123,0.379,80.724,4,13239.0,26,3,-1.7373484437309865,-0.6159958673474268
4,270240,0,0.377,0.819,7,-7.531,1,0.0455,0.0889,0.0,0.0825,0.943,194.3,4,1711.0,17,0,2.1994365876352404,-1.4517932110437175
0,163600,0,0.727,0.347,0,-10.413,1,0.0393,0.993,0.696,0.0718,0.868,106.336,4,21786.0,34,2,-1.1229496170308118,-0.07541880565228916
7,162187,0,0.26,0.284,9,-10.322,0,0.0342,0.747,0.0,0.106,0.515,199.509,3,1413.0,27,3,-0.9817154921010877,-1.6743361705120625
6,249547,0,0.691,0.387,0,-7.06,1,0.0295,0.635,0.0,0.0935,0.199,119.75,4,450.0,14,3,-0.43159229543348093,-0.7856923983906142
31,162493,0,0.648,0.468,1,-8.119,1,0.38,0.166,0.0,0.17,0.455,191.862,4,70186.0,47,0,0.7962474338696288,-0.03838429438907018
32,217627,0,0.768,0.845,5,-6.28,0,0.187,0.0113,0.0,0.0553,0.759,105.039,4,37498.0,38,0,2.215043258117829,0.3737929089855084
36,381360,0,0.515,0.944,1,-3.231,1,0.0854,0.0367,0.000125,0.0344,0.469,125.101,4,9973.0,29,0,2.2078328440940576,-1.6624159696676348
18,204333,0,0.646,0.88,3,-5.809,1,0.0405,0.0644,0.0065,0.0887,0.666,122.948,4,107366.0,47,0,2.1100768125214238,-0.3974135549983014
24,259560,0,0.522,0.937,6,-3.087,1,0.0795,0.0239,0.0,0.155,0.588,160.073,4,36744.0,42,0,2.525692071723299,-1.1370379505457955
22,164013,0,0.47,0.349,0,-10.075,0,0.0469,0.927,0.000954,0.0798,0.367,71.519,3,47.0,24,3,-1.7408644129191226,-0.3695992993069297
13,257670,0,0.535,0.456,0,-13.507,1,0.0515,0.531,0.0,0.0811,0.966,150.676,4,5884.0,21,0,0.1569828804463316,-0.3781462675199314
8,209573,0,0.7,0.477,6,-13.207,1,0.0592,0.897,0.00299,0.251,0.814,123.708,4,1329.0,27,3,-0.43430107535122586,0.6297553306910467
44,296573,0,0.6,0.365,11,-9.599,1,0.0293,0.86,0.000202,0.115,0.333,125.787,4,869.0,31,3,-0.9555853602389162,-0.9154377901793027
35,65547,0,0.685,0.292,1,-15.649,1,0.691,0.0573,5.87e-06,0.613,0.613,100.505,3,613060.0,90,1,-0.8064827295355518,2.8550037151020993
24,177187,0,0.515,0.139,3,-18.966,1,0.0351,0.807,1.7e-06,0.136,0.495,101.754,4,5.0,31,3,-2.519632226103487,-0.10609588293525368
28,184040,0,0.643,0.542,7,-7.824,1,0.0749,0.5,0.0,0.0935,0.634,80.839,4,4590.0,39,0,0.20403012172520385,0.19415324358212016
35,226360,0,0.509,0.644,7,-6.871,1,0.0271,0.281,0.000808,0.246,0.369,91.843,4,2051.0,38,0,0.3633632314518376,-0.6081337465502489
53,168320,0,0.618,0.662,2,-6.521,0,0.035,0.547,0.000414,0.29,0.838,81.621,4,72222.0,61,0,0.7581994501186394,0.676419748771918
13,179827,0,0.656,0.885,5,-7.009,1,0.0716,0.139,1.97e-06,0.985,0.762,106.231,4,3021.0,32,0,1.7891465106897388,1.7066942772938702
0,150107,0,0.767,0.571,0,-9.907,1,0.0546,0.736,0.718,0.161,0.931,123.767,4,216.0,6,2,-0.0005353173982069322,0.10599737926977774
2,217373,0,0.593,0.37,1,-12.486,0,0.0328,0.832,8.85e-05,0.108,0.822,105.432,3,784.0,19,3,-0.7536644601034174,0.131405724970328
53,194464,0,0.84,0.652,3,-4.62,0,0.0963,0.082,0.0,0.0544,0.623,94.984,4,56313.0,58,0,1.7545981267580715,0.3546406971882664
2,249333,0,0.271,0.97,2,-6.512,0,0.225,0.000666,0.0,0.987,0.252,116.468,3,39752.0,41,0,0.965243737063284,0.036807879233117825
74,164313,1,0.792,0.576,1,-7.046,1,0.132,0.0597,0.0,0.186,0.52,130.135,4,1192597.0,74,0,1.3246566680419787,0.31571946917691796
32,215250,0,0.764,0.557,8,-13.334,1,0.0941,0.223,0.0,0.0382,0.951,169.913,4,51522.0,39,0,1.2589946174709825,0.13061885965969044
28,90600,0,0.598,0.806,10,-7.585,1,0.952,0.388,0.0,0.941,0.568,77.28,4,23593.0,71,1,0.2308563619251302,3.669567526791559
41,199680,0,0.367,0.538,0,-9.605,1,0.0396,0.24,2.39e-06,0.247,0.63,138.995,4,8092.0,43,0,0.29616738136256354,-0.8273814609886357
2,186080,0,0.551,0.213,10,-10.078,0,0.0555,0.975,0.0,0.104,0.389,134.161,5,3840.0,23,3,-1.5377761076315153,-0.5758814636240874
40,257373,0,0.776,0.576,3,-10.675,1,0.0308,0.179,0.0278,0.111,0.883,115.176,4,7348.0,41,0,1.2366569356176478,0.23904035811224802
20,188825,0,0.628,0.505,11,-13.808,0,0.0299,0.0356,0.00769,0.106,0.857,133.135,4,61386.0,44,0,0.7641363500738633,-0.031310527756197214
52,223413,0,0.29,0.0625,5,-20.112,1,0.0332,0.947,0.842,0.122,0.195,71.608,5,3030.0,63,2,-4.604336837016011,-1.8537964748498872
8,501160,0,0.549,0.693,10,-9.44,1,0.912,0.982,0.0,0.497,0.43,112.658,3,629.0,8,1,-0.7160999536774347,1.015691140649031
5,332613,0,0.32,0.417,11,-9.932,1,0.0392,0.907,3.3e-05,0.0778,0.408,181.271,3,3795.0,23,3,-0.9110601031093799,-2.116189612541652
29,91627,0,0.713,0.422,0,-14.61,1,0.951,0.811,0.0,0.515,0.564,110.104,3,23593.0,71,1,-1.4853634052141758,3.2209962847259748
0,269270,0,0.586,0.765,5,-6.917,0,0.031,0.0142,0.163,0.371,0.514,125.026,4,874.0,7,0,1.4064967313852437,-0.6234618136804552
0,198187,0,0.701,0.291,5,-6.091,1,0.0477,0.989,0.716,0.106,0.767,72.171,4,753.0,14,2,-1.194131119344507,-0.1624714907706826
13,343907,0,0.274,0.828,2,-5.623,0,0.045,3.87e-05,0.0287,0.117,0.2,85.375,4,5796.0,36,0,0.7070930932696087,-2.1187577769214663
54,262500,0,0.524,0.177,11,-10.556,1,0.037,0.834,0.0,0.105,0.43,136.691,4,60482.0,60,3,-1.3888562333691878,-0.9311080463604449
14,224867,0,0.436,0.537,2,-12.077,1,0.0578,0.0186,0.733,0.0655,0.547,180.18,4,589.0,10,2,0.05176592701113123,-2.203362493863945
14,229053,0,0.684,0.881,9,-6.145,0,0.0325,0.167,0.0,0.101,0.866,105.219,4,452001.0,58,0,2.1718023241642106,0.0371689890379509
22,138240,0,0.164,0.75,11,-9.314,0,0.061,0.000214,0.0,0.369,0.389,179.478,4,21487.0,36,0,0.6773132281524729,-1.5549114792618541
36,85187,0,0.653,0.456,1,-13.477,1,0.842,0.112,0.0,0.434,0.595,85.715,5,613060.0,90,1,-0.49198243492273985,2.7323054885072167
13,287800,0,0.64,0.886,0,-2.213,0,0.0311,0.145,5.4e-06,0.0948,0.454,114.039,4,107366.0,47,0,2.1006322570032534,-0.9492226644684982
20,114173,0,0.725,0.427,0,-16.313,1,0.0675,0.67,4.88e-05,0.119,0.883,88.858,4,61117.0,56,3,-0.6959601798689379,1.1511562533797255
12,335867,0,0.694,0.53,7,-10.894,1,0.0466,0.266,4.43e-06,0.1,0.489,119.383,4,3795.0,23,0,0.4336011739724019,-0.6845985328521984
14,222354,0,0.375,0.323,4,-14.877,1,0.0351,0.861,0.0,0.167,0.654,179.27,3,1293.0,21,3,-1.2502308371200708,-1.0269838617290368
34,64659,0,0.626,0.369,9,-14.181,0,0.933,0.945,2.59e-06,0.461,0.355,98.808,3,128057.0,82,1,-2.2371031787076845,2.8016992372825964
18,250533,0,0.761,0.672,0,-7.217,1,0.0284,0.08,5.35e-06,0.082,0.857,113.215,4,17575.0,33,0,1.896035799248549,0.07267174596787764
30,177939,0,0.577,0.199,9,-7.432,1,0.0411,0.823,0.0,0.0962,0.531,143.39,3,5599.0,23,3,-0.7955154308461193,-0.5077169087362835
32,99000,0,0.657,0.61,7,-11.545,1,0.959,0.556,0.0,0.301,0.548,81.438,5,23593.0,71,1,-0.665974458157175,2.7230479204129896
68,249120,0,0.686,0.588,7,-8.343,0,0.0554,0.178,0.0,0.0954,0.617,94.519,4,2204691.0,70,0,0.8827100488133299,-0.14198805062904435
59,179627,1,0.887,0.594,1,-7.7,1,0.294,0.204,1.54e-06,0.0858,0.663,139.97,4,1277325.0,77,0,1.457610978989611,0.8180723665385271
47,205389,0,0.713,0.912,7,-3.572,0,0.0379,0.31,0.0,0.341,0.886,140.03,4,272543.0,56,0,2.5598968024484754,0.3923973812996023
46,243057,0,0.609,0.961,2,-4.437,1,0.215,0.0754,0.00193,0.317,0.762,171.383,4,9557.0,40,0,2.7202450396740194,-0.10608698194873499
48,256000,0,0.513,0.159,8,-12.421,1,0.0422,0.901,2.16e-05,0.111,0.214,142.15,3,18202.0,50,3,-1.9893029907349664,-1.1647574882286977
53,43500,0,0.808,0.379,0,-16.002,1,0.202,0.965,0.0,0.0867,0.454,71.931,3,12016.0,61,3,-1.8198325066230283,1.4947417578336322
31,344880,0,0.506,0.677,1,-7.249,1,0.0288,0.000895,0.00178,0.439,0.322,135.875,3,99548.0,50,0,1.052086089862163,-1.1026757145684358
10,184552,0,0.788,0.711,10,-7.547,0,0.283,0.144,0.0,0.0642,0.882,89.676,4,280.0,5,0,1.6323644227127914,1.088096296116292
32,65981,0,0.724,0.211,7,-18.058,1,0.931,0.795,0.0,0.254,0.64,119.907,5,128057.0,82,1,-2.0845390826300134,2.9251428455948543
30,229754,0,0.713,0.543,7,-6.474,1,0.0275,0.719,0.0,0.0972,0.774,104.039,4,1297051.0,71,0,0.5443198111611899,0.1566821682791272
20,231133,0,0.631,0.28,7,-18.542,1,0.0419,0.787,0.332,0.205,0.556,76.529,4,466010.0,66,3,-2.2707526562003113,0.03786983076538889
43,333893,0,0.652,0.352,11,-14.298,0,0.0243,0.583,0.0,0.101,0.573,90.987,4,114906.0,58,3,-0.8839822873855087,-0.360362971409854
5,182813,0,0.66,0.779,0,-3.6,0,0.0351,0.661,0.0,0.29,0.921,101.105,4,5117.0,23,0,1.4789591131751902,0.6538694196507766
28,95000,0,0.427,0.832,5,-5.353,1,0.529,0.163,0.0,0.613,0.192,156.67,5,23593.0,71,0,0.7990187931245393,0.5788630255312884
39,90890,0,0.731,0.428,1,-15.008,1,0.921,0.51,2.26e-06,0.593,0.885,96.014,3,128057.0,82,1,-0.7345649798857565,3.7835895192668794
0,190027,0,0.351,0.172,8,-18.572,1,0.0531,0.971,0.92,0.177,0.849,169.256,4,245.0,12,2,-2.739802580748923,-1.4659287353605313
25,217587,0,0.641,0.392,5,-11.08,1,0.025,0.759,1.82e-05,0.115,0.386,96.52,4,689.0,38,3,-1.0120403120151982,-0.266259298337968
36,102613,0,0.701,0.416,2,-10.35,1,0.808,0.631,0.0,0.458,0.728,78.579,4,613060.0,90,1,-0.740052019522797,3.04921882477899
41,283200,0,0.377,0.545,10,-6.762,0,0.0335,0.778,0.00451,0.248,0.4,111.676,4,3063201.0,68,3,-0.5432813339379831,-1.1146559297463832
0,165593,0,0.511,0.435,0,-15.21,1,0.0735,0.996,0.874,0.388,0.846,81.109,4,37.0,0,2,-2.1669648258995236,0.06538438920233315
17,190800,0,0.726,0.307,7,-17.077,1,0.0646,0.138,0.0,0.269,0.418,96.669,4,22457.0,41,3,-0.8428935181430965,0.43386502115772557
55,215507,0,0.461,0.331,3,-11.03,1,0.0359,0.613,0.00104,0.129,0.0899,102.488,4,587428.0,63,3,-1.5969769088599877,-1.1204605314114704
29,182349,0,0.435,0.8,11,-5.026,0,0.043,0.00587,0.0,0.258,0.822,177.853,4,3847.0,36,0,2.277997852767452,-0.7850222201664456
30,111013,0,0.659,0.645,11,-9.606,0,0.729,0.47,0.0,0.265,0.682,116.161,4,23593.0,71,1,0.24967641120539605,1.9879527540914044
42,259093,0,0.6,0.618,0,-9.957,1,0.0271,0.227,0.0,0.0604,0.695,103.271,4,49505.0,51,0,0.7593912585779807,-0.44936832672742544
4,166747,0,0.704,0.574,10,-14.524,0,0.0611,0.339,0.0,0.0705,0.763,83.955,4,5010.0,35,0,0.09195030461038722,0.5753211840902948
21,293454,0,0.585,0.285,6,-15.05,1,0.03,0.741,1.29e-06,0.0764,0.252,117.397,4,426.0,24,3,-1.7171933212196209,-0.9593794933703381
14,118960,0,0.434,0.95,0,1.402,1,0.0766,0.967,4.08e-06,0.0878,0.961,175.949,4,8887.0,49,0,2.093055958029788,-0.5468961340959411
53,155199,0,0.925,0.59,0,-5.132,0,0.0507,0.59,4.14e-06,0.105,0.681,128.015,4,19554042.0,83,0,1.2810746450984267,0.6748398663131961
3,264893,0,0.504,0.21,0,-14.275,1,0.0284,0.901,3.64e-05,0.133,0.214,106.635,4,2555.0,22,3,-2.3015884753347153,-0.9138149874978211
59,170400,1,0.926,0.733,7,-5.039,1,0.332,0.0451,0.00011,0.0435,0.571,100.001,4,29257.0,51,0,1.9279174948202231,1.0265264370615699
24,256120,0,0.577,0.508,2,-6.42,0,0.0276,0.762,0.0,0.223,0.574,135.977,4,10753.0,27,3,0.1346283326179772,-0.5243707242204297
19,380067,0,0.439,0.306,1,-15.759,0,0.0563,0.809,0.0,0.266,0.463,141.929,4,35765.0,44,3,-1.6155562889416215,-1.1234318639280483
10,290893,0,0.463,0.308,0,-12.209,0,0.028,0.621,1.12e-06,0.157,0.0864,95.883,4,35765.0,44,3,-1.7747226087373276,-1.2626392926426202
39,69133,0,0.703,0.269,8,-18.065,1,0.961,0.672,0.0,0.139,0.358,84.954,1,79023.0,76,1,-2.4154177804052877,2.5861546747966946
13,171867,0,0.571,0.524,9,-12.571,1,0.0288,0.186,0.137,0.184,0.528,130.55,4,97206.0,53,0,0.05862977906188318,-0.4955551055992897
48,178067,0,0.618,0.602,11,-12.244,1,0.0373,0.463,1.02e-06,0.856,0.909,109.215,4,24900.0,53,0,0.3525230284415035,1.6749266177126918
6,177040,0,0.524,0.22,5,-10.853,1,0.0991,0.963,3.54e-05,0.135,0.553,78.548,3,1329.0,27,3,-1.8013172327344635,0.15181161744262586
30,185680,0,0.564,0.547,5,-7.557,0,0.0342,0.399,6.32e-06,0.205,0.345,83.919,4,300488.0,56,3,-0.10429842173973503,-0.3065644557923343
64,215839,1,0.804,0.804,3,-2.591,0,0.245,0.675,0.0,0.068,0.851,140.094,4,471233.0,69,0,1.9710362275980802,0.5609879483725504
39,270401,0,0.493,0.288,1,-10.869,1,0.027,0.543,0.0,0.0832,0.285,70.024,4,48813.0,48,3,-1.4333055834477042,-0.864105821003152
28,95587,0,0.628,0.644,7,-11.108,1,0.945,0.649,0.0,0.412,0.714,55.388,4,23593.0,71,1,-0.6788652956469375,3.236733793534226
42,263827,0,0.507,0.752,4,-4.812,0,0.0356,0.047,0.0,0.219,0.209,133.001,4,142503.0,54,0,1.2154477301998592,-1.375959290965994
23,219298,0,0.301,0.194,10,-14.711,1,0.0325,0.85,0.000194,0.169,0.117,130.464,4,3796.0,18,3,-2.6532324542587533,-1.510573842954676
17,139507,0,0.751,0.471,7,-8.984,1,0.0338,0.484,0.000221,0.0626,0.954,114.864,4,14524.0,35,0,0.7579541275794756,0.6561371190014739
50,285190,0,0.622,0.839,6,-3.825,1,0.0314,0.466,0.0,0.243,0.915,119.969,4,1297051.0,71,0,1.9854125359871289,-0.07838113714668919
2,857327,0,0.694,0.91,9,-5.121,0,0.0434,0.345,0.000447,0.24,0.68,111.079,4,13736.0,29,0,2.2986804035946355,-2.042304937342847
41,211627,0,0.857,0.401,10,-9.833,0,0.311,0.00547,0.0,0.191,0.772,95.545,4,3857.0,31,0,0.8862718199788682,1.3309494541422395
37,234653,0,0.793,0.878,7,-4.619,1,0.0477,0.077,2.44e-06,0.258,0.87,97.067,4,14021.0,35,0,2.552662041920552,0.6338916799255849
40,228440,0,0.599,0.274,8,-12.243,1,0.0262,0.864,2.6e-05,0.295,0.282,102.078,4,7928.0,50,3,-1.7269619718863125,-0.18968957513851314
1,227213,0,0.587,0.24,10,-16.606,1,0.0312,0.836,0.0,0.166,0.742,96.04,4,1170.0,15,3,-1.6521410406304333,0.25349728596327015
36,64120,0,0.705,0.9,10,-7.141,0,0.64,0.425,0.0,0.552,0.646,93.432,3,613060.0,90,1,0.9883489350332214,2.6439238110670344
29,167333,0,0.805,0.549,7,-6.686,1,0.0279,0.613,0.00212,0.19,0.544,105.421,1,1114.0,19,0,0.480601840235683,0.46344801918078077
2,241493,0,0.329,0.43,1,-11.496,0,0.0445,0.883,1.52e-06,0.128,0.479,88.95,4,5261.0,26,3,-1.5675444867403958,-0.8943815429647436
25,145636,0,0.841,0.265,9,-13.211,0,0.183,0.77,0.0,0.0916,0.695,107.016,4,1201.0,33,3,-0.8448187071078963,1.1493668524617215
35,63358,0,0.581,0.48,6,-15.287,0,0.946,0.721,1.22e-06,0.643,0.584,84.049,3,79023.0,76,1,-1.691271212685449,3.3976436397650747
37,90067,0,0.642,0.32,0,-14.924,0,0.785,0.471,0.0,0.703,0.692,86.336,3,613060.0,90,1,-1.3309489197466808,3.3023590711835826
28,106160,0,0.695,0.568,5,-8.636,0,0.926,0.338,0.0,0.713,0.684,95.995,4,23593.0,71,1,0.14133238927041736,3.4352869630742755
1,152867,0,0.656,0.191,10,-18.513,1,0.0457,0.993,0.112,0.111,0.641,105.152,4,566.0,13,3,-2.2757692280276665,0.38838605226661904
43,196933,0,0.255,0.267,3,-12.585,1,0.0305,0.917,0.0649,0.108,0.391,171.113,4,8310.0,33,3,-1.8704304903644628,-1.733767761839769
0,173604,0,0.34,0.4,1,-11.156,1,0.0442,0.547,0.0,0.287,0.331,83.825,4,2506.0,40,3,-1.4143957438092427,-0.5740510641958156
45,157173,0,0.734,0.477,6,-10.822,1,0.0485,0.409,0.000662,0.0768,0.939,145.188,4,1488.0,32,0,0.8359207896926024,0.3882708413539512
43,192160,0,0.581,0.196,8,-17.281,0,0.0452,0.979,0.0103,0.221,0.362,114.399,4,85119.0,53,3,-2.4549371585641544,-0.07291878455375884
43,164173,0,0.719,0.753,7,-9.143,1,0.0458,0.199,0.0,0.79,0.965,139.066,4,46280.0,47,0,1.799905175252885,1.5935800762596446
2,198907,0,0.55,0.725,0,-8.783,1,0.328,0.39,0.00759,0.367,0.894,154.394,3,143.0,4,0,1.189717719168757,0.6831846555291992
24,232760,0,0.574,0.343,7,-12.525,0,0.0319,0.804,0.002,0.0942,0.291,95.876,4,15694.0,38,3,-1.5632711928782874,-0.5856023508087442
41,178533,0,0.491,0.0739,2,-16.879,1,0.0336,0.987,0.915,0.104,0.246,82.002,4,20872.0,49,2,-3.9251054628687587,-1.3569446111614678
48,195940,0,0.611,0.953,8,-3.707,1,0.042,0.0126,0.0,0.217,0.635,133.973,4,11305.0,52,0,2.517543933496956,-0.3965746779717759
48,242013,0,0.459,0.27,4,-10.718,1,0.0318,0.857,0.0,0.111,0.348,168.987,4,680867.0,63,3,-1.2464007810251012,-1.367064835722455
17,144000,0,0.604,0.654,7,-6.982,1,0.0837,0.313,0.0,0.649,0.749,109.277,4,2563.0,20,0,0.968466870231994,1.1251434512324516
10,150013,1,0.462,0.525,0,-8.253,1,0.0381,0.422,0.872,0.156,0.558,123.876,4,417.0,18,2,-0.6055826951984813,-1.4618288523011815
2,303813,0,0.586,0.523,5,-13.708,1,0.12,0.0151,0.000336,0.296,0.538,67.392,4,511.0,12,0,-0.05406088663634693,0.09230360081854687
56,109295,0,0.184,0.2,4,-16.465,1,0.0409,0.869,0.798,0.111,0.0381,86.196,4,689.0,46,2,-4.139999771933862,-2.107348214893568
2,45493,0,0.719,0.0482,10,-18.497,0,0.158,0.978,0.0171,0.14,0.519,79.561,4,4420.0,16,3,-2.84519627184288,1.3505602345503356
36,70573,0,0.706,0.507,11,-12.431,0,0.626,0.0329,0.0,0.17,0.483,77.687,4,613060.0,90,1,-0.154931772300981,1.8613434614623685
36,194867,0,0.759,0.917,11,-6.093,0,0.0274,0.0512,0.0,0.21,0.972,129.973,4,7966.0,40,0,2.804123269897252,0.4558864549428297
30,69997,0,0.737,0.405,2,-14.096,1,0.946,0.473,0.0,0.464,0.894,106.187,5,79023.0,76,1,-0.5618168919954645,3.5972846017256797
52,288000,0,0.477,0.995,0,-3.316,1,0.0415,0.000374,0.00477,0.0953,0.587,156.047,4,3311.0,46,0,2.6032240694183724,-1.5226878319113017
43,207667,0,0.585,0.42,6,-6.886,1,0.026,0.302,0.0,0.0915,0.113,132.227,4,38221.0,35,3,-0.11364428697761836,-1.214527263312496
38,211413,0,0.46,0.199,6,-11.553,1,0.0349,0.897,1.02e-05,0.12,0.412,154.386,3,25834.0,41,3,-1.5773941938593679,-1.019578075042269
14,190813,0,0.342,0.439,0,-13.282,0,0.0513,0.772,0.0,0.0784,0.577,68.961,4,10848.0,35,3,-1.5880491145214206,-0.4890628068543019
29,194587,0,0.717,0.651,8,-5.642,0,0.0312,0.0677,0.0,0.133,0.695,115.099,4,220426.0,51,0,1.710360231755682,-0.00013651688525484343
36,202760,0,0.713,0.539,0,-8.138,1,0.085,0.0146,2.47e-06,0.155,0.378,89.995,4,16004.0,38,0,0.6658746215761304,-0.04273111166156342
12,306440,0,0.808,0.457,4,-15.041,0,0.0499,0.292,0.000166,0.235,0.867,109.616,4,8184.0,33,0,0.38925050261305744,0.601543118743802
54,321917,0,0.822,0.661,5,-5.434,0,0.0504,0.295,0.00068,0.0972,0.836,115.024,4,40766.0,55,0,1.878375528191322,0.03951503872710655
23,226987,0,0.392,0.23,9,-19.55,1,0.0293,0.56,0.818,0.099,0.119,176.512,4,4361.0,32,2,-2.870632750722075,-2.6011923985665626
15,249507,0,0.753,0.188,4,-13.819,0,0.0331,0.847,0.0,0.167,0.507,109.919,4,829.0,28,3,-1.433225024522353,0.1771792651127096
57,168240,0,0.623,0.892,7,-4.128,1,0.089,0.0851,3.86e-06,0.779,0.663,127.787,4,9406176.0,82,0,2.1425782777332505,0.9666843548509332
9,143173,0,0.553,0.239,4,-10.029,1,0.0316,0.963,0.00606,0.169,0.384,112.147,3,1001.0,31,3,-1.634725117413974,-0.2142781688612108
23,270920,0,0.537,0.802,2,-6.337,1,0.12,0.136,0.0409,0.325,0.692,125.469,4,130.0,11,0,1.6067277623110163,-0.29730380681742247
32,300453,0,0.515,0.802,3,-6.907,1,0.036,0.243,6.39e-06,0.088,0.484,160.058,4,5392.0,31,0,1.4340448007079676,-1.4917675900551384
24,182773,0,0.611,0.748,2,-6.908,1,0.0323,0.313,0.0,0.353,0.949,129.988,4,2497.0,32,0,1.6827238679118253,0.4475104848430765
5,226390,0,0.494,0.575,10,-9.14,1,0.0341,0.164,0.0,0.3,0.736,94.259,4,7263.0,28,0,0.6020612683361021,-0.07471699726756753
24,274467,0,0.641,0.715,4,-12.143,1,0.0308,0.294,0.000103,0.0776,0.904,132.784,4,2448.0,27,0,1.198374393721386,-0.26065122856032363
16,240347,0,0.623,0.947,4,-6.239,0,0.0948,0.0834,2.07e-06,0.32,0.681,108.051,4,56138.0,44,0,2.050857939625879,0.0989589177728401
7,189680,0,0.76,0.634,5,-9.455,0,0.0368,0.518,2.72e-06,0.318,0.974,125.32,4,471.0,20,0,1.1349862532746176,0.9357149548062312
0,215589,0,0.491,0.124,7,-14.531,1,0.0492,0.992,0.00128,0.236,0.554,120.977,4,1658.0,13,3,-2.1807443113580045,-0.2024747791966062
13,182640,0,0.641,0.501,0,-10.619,1,0.882,0.596,0.0,0.106,0.604,143.529,4,26876.0,37,1,-0.3055041266054159,1.4951894732976914
0,515297,0,0.797,0.955,11,-6.217,0,0.175,0.00132,0.869,0.0584,0.057,127.994,4,2189.0,22,2,1.2497095581884725,-2.538438845789573
13,180333,0,0.823,0.44,0,-14.642,1,0.0469,0.447,0.00625,0.12,0.653,121.764,4,2261.0,21,0,-0.07251911951580797,0.5237737371578179
16,371773,0,0.733,0.785,9,-7.691,0,0.0471,0.0484,0.875,0.0387,0.882,103.967,4,8217.0,17,2,1.4428118525421076,-1.2840389783653363
36,93360,0,0.559,0.554,3,-10.741,0,0.569,0.295,5.41e-06,0.828,0.769,79.311,3,613060.0,90,1,-0.13037718812764135,2.847617251722255
35,82053,0,0.71,0.514,11,-9.93,1,0.908,0.523,0.0,0.639,0.78,55.047,4,613060.0,90,1,-0.4789053331671468,3.87548772223456
33,443080,0,0.225,0.129,5,-19.447,0,0.0379,0.792,0.0315,0.0761,0.0541,107.978,4,30196.0,46,3,-3.4277796277317343,-2.4826476686013357
0,410000,0,0.675,0.824,11,-9.608,1,0.0418,0.000427,0.9,0.075,0.26,127.984,4,5231.0,28,2,0.6395134748501675,-2.45039879026008
46,195040,0,0.895,0.617,9,-6.252,0,0.178,0.0773,2.28e-06,0.0648,0.821,144.953,4,723467.0,62,0,2.1508551336214774,0.6010186951862263
1,154853,0,0.278,0.319,5,-10.118,0,0.0287,0.471,0.92,0.229,0.4,134.226,4,708.0,15,2,-1.8083452506788709,-2.0973709610730786
8,211373,0,0.489,0.871,2,-5.627,1,0.0396,0.327,0.0,0.108,0.813,108.685,4,2700.0,22,0,1.6030392940833593,-0.4473940967063593
32,144000,0,0.712,0.474,0,-7.417,1,0.0425,0.659,0.000242,0.0234,0.968,109.127,4,19287.0,54,0,0.6085213465647976,0.5532366836620214
37,268240,0,0.559,0.147,2,-14.63,1,0.0377,0.868,2.25e-06,0.135,0.366,93.056,4,6910.0,35,3,-2.233554822883207,-0.46744013087716646
16,168787,0,0.313,0.991,0,-6.24,1,0.0612,0.00027,0.0,0.297,0.373,192.949,4,44348.0,43,0,1.8716029668174043,-1.6028871523917696
14,589720,0,0.423,0.335,2,-12.519,1,0.0367,0.624,0.0,0.091,0.654,146.791,4,32312.0,26,3,-0.5340303621306791,-2.152331956562243
25,236600,0,0.251,0.00251,9,-30.288,0,0.0452,0.971,0.0,0.124,0.0943,126.218,4,81105.0,46,3,-4.984047329494383,-1.3828758118091575
53,198121,0,0.714,0.771,6,-6.06,0,0.0383,0.218,1.67e-05,0.0831,0.757,99.992,4,761101.0,66,0,1.714527480501118,0.12403174774164849
20,176800,0,0.632,0.878,6,-4.768,1,0.0855,0.00458,0.00134,0.0814,0.817,110.591,4,3958.0,32,0,2.359311928307266,-0.014659037368660643
0,210387,0,0.403,0.174,9,-13.128,0,0.0518,0.992,0.727,0.123,0.14,65.629,3,1514.0,1,2,-3.546992522104501,-1.520236504755715
9,228880,0,0.593,0.477,7,-10.617,1,0.0358,0.453,0.0,0.0513,0.216,169.399,4,8918.0,31,3,-0.17469955943800478,-1.3545255070593802
21,237240,0,0.497,0.478,2,-10.611,1,0.0284,0.543,3.45e-06,0.117,0.511,106.078,4,9856.0,37,3,-0.4702163810371851,-0.683692964545129
47,265379,0,0.529,0.754,3,-4.209,1,0.0551,0.516,0.0,0.197,0.538,202.018,4,15017.0,41,0,1.549838897610614,-1.323372609366083
40,241711,0,0.713,0.757,7,-4.727,1,0.034,0.181,1.87e-06,0.0219,0.864,99.051,4,11816.0,45,0,2.0440988326783875,-0.04444433212407453
0,161898,0,0.48,0.723,0,-4.898,1,0.0651,0.727,0.0,0.108,0.811,163.839,4,2765.0,31,0,1.0928088890414,-0.5615759150792685
38,147080,0,0.705,0.391,7,-9.234,1,0.0418,0.758,7.06e-05,0.104,0.672,122.985,4,36434.0,45,3,-0.2219524928518418,0.27474513032169884
0,133813,0,0.527,0.86,0,-4.943,1,0.0703,0.0126,0.0,0.252,0.86,145.372,4,741.0,8,0,2.3581131006167286,-0.05543859998649808
34,178733,0,0.641,0.693,11,-5.997,1,0.0402,0.579,0.0,0.236,0.757,151.972,4,25903.0,36,0,1.2344320116441876,-0.0048900237206271225
14,163413,0,0.762,0.816,10,-9.409,1,0.0562,0.14,1.92e-05,0.308,0.96,150.233,4,5977.0,33,0,2.1871836025245184,0.7464045021575949
37,246893,0,0.479,0.797,7,-5.458,1,0.0483,0.424,0.000801,0.0687,0.438,173.816,4,8418.0,44,0,1.2545843862354373,-1.5581972624415996
24,250360,0,0.663,0.513,1,-7.426,1,0.0443,0.388,0.0,0.262,0.486,124.033,4,470986.0,64,0,0.4854713817182608,-0.263257704933165
19,277200,0,0.407,0.266,0,-12.949,1,0.0301,0.854,0.000196,0.105,0.209,75.876,4,41506.0,41,3,-2.326702526420353,-1.082547590905498
47,189865,0,0.612,0.724,1,-6.193,0,0.0393,0.158,0.0,0.392,0.349,92.0,4,660613.0,60,0,0.8754819284183258,0.0025369351637262337
6,239000,0,0.724,0.315,7,-14.257,0,0.0364,0.79,0.0,0.0916,0.59,131.906,3,32710.0,40,3,-0.9099586454482953,-0.06811826229681325
35,93173,0,0.683,0.44,5,-15.248,0,0.853,0.35,0.0,0.104,0.355,113.395,4,613060.0,90,1,-1.0840610792453995,1.8009539921137614
38,197381,0,0.688,0.803,6,-10.867,0,0.0333,0.00514,0.253,0.101,0.195,149.984,4,1739.0,26,0,0.9150419094833894,-1.1944555104900763
33,210327,1,0.819,0.521,9,-9.408,0,0.0744,0.528,0.0,0.108,0.392,116.125,4,540.0,24,0,0.16465912818276676,0.07773249209228464
34,92109,0,0.726,0.238,6,-20.558,1,0.953,0.479,1.66e-06,0.0994,0.405,88.087,1,128057.0,82,1,-2.3337397767294945,2.5225902171345878
12,237600,0,0.44,0.617,5,-7.026,1,0.0474,0.662,0.0,0.169,0.561,205.529,4,321.0,15,0,0.6488426369635227,-1.4213855554235775
45,269000,1,0.903,0.529,10,-3.615,0,0.406,0.233,0.0,0.129,0.629,91.113,4,9166.0,39,0,1.3637883352003985,1.1124661011744377
30,192520,0,0.456,0.479,9,-17.378,1,0.0843,0.718,0.0391,0.609,0.65,119.321,4,9230.0,46,3,-1.3542915802130269,0.5936264915472872
50,229307,0,0.452,0.465,0,-8.314,1,0.0483,0.688,0.0,0.122,0.0663,88.578,1,2547287.0,62,3,-1.249720794115859,-1.1543222695335287
37,126147,0,0.792,0.742,7,-5.585,1,0.113,0.567,0.0,0.0561,0.807,185.992,4,332.0,41,0,1.8906471740522863,0.1888416842388439
7,305733,0,0.482,0.238,7,-17.796,0,0.0368,0.925,0.791,0.096,0.176,132.904,3,466010.0,66,2,-3.1619401722543414,-2.156058478798163
23,188493,0,0.473,0.893,11,-5.325,0,0.0347,0.00203,0.00116,0.327,0.706,147.894,4,6017.0,24,0,2.1732974080820617,-0.5254080578010611
7,124840,0,0.698,0.619,1,-16.258,1,0.879,0.64,0.0,0.503,0.451,112.515,3,3246.0,32,1,-1.082652315964071,2.716660320652945
3,142840,0,0.713,0.705,5,-9.913,1,0.0866,0.544,0.0,0.101,0.844,126.171,4,546.0,13,0,0.943347702832289,0.5222041515275588
47,178173,0,0.754,0.73,0,-3.169,0,0.0464,0.238,0.000112,0.0891,0.274,154.044,4,55161.0,45,0,1.6520701430165354,-0.715242610321519
12,185440,0,0.394,0.435,2,-14.563,1,0.0638,0.118,0.0,0.375,0.549,97.171,3,1647.0,39,3,-0.6490969085003641,-0.13493393755184477
29,181160,0,0.556,0.624,9,-6.048,0,0.0917,0.102,0.0,0.155,0.623,110.798,4,3255.0,27,0,1.1379213266512813,-0.24699855355461572
26,237840,0,0.577,0.593,2,-6.427,0,0.0434,0.74,0.0,0.0924,0.255,135.131,4,53556.0,46,3,-0.07486225823322327,-1.0665194050406501
37,197851,0,0.561,0.364,9,-11.939,1,0.0278,0.566,0.000163,0.1,0.257,80.489,4,10777.0,44,3,-1.3149032213792955,-0.4975979578892567
38,133853,0,0.84,0.81,7,-6.043,1,0.219,0.0182,0.00114,0.0757,0.876,169.937,4,10896.0,47,0,2.7694053226917945,0.6192218182382483
36,67947,0,0.69,0.518,2,-10.469,0,0.935,0.414,0.0,0.366,0.882,65.837,4,613060.0,90,1,-0.18982112834743017,3.4591412865797104
20,224653,0,0.479,0.432,9,-10.065,1,0.061,0.835,1.81e-06,0.172,0.801,120.016,4,4434582.0,73,3,-0.5035216434637967,-0.2024398549705347
39,63253,0,0.713,0.605,2,-9.129,1,0.927,0.677,0.0,0.788,0.788,68.775,4,613060.0,90,1,-0.33995884955288336,4.181441323554582
6,183187,0,0.697,0.733,11,-12.408,0,0.0348,0.124,0.00433,0.0642,0.953,139.788,4,7139.0,24,0,1.5818949007361531,0.1471273092852416
36,88693,0,0.497,0.701,11,-10.627,0,0.356,0.144,0.00067,0.12,0.695,81.503,4,613060.0,90,0,0.4156764762097558,0.8009617573754113
0,194307,0,0.453,0.586,7,-9.975,1,0.0438,0.893,0.361,0.314,0.72,112.874,3,3743.0,19,3,-0.7467152560509859,-0.3731737453886935
0,170606,0,0.597,0.315,0,-12.014,1,0.061,0.965,5.33e-05,0.291,0.617,109.395,4,1428.0,15,3,-1.3165773110794619,0.44042179975730733
39,292676,0,0.495,0.365,2,-8.696,1,0.0292,0.816,1.95e-05,0.106,0.19,127.976,4,290523.0,49,3,-1.148536825982183,-1.414249364823841
3,204213,0,0.272,0.0532,0,-22.057,0,0.0351,0.978,0.466,0.612,0.224,173.976,4,1136.0,7,2,-3.972012909150377,-1.2006239786184818
32,299013,0,0.471,0.633,6,-5.224,1,0.0317,0.668,0.0,0.0786,0.317,123.904,4,4217.0,31,3,0.12246244124445962,-1.4885249213640943
27,89693,0,0.546,0.745,0,-5.601,1,0.64,0.554,0.0,0.323,0.813,160.089,5,23593.0,71,0,1.0629393345667182,1.453158028888106
37,342507,0,0.605,0.307,4,-9.895,1,0.03,0.254,0.0,0.0921,0.0771,109.782,4,127856.0,58,3,-0.6841137300314671,-1.4292619577917565
33,174400,0,0.564,0.787,6,-9.325,0,0.0519,0.0023,1.56e-05,0.332,0.555,126.263,4,9885.0,35,0,1.3143231098377783,-0.12844140346606933
13,158547,0,0.365,0.0657,7,-24.323,1,0.0484,0.789,0.0,0.13,0.166,102.687,4,69.0,40,3,-3.9023144077614784,-0.7157451161755883
53,178776,1,0.811,0.37,8,-17.95,0,0.535,0.342,0.0,0.107,0.367,98.166,4,11321.0,61,1,-1.1866975604918029,1.372127371986473
29,61205,0,0.791,0.312,1,-18.155,1,0.956,0.466,0.0,0.829,0.654,77.201,1,79023.0,76,1,-1.6539395099313103,4.464967712663743
17,205547,0,0.389,0.917,8,-5.5,0,0.0468,0.00976,0.0,0.538,0.315,138.001,4,641.0,23,0,1.46070178050642,-0.7947890725255125
17,176427,0,0.437,0.639,6,-7.699,1,0.0364,0.527,0.0,0.196,0.756,176.966,3,7173.0,34,0,0.8432009437573608,-0.7676905695198744
7,237645,0,0.571,0.555,9,-8.129,1,0.126,0.438,3.76e-05,0.0974,0.898,172.686,4,4345.0,27,0,1.1243336429507784,-0.4172384467006182
40,204880,0,0.345,0.686,5,-6.236,0,0.0993,0.479,0.0,0.267,0.702,144.847,4,761042.0,66,0,0.718974511995165,-0.7212432313515381
46,249719,0,0.274,0.95,7,-5.787,1,0.146,0.00222,0.0,0.0923,0.645,187.469,4,60329.0,43,0,2.1272777977721997,-1.807983033962083
43,258500,0,0.563,0.763,10,-5.81,0,0.0621,0.771,0.0,0.888,0.353,118.049,4,253413.0,67,0,0.22556607770713208,0.5471695173093091
1,360020,0,0.756,0.935,1,-8.236,1,0.0437,0.000749,0.913,0.0694,0.344,130.004,4,575.0,11,2,1.2412595697438245,-2.0387530348135905
45,232163,0,0.839,0.676,10,-5.936,1,0.0634,0.603,4.81e-06,0.109,0.933,102.001,4,174351.0,49,0,1.4427554634987059,0.7345208248148788
19,239427,0,0.447,0.12,6,-13.258,0,0.0364,0.886,0.0827,0.0866,0.399,113.684,4,2180.0,28,3,-2.260985505285268,-0.9731349633701465
17,270267,0,0.418,0.671,9,-12.69,0,0.0357,0.000707,0.000449,0.056,0.485,94.876,4,11005.0,34,0,0.28278003923901424,-1.152217137907766
15,197013,0,0.677,0.94,4,-8.233,1,0.0523,0.36,3.58e-06,0.272,0.855,137.079,4,35022.0,35,0,1.9509159553623818,0.3203939235518214
29,251916,0,0.573,0.882,2,-6.521,1,0.0475,0.157,0.000269,0.0767,0.134,136.009,4,65701.0,47,0,1.2114348799536112,-1.462347126817472
8,212959,0,0.657,0.659,9,-8.024,0,0.0362,0.0357,0.000154,0.0392,0.871,133.129,4,583.0,28,0,1.7997158775818474,-0.2548884563631546
33,254440,0,0.529,0.455,7,-8.046,1,0.0265,0.733,0.000127,0.191,0.465,150.005,4,8072.0,24,3,-0.24016650576040613,-0.9099286171259033
17,256133,0,0.641,0.954,11,-6.5,1,0.106,0.54,0.0,0.0934,0.869,82.937,4,870.0,12,0,1.5629200513352641,0.22899998858531587
15,214270,0,0.63,0.579,2,-10.164,1,0.0382,0.541,0.0,0.332,0.763,132.01,4,1317.0,18,0,0.4740313027852575,0.257942943195614
30,263133,0,0.328,0.496,8,-14.129,1,0.0421,0.619,0.0,0.69,0.348,104.417,4,939177.0,76,3,-1.4616122332130703,-0.23419859677993476
23,131253,0,0.257,0.72,7,-6.704,1,0.039,0.000158,0.821,0.157,0.424,82.513,4,4697.0,22,2,-0.1789237359836941,-1.8895509864951194
35,180048,0,0.653,0.823,11,-4.912,0,0.0482,0.103,1.91e-06,0.212,0.519,108.943,4,159307.0,51,0,1.7185708388372227,-0.13100289184402358
38,152053,0,0.547,0.63,8,-7.732,1,0.257,0.907,0.000293,0.0639,0.852,91.076,4,57884.0,44,3,-0.048115647605203274,0.6585174585892591
33,97853,0,0.658,0.558,2,-11.367,1,0.531,0.42,0.0,0.561,0.64,121.394,4,23593.0,71,1,-0.04121213909194226,2.1001690215746867
49,211185,0,0.594,0.654,10,-5.068,1,0.0462,0.0718,0.0,0.284,0.691,90.026,4,53980.0,58,0,1.3884637191011355,0.0964306103255563
23,163853,0,0.563,0.838,3,-6.679,1,0.0347,0.194,0.875,0.092,0.966,123.145,4,1135.0,18,2,1.2858403371900544,-0.9798500039203738
29,228787,0,0.642,0.513,8,-10.117,1,0.0991,0.375,0.000136,0.0773,0.551,183.599,4,48945.0,40,0,0.6472206959300786,-0.7704694188129938
43,193867,0,0.463,0.00992,2,-27.243,1,0.039,0.984,0.931,0.105,0.134,101.111,4,175855.0,58,2,-5.210229263998182,-1.5423456084404168
30,570627,0,0.614,0.876,11,-9.614,0,0.0422,0.0425,0.224,0.295,0.492,126.95,4,212471.0,54,0,1.5213095311931284,-1.7396730846827246
57,219638,0,0.838,0.805,10,-2.723,0,0.0541,0.0826,3.77e-06,0.0778,0.952,115.026,4,180704.0,46,0,2.885523058162204,0.42391223299810876
22,267053,0,0.601,0.941,11,-3.022,0,0.0769,0.0858,8.63e-05,0.881,0.703,133.737,4,856.0,20,0,2.4785311205625637,0.7141155007559321
0,160967,0,0.688,0.258,10,-18.135,1,0.0315,0.972,0.572,0.0934,0.77,77.945,4,240.0,10,2,-2.3683805071421227,0.23568201010883275
16,259400,0,0.523,0.671,4,-14.0,0,0.0947,0.0641,0.00835,0.276,0.338,104.782,4,39913.0,49,0,0.03252455259501297,-0.5333455536220583
11,188000,0,0.599,0.352,9,-6.928,1,0.0341,0.706,1.74e-06,0.0724,0.596,126.099,4,2371.0,23,3,-0.21753208537070112,-0.3881891042123447
66,203261,0,0.838,0.508,0,-6.219,1,0.0502,0.69,0.0,0.112,0.335,117.969,4,813358.0,70,0,0.2154922417150883,-0.001961027579191372
6,175267,0,0.387,0.069,0,-13.738,0,0.0381,0.905,0.0,0.0761,0.219,97.995,5,85225.0,47,3,-2.862640908327181,-0.928679973089036
9,103170,0,0.635,0.532,0,-17.443,1,0.0429,0.0957,0.557,0.33,0.721,95.377,4,615.0,18,2,-0.5803513921606953,0.33121619324201557
53,251340,0,0.743,0.232,0,-9.646,0,0.0784,0.581,4.89e-06,0.181,0.646,139.994,3,30536.0,66,3,-0.19725982374426387,0.06238770014647588
13,145509,0,0.799,0.74,1,-9.311,1,0.374,0.204,0.0,0.0722,0.955,96.366,4,1402.0,29,0,1.523142412578356,1.5435801223370225
30,96193,0,0.667,0.506,1,-17.914,0,0.939,0.522,0.0,0.922,0.534,139.743,4,128057.0,82,1,-1.2091646610614204,3.5446375191610695
29,224333,0,0.444,0.598,3,-9.116,1,0.0308,0.196,0.000123,0.122,0.797,140.567,4,11906.0,34,0,0.9336654693553543,-0.7891475262530235
47,220131,0,0.516,0.36,9,-9.336,0,0.0269,0.452,0.0,0.165,0.389,94.056,4,324617.0,56,3,-0.702568375547824,-0.5914245070130568
49,45004,0,0.782,0.344,3,-7.504,1,0.0582,0.773,0.0,0.0848,0.953,134.746,4,6635.0,46,0,0.3312080508213411,1.0523923946117386
3,155695,0,0.506,0.36,9,-14.583,0,0.0663,0.266,0.883,0.0387,0.743,176.862,4,918.0,30,2,-0.7587448217049166,-1.5838401210026054
4,170713,0,0.691,0.361,0,-13.288,1,0.0286,0.324,0.000242,0.0903,0.54,106.285,4,7539.0,36,3,-0.39392015386724455,0.04826372143323142
8,232733,0,0.56,0.92,5,-4.657,1,0.0615,0.0305,0.0,0.857,0.967,137.4,4,1427.0,37,0,2.63182759290637,0.9673392073649836
7,233173,0,0.503,0.29,10,-16.054,1,0.0291,0.72,0.000415,0.123,0.507,138.003,4,35765.0,44,3,-1.4898042888337115,-0.7081943682589691
12,164165,0,0.601,0.853,2,-7.572,1,0.0776,0.131,0.0,0.345,0.686,120.495,4,7539.0,36,0,1.6426113000604698,0.27207577115504344
10,199093,0,0.564,0.272,5,-15.999,0,0.0376,0.603,0.0,0.0927,0.2,138.224,4,133034.0,51,3,-1.6910218413755735,-0.876524829072982
61,86207,0,0.516,0.486,4,-11.45,0,0.0249,0.00411,0.277,0.34,0.454,87.045,4,6395.0,49,0,-0.3171187811424451,-0.056253772283278734
22,273173,0,0.624,0.472,4,-10.662,1,0.0267,0.0318,0.000194,0.0521,0.62,82.399,4,6937.0,40,0,0.4432609923084559,-0.4096690785492341
10,263475,0,0.784,0.766,1,-9.374,1,0.0712,0.295,0.000351,0.3,0.966,142.957,4,4786.0,13,0,1.9230301726579535,0.5821454685858668
44,121787,0,0.658,0.591,2,-6.203,1,0.0403,0.459,0.0003,0.0538,0.911,91.06,4,121241.0,63,0,0.9729881243033572,0.5169486489288869
28,198666,1,0.761,0.559,8,-9.344,0,0.242,0.243,0.0,0.716,0.707,91.981,4,2263.0,29,0,0.6532708244834909,1.9195082427104184
22,235932,0,0.649,0.315,5,-16.104,1,0.0362,0.944,0.431,0.146,0.683,76.727,4,199.0,37,2,-2.024298137002474,-0.017457715545664092
40,330093,0,0.491,0.625,5,-4.371,0,0.0311,0.657,0.0,0.152,0.231,139.428,4,501590.0,58,3,0.23819164505461,-1.6470131257891307
29,316440,0,0.738,0.681,5,-11.59,0,0.118,0.234,0.000131,0.105,0.748,92.003,4,1385393.0,70,0,0.9354141506784018,0.16630468862589567
24,405667,0,0.748,0.484,10,-14.351,0,0.336,0.284,0.0,0.729,0.456,87.957,4,5750.0,23,1,-0.37333492236705434,1.245743015740067
26,204426,1,0.853,0.987,5,-5.724,0,0.253,0.105,1.32e-05,0.144,0.442,128.975,4,9294.0,43,0,2.285969970467682,0.37582256517071566
36,328733,0,0.518,0.215,7,-18.079,1,0.0338,0.568,0.0,0.147,0.234,114.514,4,21363.0,34,3,-2.087979209912911,-1.0902804387829819
15,269627,0,0.484,0.217,9,-12.025,1,0.0307,0.232,0.0,0.123,0.483,125.76,3,972.0,19,3,-0.684793273978985,-1.0118126045184608
34,189387,0,0.605,0.655,1,-6.704,1,0.0471,0.099,3.11e-05,0.0836,0.885,170.043,4,1898.0,35,0,1.9866137558998915,-0.4708875785049376
37,169333,0,0.48,0.771,9,-4.233,1,0.039,0.00964,1.12e-05,0.151,0.673,115.138,4,7051.0,42,0,1.7679158034432747,-0.5660527988745778
1,66280,0,0.56,0.109,10,-25.825,0,0.49,0.993,0.0286,0.112,0.675,104.16,3,441.0,5,3,-3.5185795187217463,1.6582183127402974
29,291173,0,0.515,0.38,8,-14.162,1,0.0462,0.243,1.02e-05,0.585,0.325,87.947,4,186705.0,56,3,-1.0110141669958792,-0.010859280817969563
41,388573,0,0.545,0.455,7,-6.421,0,0.0265,0.587,1.96e-06,0.0907,0.148,93.769,4,4434582.0,73,3,-0.526231469420763,-1.5540360757943916
17,217893,0,0.543,0.386,10,-16.268,1,0.0269,0.445,8.09e-05,0.329,0.706,96.957,4,38299.0,39,3,-0.8920999489009884,0.29543775137493283
22,228765,0,0.692,0.654,7,-7.637,1,0.0301,0.343,0.000104,0.121,0.624,110.049,4,196.0,10,0,0.9904278672636097,-0.1491886168308051
26,57400,0,0.717,0.482,11,-7.795,0,0.921,0.846,0.0,0.455,0.734,112.795,3,33506.0,64,1,-0.4481268622922469,3.225383144616835
37,211440,0,0.538,0.774,2,-10.927,0,0.0379,0.389,0.575,0.114,0.869,174.138,4,4848.0,33,0,0.8657812674575787,-1.193764055262139
22,145067,0,0.298,0.439,6,-12.429,1,0.0364,0.00569,0.00294,0.114,0.587,96.188,4,11906.0,34,3,-0.3606864676663841,-0.8050845196502724
41,268533,0,0.259,0.133,2,-11.181,1,0.0369,0.977,0.000211,0.104,0.149,81.573,3,19290.0,41,3,-2.902207474327252,-1.539075627230823
26,251573,0,0.421,0.524,6,-6.956,0,0.149,0.753,0.955,0.118,0.356,136.812,4,1382.0,43,2,-1.2222665870599931,-2.1289071437141023
28,281733,0,0.652,0.45,0,-10.599,0,0.0254,0.711,1.01e-05,0.0932,0.689,97.168,4,4177.0,36,3,-0.2990038387521754,-0.1530819906659513
24,204920,0,0.345,0.369,2,-12.082,1,0.0332,0.641,0.0,0.102,0.437,205.693,4,650259.0,68,3,-0.7235587574086625,-1.7432238512424068
1,188186,0,0.513,0.16,4,-16.536,0,0.0481,0.981,0.0122,0.327,0.225,114.51,4,1428.0,15,3,-2.77130199576362,-0.22018211498576512
22,182973,0,0.461,0.863,0,-5.881,1,0.0325,0.000622,0.0,0.163,0.64,155.102,4,11171.0,33,0,2.009985771159694,-0.9614867223117709
25,363653,0,0.462,0.446,0,-9.637,1,0.026,0.185,0.0131,0.139,0.408,155.937,3,501590.0,58,3,0.2507002385573935,-1.775468326859746
13,214173,0,0.617,0.861,2,-7.453,1,0.153,0.014,0.103,0.137,0.726,127.718,4,3463.0,22,0,1.9025995502828583,-0.2219607781929239
18,260813,0,0.824,0.651,5,-9.336,1,0.038,0.011,0.923,0.0763,0.752,114.978,4,2346.0,17,2,0.9584658372429339,-0.8737589257400648
14,152503,0,0.392,0.312,0,-8.384,1,0.0389,0.746,0.0,0.196,0.611,95.144,4,996.0,21,3,-1.0704237594813204,-0.2854401144115059
34,320200,0,0.448,0.869,0,-5.963,1,0.0611,0.121,2.12e-06,0.666,0.301,109.981,4,74838.0,44,0,1.101950113969798,-0.5373789136263815
3,103073,0,0.671,0.236,2,-13.494,1,0.0273,0.82,0.00114,0.142,0.8,80.458,4,1594.0,17,3,-1.2833572166216642,0.9574166666073953
29,109640,0,0.654,0.387,11,-14.613,1,0.86,0.335,0.0,0.259,0.35,94.529,3,23593.0,71,1,-1.304366129752363,2.086942682386376
12,225656,0,0.485,0.3,10,-10.968,1,0.0268,0.753,4.85e-05,0.192,0.231,76.337,4,968.0,20,3,-1.7922768398454756,-0.5958913254172751
35,250240,0,0.512,0.804,9,-12.902,1,0.0375,0.00414,0.000874,0.0593,0.539,88.204,4,11021.0,39,0,0.7200291243959478,-0.7203993959825834
27,59900,0,0.751,0.233,2,-20.694,1,0.947,0.558,0.0,0.198,0.474,79.776,5,79023.0,76,1,-2.420764546224368,3.0326041556406644
40,192720,0,0.582,0.77,7,-5.873,0,0.0341,0.000706,0.00373,0.085,0.73,116.988,4,104183.0,57,0,1.8846969858358047,-0.4249361413475696
0,430062,0,0.792,0.696,8,-10.509,1,0.0348,0.187,0.912,0.111,0.154,126.009,4,10916.0,43,2,0.04295693565229138,-2.21520281910247
19,278558,0,0.623,0.584,2,-9.389,1,0.0292,0.573,0.000195,0.0514,0.167,115.006,4,2346.0,17,3,-0.304893316130337,-1.1278924247960735
42,275520,0,0.684,0.653,6,-4.274,0,0.0567,0.411,0.000865,0.0873,0.952,86.232,4,225922.0,54,0,1.531830026194356,0.1874312974588668
35,357093,0,0.612,0.863,9,-4.613,0,0.031,0.132,1.35e-06,0.58,0.502,140.074,4,23870.0,43,0,1.9881938024186598,-0.4514810205280073
23,295848,0,0.393,0.599,0,-8.6,1,0.0337,0.129,0.0,0.394,0.312,113.771,4,1154.0,17,3,0.19512267444088724,-1.087872033651746
66,159428,0,0.909,0.449,8,-9.912,0,0.263,0.0323,0.0,0.087,0.685,95.001,4,30205.0,63,0,0.9148469974074261,1.2541382360426951
42,103933,0,0.453,0.896,9,-10.333,1,0.0429,0.0405,3.32e-05,0.252,0.951,168.332,4,101713.0,61,0,1.9842460376908446,-0.14505441568288943
45,259000,0,0.441,0.843,0,-1.917,1,0.13,0.538,2.66e-05,0.238,0.914,191.45,4,813092.0,65,0,2.1986996083747687,-0.8115075136485331
17,194490,0,0.315,0.261,3,-13.636,1,0.0457,0.944,5.05e-06,0.124,0.317,103.007,4,14261.0,34,3,-2.4278216918935733,-1.0042472088112113
41,181107,0,0.584,0.792,1,-7.795,1,0.0392,0.577,0.0,0.126,0.382,134.949,4,24591.0,52,0,0.5911006100259091,-0.6735150810429972
11,149760,0,0.701,0.257,1,-13.155,1,0.0455,0.667,0.0,0.0755,0.901,115.961,3,33.0,8,3,-0.5473047783175823,0.6148334469126414
59,257427,1,0.743,0.894,8,-6.886,1,0.0349,0.0755,0.00283,0.367,0.77,95.9,4,36035.0,46,0,2.1397180252901022,0.5268179166714329
1,230080,0,0.265,0.342,6,-7.681,1,0.0334,0.985,4.03e-05,0.162,0.462,172.199,4,2376.0,18,3,-1.1062457299692965,-1.6596999092365208
15,278000,0,0.543,0.969,0,-6.333,0,0.0746,0.0066,0.0,0.0427,0.76,128.365,4,12262.0,45,0,2.3712873168970647,-0.8572458158180795
52,276651,0,0.687,0.516,7,-8.828,1,0.0256,0.63,0.00253,0.097,0.602,95.672,4,55130.0,57,3,0.06914197221677769,-0.19743228686138894
11,280947,0,0.303,0.261,0,-12.96,1,0.0323,0.652,0.000149,0.0815,0.143,141.916,4,11905.0,26,3,-1.8866589124701176,-2.0159783659175545
26,217507,0,0.485,0.892,4,-3.304,1,0.0359,0.00664,0.0,0.857,0.639,146.266,4,208371.0,56,0,2.2448493975132977,0.27029336753320643
36,71640,0,0.521,0.536,5,-11.977,1,0.676,0.686,0.0,0.779,0.285,99.331,4,613060.0,90,1,-1.4626862109561685,2.3360567569336443
24,252500,0,0.581,0.512,7,-11.592,1,0.0296,0.563,0.2,0.0813,0.705,179.905,4,212625.0,50,0,0.19966235927281617,-1.0675629595825038
18,197933,0,0.644,0.872,4,-4.005,0,0.0466,0.615,0.236,0.372,0.523,120.428,4,57698.0,40,0,1.0851283821943658,-0.1544028485122592
13,547119,0,0.353,0.338,4,-18.049,1,0.0588,0.817,0.247,0.153,0.143,110.462,4,4644.0,20,3,-2.632648295452284,-2.493554379465985
37,256707,0,0.321,0.394,3,-10.998,1,0.0298,0.565,0.00173,0.0587,0.117,95.183,4,203134.0,61,3,-1.58704649610993,-1.699502037096432
9,193618,0,0.452,0.259,10,-13.922,0,0.0733,0.966,1.32e-06,0.426,0.389,119.697,3,12184.0,34,3,-2.118431496495346,-0.05431635597248487
9,125133,0,0.769,0.335,0,-9.749,1,0.057,0.88,2.83e-06,0.351,0.765,109.271,4,316.0,20,3,-0.48291451241053285,1.2595115043551348
32,91600,0,0.636,0.495,7,-14.243,1,0.937,0.898,0.0,0.902,0.591,132.348,5,2981.0,48,1,-1.3932206986835296,3.576541318446153
25,156573,0,0.518,0.885,4,-8.774,0,0.15,0.623,1.77e-06,0.7,0.575,137.229,4,15918.0,44,0,0.6579780155785582,0.7632486621115131
7,184413,0,0.378,0.357,1,-13.023,1,0.0399,0.981,0.411,0.456,0.51,74.58,3,18411.0,12,3,-2.405323392782258,-0.21106126471328399
67,227396,0,0.59,0.857,10,-1.986,0,0.0553,0.289,4.21e-06,0.0414,0.976,135.29,3,430887.0,64,0,2.5636759719479527,-0.40412990995633286
51,247987,0,0.718,0.911,7,-1.929,1,0.0333,0.405,1.66e-06,0.0532,0.93,86.994,4,173801.0,51,0,2.3881346408061344,0.15407320432410054
19,331674,0,0.572,0.877,1,-5.196,1,0.111,0.0892,0.00751,0.144,0.862,136.955,4,398.0,16,0,2.407033511700322,-0.6430649603923083
43,187000,0,0.769,0.512,4,-9.375,1,0.0281,0.777,8.01e-05,0.107,0.456,99.972,4,35331.0,52,3,-0.2898793890931581,0.18320959637930054
17,127427,0,0.948,0.38,8,-8.711,1,0.056,0.68,0.0,0.316,0.639,129.103,4,998.0,41,0,0.2585364944171705,1.281131761911791
5,241960,0,0.486,0.274,0,-13.221,1,0.0399,0.959,0.881,0.102,0.495,142.117,4,194.0,16,2,-2.2847289639238615,-1.77251184151968
40,219553,0,0.564,0.529,0,-7.386,0,0.034,0.799,0.0,0.131,0.341,119.788,4,58370.0,46,3,-0.4177065305876823,-0.7304013069216879
39,297533,0,0.631,0.821,4,-10.221,1,0.0862,0.667,0.00024,0.124,0.918,80.004,4,306298.0,52,0,0.767970203884318,0.27768847886577336
35,57593,0,0.721,0.159,7,-17.737,1,0.942,0.306,0.0,0.764,0.62,119.234,5,128057.0,82,1,-1.6084336340230843,3.7638529545605235
57,289846,0,0.584,0.849,0,-3.983,1,0.0403,0.1,0.0,0.304,0.707,139.032,4,1297051.0,71,0,2.271793631852892,-0.542699369897956
34,214882,0,0.566,0.951,7,-2.801,0,0.144,0.0793,2.07e-06,0.214,0.765,94.914,4,113136.0,54,0,2.329327003801996,0.07118065280059298
16,227187,0,0.273,0.0586,5,-26.029,1,0.0324,0.971,0.0023,0.0967,0.18,67.366,4,78.0,18,3,-4.648544981695269,-0.9315319157277872
51,192241,0,0.815,0.885,11,-5.52,0,0.0417,0.00651,0.369,0.0212,0.825,121.02,4,695563.0,69,0,2.410618105686348,-0.22874528686686899
16,230613,0,0.612,0.701,11,-6.514,1,0.0252,0.0896,0.0,0.0942,0.516,94.033,4,224.0,19,0,1.190394160050535,-0.5276184305519193
1,233000,0,0.42,0.611,4,-6.005,1,0.031,0.639,0.0,0.239,0.437,134.838,4,18012.0,43,3,0.1146024833091469,-1.0271060218855999
24,169600,0,0.742,0.993,9,-5.229,1,0.0781,0.188,0.0,0.18,0.729,139.864,4,253.0,19,0,2.555510475512732,0.18567602248246273
25,233107,0,0.546,0.878,10,-5.092,0,0.0396,0.0334,0.0,0.235,0.616,79.024,4,7871.0,39,0,1.715693157922679,-0.24686987829347082
33,255000,0,0.28,0.436,2,-13.251,1,0.0322,0.115,0.0,0.354,0.233,126.186,4,49072.0,50,3,-0.8599392700079108,-1.4013342305589356
21,225584,0,0.707,0.171,1,-18.901,1,0.93,0.3,0.0,0.0616,0.355,108.157,3,516.0,41,1,-1.930692966538377,1.6239043207159358
11,201160,0,0.696,0.74,9,-7.167,0,0.0359,0.00214,2.49e-06,0.391,0.298,116.017,4,1982.0,16,0,1.2579900106170747,-0.0811221654767334
70,239627,0,0.564,0.745,0,-7.733,1,0.31,0.265,0.0,0.147,0.351,170.661,4,1352364.0,76,0,0.9942620287753291,-0.6895933574431202
18,262560,0,0.357,0.608,4,-6.894,1,0.0325,0.225,1.77e-05,0.172,0.348,120.085,4,19287.0,54,3,0.29683333721525507,-1.4933366061589075
46,302507,0,0.612,0.55,0,-11.53,1,0.0354,0.0313,0.000358,0.0746,0.371,94.971,4,21028.0,45,0,0.27398582529888205,-0.8676267568432335
34,291236,1,0.597,0.789,11,-9.23,0,0.252,0.336,0.0,0.114,0.34,89.167,4,16421.0,49,0,0.41731101111814517,-0.3347124058421335
39,210533,0,0.808,0.587,9,-10.904,1,0.0516,0.0238,0.148,0.0798,0.931,113.531,4,212471.0,54,0,1.4224363638969026,0.3788600512520897
10,167013,0,0.547,0.487,6,-10.933,0,0.033,0.0195,0.547,0.116,0.118,120.192,4,6015.0,26,2,-0.6011632187932553,-1.5886790321506306
6,229042,0,0.422,0.177,4,-16.131,0,0.0498,0.921,0.201,0.111,0.429,142.034,3,5187.0,22,3,-2.4074956438832187,-1.1621721125473525
30,212920,0,0.552,0.714,7,-9.754,1,0.0591,0.262,0.00655,0.983,0.702,123.823,4,650259.0,68,0,0.8416849188924774,1.1850417389036667
36,206000,0,0.221,0.394,6,-9.469,1,0.0329,0.814,0.0,0.194,0.193,179.199,4,541493.0,52,3,-1.3413689296458766,-2.0251166787781685
5,278360,0,0.482,0.324,7,-10.655,0,0.0297,0.866,1.63e-06,0.089,0.27,94.396,4,1573.0,16,3,-1.651107547927435,-1.0303131896112347
23,206533,0,0.58,0.458,2,-10.79,1,0.0683,0.757,0.0,0.116,0.962,146.623,4,2373.0,23,0,0.12766997936828414,0.033795658316505335
3,158720,0,0.488,0.221,2,-15.165,1,0.0294,0.775,0.459,0.105,0.236,87.619,4,22932.0,38,2,-2.7529561635136006,-0.9758089841124604
28,63162,0,0.654,0.17,7,-15.145,1,0.897,0.451,0.0,0.282,0.195,153.13,5,79023.0,76,1,-1.8807377966785321,1.8037053614673952
0,194760,0,0.581,0.44,5,-8.068,0,0.0562,0.986,0.283,0.412,0.85,108.768,4,1204.0,9,3,-0.6059245722594618,0.4324750565992415
10,241600,0,0.238,0.834,9,-10.505,0,0.0503,0.000298,0.0212,0.0783,0.358,102.327,4,16142.0,29,0,0.4167279327707481,-1.7464044804773546
3,154970,0,0.62,0.626,5,-7.897,1,0.0424,0.809,0.0009,0.341,0.884,95.878,4,1692.0,12,0,0.3127320317016117,0.8819980024013264
11,139867,0,0.789,0.134,8,-12.17,1,0.11,0.936,6.15e-05,0.152,0.463,114.234,4,454706.0,52,3,-1.5823616014658668,0.6824257153493027
37,220733,0,0.708,0.983,1,-6.374,1,0.0529,0.00105,7.27e-06,0.0838,0.708,130.014,4,23956.0,41,0,2.582361182510045,-0.27926725070015396
23,205693,0,0.874,0.501,1,-8.612,1,0.0346,0.481,0.000769,0.0551,0.83,98.044,4,936.0,21,0,0.8388831870982204,0.700196647477369
33,197000,0,0.637,0.783,10,-4.905,0,0.222,0.0822,0.0,0.096,0.685,93.919,4,29326.0,38,0,1.7041230447397728,0.23268875495893288
7,101006,0,0.77,0.662,9,-10.172,1,0.062,0.354,0.0,0.207,0.982,131.897,4,225.0,5,0,1.3626951444281294,1.047208244682405
37,202563,1,0.823,0.788,7,-4.305,1,0.276,0.195,0.0,0.0797,0.623,89.968,4,1307.0,29,0,1.799024448805927,0.7501123074185257
31,268235,0,0.717,0.358,7,-14.678,1,0.358,0.29,8.75e-05,0.169,0.224,119.032,4,131464.0,55,3,-0.8817717278572667,0.15887025233198565
0,511347,0,0.714,0.919,1,-8.12,1,0.0626,0.00132,0.826,0.0725,0.443,134.998,4,4080.0,12,2,1.4730452602794184,-2.440362120918705
12,173493,0,0.508,0.832,7,-6.6,1,0.0363,0.108,2.12e-05,0.953,0.747,136.172,4,23928.0,38,0,1.7040260447372562,0.9604700827776479
10,178693,0,0.324,0.42,2,-12.101,1,0.0305,0.231,0.00124,0.12,0.658,133.604,4,1636.0,26,3,-0.27551831149769984,-0.9877955516927214
28,182987,0,0.322,0.471,3,-7.447,1,0.0353,0.805,0.0,0.0759,0.49,67.095,5,8576.0,35,3,-1.1162568355678337,-0.7624648009456066
22,166707,0,0.0671,0.247,2,-13.63,1,0.0366,0.901,0.935,0.0895,0.0962,74.963,3,479.0,27,2,-4.039412743462541,-2.7027546068466775
5,180720,0,0.588,0.917,7,-8.738,1,0.0977,0.000512,0.638,0.226,0.0684,139.999,4,926.0,21,2,0.6359371060542329,-1.5800783878464377
22,171000,0,0.693,0.608,2,-8.628,1,0.0404,0.721,0.0,0.158,0.924,115.506,4,56799.0,47,0,0.6519364483962073,0.5820844558991833
19,251003,0,0.676,0.649,11,-5.995,1,0.0291,0.701,0.00218,0.0977,0.72,99.5,4,2992.0,18,0,0.7065078983115501,-0.06682809938248287
7,147905,0,0.472,0.742,0,-6.821,1,0.0421,0.263,0.853,0.0743,0.837,136.764,4,6989.0,28,2,0.737406979020816,-1.3875701086979921
32,138000,0,0.556,0.898,4,-3.628,1,0.208,0.0111,0.0,0.0528,0.667,120.811,4,978.0,34,0,2.1821789667867013,-0.15931205678724739
17,224914,0,0.634,0.751,0,-7.362,1,0.0286,0.00647,0.0,0.89,0.475,123.338,4,682.0,21,0,1.3913045874303325,0.7425150814780032
25,254347,0,0.695,0.708,5,-3.167,0,0.0425,0.323,0.0,0.0536,0.499,139.958,4,13602.0,26,0,1.6536554791267752,-0.799583272300234
51,220543,0,0.328,0.49,11,-10.59,0,0.0555,0.474,0.0,0.33,0.589,86.176,4,3340685.0,68,3,-0.6970638785083058,-0.3994844478329653
34,213240,0,0.763,0.679,11,-3.935,0,0.0402,0.0608,3.36e-05,0.078,0.615,129.994,4,7385.0,32,0,2.0395176974681757,-0.27145419393070147
45,163157,1,0.716,0.882,9,-5.345,1,0.0508,0.195,0.0,0.323,0.969,159.942,4,957081.0,67,0,2.6793955862062724,0.5061916196291294
36,288493,0,0.609,0.487,4,-8.658,0,0.0289,0.454,0.00183,0.133,0.122,77.052,4,4262.0,30,3,-0.6156539462646199,-0.8647715163125387
25,52212,0,0.624,0.298,8,-16.225,1,0.947,0.513,0.0,0.317,0.538,78.535,3,79023.0,76,1,-1.9020509849346188,2.9226047028006015
23,235853,0,0.23,0.0497,8,-23.924,1,0.0463,0.943,0.0,0.135,0.158,168.107,5,9.0,37,3,-3.8642785462823155,-1.7833828264484852
0,171400,0,0.54,0.323,0,-10.095,1,0.174,0.994,0.0506,0.111,0.698,196.428,4,21786.0,34,3,-0.6304741548387608,-0.42694505226862167
18,381493,0,0.48,0.403,6,-11.833,1,0.0458,0.886,0.24,0.122,0.475,148.364,4,466010.0,66,3,-1.1439455579139428,-1.6637114616743671
31,212946,0,0.744,0.844,1,-5.711,1,0.112,0.023,2.98e-06,0.383,0.922,92.094,4,1297051.0,71,0,2.3359319607766924,1.0555630419169044
28,60971,0,0.675,0.336,4,-17.53,1,0.952,0.655,0.0,0.658,0.588,90.555,4,79023.0,76,1,-1.9608314114047203,3.692479805090485
22,264627,0,0.528,0.716,7,-8.058,1,0.0665,0.121,0.0,0.332,0.752,143.438,4,3063201.0,68,0,1.4893621149794685,-0.37315184291430425
9,208293,0,0.622,0.65,11,-7.505,0,0.0316,0.0913,8.8e-06,0.149,0.946,73.405,4,2596.0,17,0,1.3981593554489722,0.3919420185789101
63,127253,1,0.818,0.63,6,-8.743,0,0.466,0.0257,0.0,0.125,0.846,95.984,4,443122.0,66,0,1.4052036612185559,1.768336586289586
15,181440,0,0.343,0.916,2,-4.559,1,0.0847,0.0448,0.0406,0.124,0.583,96.329,4,19782.0,26,0,1.5060682564120396,-0.9328127448395233
0,183197,0,0.656,0.186,7,-14.459,1,0.0758,0.948,6.59e-06,0.299,0.519,117.787,4,1658.0,13,3,-1.8132448464026611,0.4741378601763523
35,82840,0,0.616,0.793,4,-9.381,1,0.393,0.186,1.25e-05,0.179,0.643,117.951,3,613060.0,90,0,1.0253326447801006,0.9645282669770592
46,260600,0,0.525,0.954,6,-7.325,0,0.0426,0.00131,0.0453,0.295,0.635,117.729,4,23283.0,40,0,1.91273194953631,-0.553448705967412
1,207787,0,0.204,0.403,3,-7.88,1,0.0313,0.961,0.00336,0.122,0.22,79.524,3,9001.0,25,3,-1.986194371176351,-1.4528529162451103
0,84147,0,0.352,0.935,7,-9.293,1,0.333,0.246,0.00468,0.358,0.0389,132.062,5,163.0,0,0,0.13412987562818193,-0.37787169698356415
33,61912,0,0.779,0.31,1,-13.233,0,0.949,0.276,0.0,0.545,0.473,61.294,4,128057.0,82,1,-1.210142101286225,3.6427875020664198
45,470507,0,0.633,0.834,4,-11.86,0,0.0409,0.0714,0.0921,0.36,0.355,134.956,4,7018.0,44,0,1.0894433060231334,-1.2645414145722098
38,162274,0,0.615,0.77,9,-6.094,0,0.108,0.595,0.0,0.197,0.826,175.746,4,14328.0,46,0,1.541521007463062,-0.03619565263720221
32,200307,0,0.513,0.136,7,-13.124,1,0.0556,0.939,0.0,0.117,0.913,178.1,3,156242.0,52,3,-1.0530248987698647,-0.31497497096818794
43,268013,0,0.62,0.855,11,-5.001,1,0.0509,0.00261,4.6e-05,0.134,0.384,159.94,4,34283.0,42,0,2.0832889096753826,-1.215394810358903
11,286272,0,0.666,0.798,11,-4.825,1,0.0625,0.723,0.0,0.388,0.822,144.066,4,17076.0,41,0,1.5098196286514456,0.15920821989578426
0,158208,0,0.885,0.361,11,-7.175,0,0.235,0.81,3.89e-05,0.0799,0.76,117.382,3,5599.0,23,0,0.14985738623768194,1.1889606218580238
28,281920,0,0.406,0.854,7,-5.181,1,0.0518,0.618,7.55e-05,0.955,0.649,174.098,4,28029.0,41,0,1.213845980717653,0.05535169000316461
2,199970,0,0.631,0.671,2,-14.281,1,0.0477,0.0246,0.266,0.136,0.858,145.911,4,886.0,11,0,0.9778755330580157,-0.3407148365810531
0,193827,0,0.486,0.327,11,-14.617,0,0.0358,0.993,0.944,0.119,0.861,104.437,4,576.0,5,2,-2.199705905047506,-0.8962991553297589
9,185093,0,0.754,0.447,0,-15.812,1,0.0409,0.00911,0.0362,0.13,0.613,125.0,4,3180.0,24,0,0.25987056355205473,0.14785573305904134
35,84400,0,0.605,0.621,10,-9.307,1,0.848,0.507,0.0,0.335,0.449,115.686,4,613060.0,90,1,-0.3019744028601162,2.035958529751513
29,279827,0,0.662,0.455,10,-13.301,1,0.0312,0.417,0.000465,0.231,0.239,125.385,4,15653.0,35,3,-0.5815294652755097,-0.6294166585899822
26,249391,0,0.636,0.81,2,-4.038,1,0.0747,0.263,0.0,0.0464,0.677,104.637,4,16086.0,42,0,1.7690620925530043,-0.4116873031614435
48,189293,0,0.619,0.955,4,-6.381,1,0.0324,0.00548,0.0,0.0433,0.952,131.988,4,12203.0,45,0,2.6970639355172756,-0.2335799578209363
0,158080,0,0.602,0.711,8,-9.064,1,0.0491,0.939,0.847,0.233,0.779,107.821,4,42.0,4,2,-0.5564890007645534,-0.4199930340689986
25,185227,0,0.776,0.212,5,-12.379,1,0.0451,0.976,0.188,0.301,0.955,94.024,4,105.0,23,3,-1.0979320733956668,1.1922399581799967
35,91760,0,0.619,0.566,1,-12.824,1,0.89,0.298,0.0,0.296,0.717,87.683,4,613060.0,90,1,-0.313978945775067,2.6256043349521434
39,219667,0,0.61,0.318,0,-10.525,1,0.0312,0.843,6.42e-06,0.198,0.376,79.99,4,28151.0,42,3,-1.4181509253166351,-0.0662709119218986
35,72547,0,0.613,0.867,2,-9.168,1,0.938,0.509,0.0,0.338,0.123,91.77,3,613060.0,90,1,-0.3600981976356654,2.041145416791832
24,270667,0,0.743,0.683,4,-9.364,0,0.0407,0.528,0.0,0.147,0.736,140.055,4,11893.0,27,0,1.0673343229609715,-0.0917230625424659
33,188293,0,0.579,0.486,0,-9.251,1,0.0429,0.443,0.0,0.0932,0.566,111.211,3,5975.0,36,3,0.028872214364567213,-0.339266016937829
33,62274,0,0.6,0.159,11,-16.989,0,0.531,0.799,0.0,0.401,0.342,101.69,3,128057.0,82,1,-2.6536926307861983,1.795917212862412
27,225052,1,0.796,0.54,8,-6.018,1,0.358,0.216,0.0,0.0658,0.458,143.013,4,1652.0,33,0,1.0992542884773637,0.22187331513503786
21,172253,0,0.618,0.832,0,-2.769,1,0.0287,0.0528,0.000628,0.155,0.763,154.077,4,4854.0,31,0,2.596554841743916,-0.4288356879167329
23,134160,0,0.606,0.0252,11,-26.402,0,0.0486,0.851,1.6e-06,0.647,0.468,124.976,4,41.0,30,3,-3.441458070746844,1.2140278313716493
60,181750,0,0.618,0.787,7,-7.428,1,0.0514,0.016,0.873,0.172,0.538,90.022,4,1558891.0,67,2,0.6441476179413821,-1.0196755066819738
32,237400,0,0.572,0.811,6,-8.44,0,0.0284,0.132,0.0,0.247,0.847,135.29,4,10837.0,32,0,1.801688225816244,-0.2225998448673191
15,297667,0,0.524,0.85,8,-4.532,1,0.0387,0.0998,5.21e-05,0.111,0.444,174.014,4,613.0,12,0,2.0293254146856565,-1.6497648050686162
26,474227,0,0.358,0.284,10,-14.87,1,0.0347,0.256,6.63e-05,0.106,0.216,115.994,3,2901.0,37,3,-1.3466521667038465,-2.2553602972745943
31,211480,0,0.555,0.597,0,-10.861,1,0.226,0.0374,1.1e-06,0.0552,0.699,74.879,4,3685.0,26,0,0.5094217331596872,0.18826543788625402
9,222000,0,0.426,0.19,8,-17.918,1,0.031,0.756,3.95e-06,0.113,0.344,97.176,4,26075.0,37,3,-2.566480207012381,-0.7319451321970518
36,65747,0,0.625,0.456,2,-10.91,0,0.152,0.00172,1.28e-06,0.302,0.665,154.632,4,613060.0,90,0,0.7260232950400044,0.5436048901805813
22,187945,0,0.68,0.229,11,-15.442,0,0.953,0.777,0.0,0.137,0.319,99.827,3,516.0,41,1,-2.2886252936275358,1.9203595561676903
37,193813,0,0.783,0.653,5,-8.892,1,0.0604,0.365,2.76e-05,0.0828,0.964,172.66,4,2195.0,32,0,1.7984730835001153,0.19315871157804124
0,126707,0,0.366,0.183,8,-14.947,1,0.0319,0.864,0.0,0.0888,0.572,89.287,4,47083.0,39,3,-2.3308970359503802,-0.306134569731044
18,242365,0,0.597,0.719,2,-7.097,1,0.0402,0.27,3.09e-06,0.0741,0.896,99.783,4,1275.0,18,0,1.4414970213932856,-0.13373531140782213
6,253573,0,0.748,0.725,5,-7.408,0,0.0473,0.562,0.00817,0.191,0.838,90.172,4,16100.0,34,0,1.110927236297847,0.5179586320703262
29,89413,0,0.656,0.243,4,-9.745,1,0.0582,0.276,0.0,0.115,0.762,146.97,3,10636.0,46,0,0.2033880300321128,0.24061818610635557
4,155627,0,0.574,0.863,5,-7.555,1,0.0766,0.784,0.93,0.142,0.767,117.232,4,1433.0,20,2,0.08296589054076745,-0.8464815465633609
18,198733,0,0.61,0.745,2,-6.161,0,0.0649,0.0311,0.0,0.353,0.781,125.3,4,2710.0,17,0,1.8824787219035668,0.2042946609251237
29,206373,0,0.488,0.873,6,-3.791,0,0.0293,3.54e-05,1.2e-05,0.0585,0.71,98.474,4,631.0,18,0,2.050105169441274,-0.7136430688389659
58,224040,0,0.601,0.427,8,-7.34,1,0.0328,0.783,0.0,0.134,0.298,137.007,4,11483.0,50,3,-0.5016834891539143,-0.82020833594457
0,234005,0,0.521,0.865,9,-6.714,1,0.0391,0.000104,0.796,0.295,0.592,142.002,4,874.0,7,2,1.2500594603526718,-1.508140376562861
43,207893,0,0.742,0.946,2,-3.629,1,0.0651,0.173,1.48e-06,0.0251,0.959,142.618,4,25343.0,35,0,3.0091214996501217,-0.025306032354086228
3,194199,0,0.585,0.826,7,-3.483,1,0.0655,0.00494,5.54e-05,0.129,0.178,130.973,4,3520.0,26,0,1.6011272818140552,-1.1055594044193329
40,274853,0,0.613,0.456,3,-9.001,1,0.0546,0.407,0.000329,0.105,0.645,77.001,4,1070436.0,63,3,0.025940348051889568,-0.1626640978799797
50,184787,0,0.229,0.138,3,-18.358,0,0.0364,0.981,0.919,0.119,0.0662,66.618,3,8027.0,53,2,-4.691090554780934,-2.119154305632994
49,265693,0,0.751,0.804,5,-4.834,0,0.204,0.266,0.0,0.0954,0.585,90.952,4,37221.0,41,0,1.593396792733806,0.19863127402484299
2,51600,0,0.468,0.271,2,-16.692,1,0.0313,0.835,0.986,0.418,0.898,96.113,4,672.0,13,2,-2.5212670261891432,0.14891365441487922
5,167509,0,0.437,0.339,3,-9.769,1,0.0273,0.451,0.0,0.257,0.338,98.671,3,278.0,14,3,-1.0057681668598404,-0.5361253537012601
2,192250,0,0.33,0.171,9,-15.721,1,0.0402,0.981,0.0181,0.322,0.598,72.245,4,4910.0,13,3,-2.737720757068017,0.003989005029510192
10,170468,0,0.507,0.265,10,-14.99,1,0.0246,0.676,0.118,0.137,0.2,79.486,4,1159.0,19,3,-2.288836726124642,-0.5736464382440051
36,256493,0,0.369,0.554,4,-5.458,0,0.0283,0.133,4.34e-06,0.332,0.146,150.018,4,60173.0,44,3,0.37362739736494743,-1.6708570011767192
49,162000,0,0.566,0.0709,10,-15.734,1,0.0304,0.972,3.12e-05,0.104,0.338,99.979,4,11649.0,47,3,-2.7047171398763616,-0.19152901209820022
35,70893,0,0.69,0.461,0,-9.999,1,0.103,0.00138,0.0,0.395,0.714,153.828,4,613060.0,90,0,1.0099658322088285,0.8105055547913219
48,245813,0,0.442,0.953,10,-2.667,1,0.069,0.00132,0.0,0.327,0.44,145.015,4,28709.0,38,0,2.186320567570176,-1.0942243367302804
23,103933,0,0.217,0.261,2,-19.097,1,0.089,0.928,0.798,0.714,0.092,117.846,4,28460.0,64,2,-4.130039505669014,-0.8994965424535462
7,605040,0,0.657,0.0698,1,-23.183,1,0.535,0.889,0.0,0.518,0.414,109.84,4,15042.0,32,3,-3.034360995677559,0.5146514813515483
10,291265,0,0.347,0.149,9,-15.645,1,0.0294,0.805,0.0596,0.173,0.199,81.077,4,3049.0,25,3,-2.9240333378525634,-1.222477962134884
27,156707,0,0.378,0.568,5,-8.679,1,0.0415,0.537,0.0,0.133,0.606,122.862,4,761042.0,66,3,-0.08140660850791946,-0.720444233937754
0,195533,0,0.738,0.258,3,-8.462,1,0.0387,0.861,0.0,0.123,0.811,112.941,4,63623.0,43,3,-0.37787681195178024,0.48919353899060203
15,249078,0,0.705,0.518,10,-11.121,1,0.0371,0.409,2.53e-05,0.295,0.803,96.337,4,25322.0,42,0,0.39245323797168163,0.5691141526193687
27,65973,0,0.407,0.0559,2,-27.483,1,0.034,0.423,0.0605,0.136,0.249,78.919,4,1248.0,34,3,-3.828159565795434,-0.1204057715468232
20,264093,0,0.245,0.601,4,-7.477,1,0.0351,0.481,0.503,0.312,0.403,89.254,4,4460.0,30,2,-0.863079634018277,-1.6940730149426375
43,122467,0,0.245,0.191,2,-18.469,1,0.0376,0.935,0.0411,0.0501,0.218,96.034,3,1554.0,33,3,-3.4286663768466172,-1.1049778837764404
47,338200,0,0.626,0.991,6,-8.24,1,0.12,0.0249,0.625,0.142,0.0924,118.69,4,957081.0,67,2,0.8910137468126543,-1.933999836403353
14,91280,0,0.503,0.0265,7,-19.769,0,0.038,0.969,0.0,0.0892,0.142,101.425,4,684.0,24,3,-3.617067790045716,-0.2918989037040348
7,237587,0,0.606,0.53,0,-8.761,1,0.0266,0.511,0.0,0.631,0.804,96.663,4,452001.0,58,0,0.3191697436346062,0.9153034109958939
27,244400,0,0.18,0.818,7,-6.491,1,0.0437,0.000177,9.85e-05,0.132,0.319,189.436,4,26842.0,39,0,1.227492965989212,-2.5663586387249158
41,245527,0,0.294,0.729,2,-6.874,0,0.0377,0.41,0.0,0.0798,0.351,141.014,4,373213.0,54,3,0.350903724921298,-1.874013680385725
7,299560,0,0.688,0.858,5,-5.139,0,0.0446,0.215,0.000211,0.0487,0.816,83.007,4,23580.0,38,0,2.003163563368411,-0.16891532180515256
0,253533,0,0.508,0.137,5,-21.347,1,0.0621,0.995,0.936,0.105,0.161,64.527,4,785.0,17,2,-4.434095270106488,-1.4149334210934705
11,178533,0,0.892,0.617,1,-7.115,0,0.0356,0.647,0.0,0.0421,0.937,123.792,4,615.0,23,0,1.3461082127678896,0.7604472616258401
20,244000,0,0.712,0.344,7,-10.284,0,0.0274,0.0499,5.94e-06,0.195,0.386,82.099,4,1530.0,24,3,-0.03527627360085551,-0.0950036099924575
0,165000,0,0.622,0.342,10,-8.216,1,0.0312,0.212,3.06e-05,0.11,0.734,146.875,4,1224.0,2,0,0.6405151976203809,-0.2595806080916764
46,278668,0,0.37,0.447,10,-7.176,1,0.0296,0.0428,0.0,0.0924,0.375,184.766,3,113250.0,63,0,0.6543983099063928,-2.1280231478685816
37,360920,0,0.68,0.335,10,-10.764,1,0.029,0.382,1.41e-05,0.0896,0.284,141.565,4,35085.0,33,3,-0.27345168103407197,-1.2337306386071225
30,61661,0,0.592,0.426,9,-15.598,1,0.949,0.663,0.0,0.222,0.715,176.961,5,79023.0,76,1,-0.9213444227048301,2.148196612149526
28,95787,0,0.765,0.522,8,-12.753,1,0.877,0.653,0.0,0.3,0.599,90.377,3,23593.0,71,1,-0.7861008908071888,2.896421881228355
4,62040,0,0.656,0.04,4,-23.934,0,0.726,0.952,0.0,0.0776,0.309,88.185,4,10347.0,23,1,-3.9319164993216895,2.0083736602059234
15,318387,0,0.56,0.857,8,-7.959,0,0.03,0.0529,0.494,0.365,0.757,128.983,4,6558.0,29,0,1.5227880574512163,-0.9276850526111211
28,299027,0,0.618,0.373,5,-16.668,0,0.0376,0.129,0.0,0.0378,0.691,164.352,4,499222.0,54,0,0.09548848876271417,-0.8700383950295242
38,66547,0,0.715,0.659,11,-11.022,0,0.929,0.575,0.0,0.174,0.464,105.589,4,613060.0,90,1,-0.38090515647136225,2.399594706434786
0,187160,0,0.749,0.361,8,-11.349,1,0.101,0.98,0.792,0.0581,0.876,117.609,4,21786.0,34,2,-1.1386877735325698,-0.15228030249212152
44,238667,0,0.52,0.45,11,-5.886,1,0.0298,0.537,0.0,0.969,0.622,144.067,4,25074.0,31,0,0.2828514333009012,0.6961128097991282
11,262047,0,0.736,0.661,0,-7.065,1,0.0429,0.0968,0.0121,0.109,0.744,137.042,4,29783.0,37,0,1.8159415577336298,-0.2755523286282785
26,196680,0,0.256,0.0723,0,-20.845,1,0.0454,0.968,1.24e-05,0.0922,0.0616,62.931,4,9.0,37,3,-4.31446622154926,-1.0740682266861612
41,202987,0,0.495,0.0768,10,-24.504,0,0.0414,0.979,0.915,0.109,0.227,108.194,3,46492.0,50,2,-4.532691687945069,-1.4617812578426557
40,88333,0,0.719,0.469,7,-12.675,0,0.881,0.696,0.0,0.187,0.685,92.305,3,613060.0,90,1,-0.8963838174000328,2.707667694293362
2,113622,0,0.723,0.12,5,-18.074,1,0.941,0.891,0.0,0.134,0.252,95.873,3,353.0,8,1,-3.048753350181473,2.2921730786402565
23,248267,0,0.531,0.664,4,-9.647,0,0.0526,0.166,0.00011,0.166,0.569,119.316,3,17884.0,37,0,0.7709560769805937,-0.6433985920931876
56,215625,0,0.583,0.433,10,-8.309,0,0.0501,0.746,0.0,0.133,0.22,127.513,4,311478.0,55,3,-0.7442907380167525,-0.8201312781864712
33,198693,0,0.791,0.286,7,-14.283,1,0.0364,0.364,0.0121,0.0938,0.872,96.741,4,1237.0,23,0,-0.17486642491500254,0.7393144632572337
24,207067,0,0.405,0.487,5,-11.149,1,0.0326,0.732,0.0,0.482,0.455,118.392,4,35730.0,42,3,-0.978222830267291,-0.24817494852558322
27,261653,0,0.623,0.761,9,-6.695,1,0.0277,0.0267,0.0,0.33,0.543,141.839,4,25331.0,43,0,1.743591183738969,-0.49919368607576853
8,191800,0,0.764,0.556,7,-11.284,1,0.0625,0.372,0.0,0.169,0.764,130.535,4,371.0,14,0,0.7439182895980427,0.43401578161307014
32,440147,0,0.47,0.787,11,-6.434,0,0.0399,0.117,0.0835,0.0942,0.199,156.035,4,10032.0,34,0,1.1690871881492357,-2.510899100407003
8,175320,0,0.75,0.427,9,-12.676,1,0.0297,0.31,6.36e-05,0.151,0.746,130.313,4,7137.0,31,0,0.3544195000981443,0.35650818469184464
72,151750,0,0.133,0.00512,9,-33.295,1,0.038,0.993,0.851,0.0954,0.0495,67.818,4,574.0,60,2,-6.683000140746365,-1.9304014171583912
36,76027,0,0.605,0.513,8,-9.824,1,0.944,0.287,0.0,0.402,0.459,76.472,3,613060.0,90,1,-0.5917496745258034,2.653755802354542
49,173400,1,0.942,0.688,2,-9.351,1,0.0543,0.189,4.48e-05,0.118,0.0735,126.001,4,147897.0,55,0,0.8356354599072718,-0.058903042732167496
46,229507,0,0.682,0.821,6,-5.12,0,0.267,0.167,0.0,0.548,0.654,157.057,4,284005.0,64,0,2.033526323377147,0.6845217761972126
34,160418,0,0.692,0.78,1,-6.814,1,0.0409,0.258,0.0,0.302,0.865,105.532,4,2288.0,46,0,1.6902014670157455,0.7171670546250597
17,198667,0,0.758,0.522,7,-8.925,1,0.0377,0.854,1.79e-05,0.129,0.316,115.968,4,88367.0,47,3,-0.425653285121655,-0.10518714986654557
24,170400,0,0.484,0.32,4,-15.233,0,0.0321,0.873,0.0,0.17,0.35,132.987,4,23135.0,38,3,-1.8673105535251162,-0.5917538007907381
9,241058,0,0.362,0.487,5,-8.075,1,0.0324,0.71,1.14e-05,0.0906,0.302,168.759,4,7139.0,24,3,-0.5038991713017532,-1.8173593815068605
35,78293,0,0.545,0.604,10,-7.069,0,0.408,0.579,0.0,0.315,0.371,66.136,5,613060.0,90,1,-0.5353170869499901,1.1805184981545238
36,247747,0,0.626,0.526,8,-9.566,1,0.0344,0.507,0.0,0.124,0.123,136.015,4,12782.0,40,3,-0.3118727161533193,-1.0859425124968745
29,416682,0,0.507,0.448,2,-15.347,0,0.0482,0.547,5.25e-05,0.649,0.394,83.946,4,7094.0,36,3,-1.2725206590340772,-0.13073335374823541
19,285453,0,0.411,0.919,0,-6.564,1,0.0714,1.47e-05,0.26,0.276,0.304,98.562,4,3834.0,26,0,1.001255728859259,-1.4167335299687505
35,200680,0,0.589,0.29,11,-9.631,0,0.0281,0.432,0.0,0.117,0.435,122.965,4,23319.0,35,3,-0.5033135222073256,-0.5668566473846838
24,246152,0,0.542,0.233,5,-14.688,0,0.0303,0.792,0.000115,0.119,0.215,110.449,4,382.0,12,3,-2.066889166964701,-0.8186237832085963
10,264867,0,0.519,0.482,0,-12.436,1,0.0505,0.815,0.000354,0.17,0.483,127.644,4,1535.0,14,3,-0.8839152106559339,-0.6661023995392421
31,199733,0,0.427,0.207,7,-14.233,0,0.0372,0.964,0.0021,0.132,0.219,136.076,4,8234.0,34,3,-2.367304512082066,-1.0741299253594099
9,218173,0,0.632,0.92,7,-7.47,1,0.0384,0.0157,0.0133,0.0493,0.735,113.287,4,4224.0,33,0,2.110642493383532,-0.3899400234224689
35,197000,0,0.728,0.948,7,-3.22,1,0.0501,0.159,0.0,0.284,0.816,119.963,4,89.0,22,0,2.6828663224309133,0.3951811309850452
17,247974,0,0.699,0.422,2,-10.343,0,0.036,0.933,0.000132,0.188,0.802,122.248,4,4320.0,21,3,-0.29176800448345125,0.2857807933982982
39,74800,0,0.678,0.493,1,-13.109,1,0.952,0.58,0.0,0.492,0.533,98.233,3,613060.0,90,1,-1.0372738736500617,3.102497413329125
22,106040,0,0.516,0.152,0,-15.085,1,0.0387,0.883,0.0,0.732,0.453,83.024,3,5273.0,50,3,-2.4947160596675966,1.2575694111577798
26,218467,0,0.829,0.768,6,-14.093,1,0.0784,0.0437,0.763,0.0745,0.631,119.024,4,939177.0,76,2,0.6418056508766579,-0.548596985671497
12,169209,0,0.611,0.426,0,-8.511,1,0.0325,0.472,5.47e-05,0.0989,0.314,108.65,4,334.0,27,3,-0.3752367634578852,-0.4963505797067223
17,273307,0,0.693,0.784,0,-5.594,0,0.0355,0.156,0.0,0.078,0.735,112.886,4,18877.0,33,0,1.9486392932424976,-0.3476496622875956
5,222608,0,0.753,0.611,8,-6.016,1,0.122,0.584,3.44e-05,0.201,0.897,133.907,4,1695.0,17,0,1.2897316622071506,0.558728838038749
25,267240,0,0.343,0.48,0,-9.079,0,0.026,0.696,2.94e-06,0.177,0.269,80.778,4,50436.0,42,3,-1.2378953610174652,-1.1916005071325944
37,191187,0,0.715,0.729,1,-6.12,1,0.413,0.0926,0.0,0.12,0.77,125.897,5,12751.0,34,0,1.7977061324244288,0.803424441319474
22,213240,0,0.256,0.908,9,-8.294,1,0.0663,0.00607,0.000157,0.382,0.41,179.821,4,331.0,20,0,1.3531773974959789,-1.5440398916870954
14,241933,0,0.341,0.0556,0,-21.836,1,0.0487,0.993,0.927,0.176,0.183,79.622,4,137.0,20,2,-4.812467987134103,-1.7673192346739746
4,360547,0,0.613,0.24,7,-16.512,0,0.039,0.953,0.805,0.0821,0.568,103.034,4,466010.0,66,2,-2.499504600181427,-1.355719210780557
38,267887,0,0.382,0.301,10,-15.531,1,0.0359,0.903,0.925,0.132,0.128,146.28,3,3163.0,42,2,-3.0336269533536924,-2.5810297224533447
40,222333,0,0.736,0.752,4,-12.295,0,0.0509,0.101,0.0,0.0524,0.874,92.005,4,6065.0,28,0,1.3417700875078598,0.37512252038959165
14,139347,0,0.557,0.47,4,-8.383,1,0.0284,0.384,3.43e-06,0.248,0.428,103.679,3,21703.0,43,3,-0.1490661421912549,-0.12313566428024014
22,206811,0,0.647,0.722,2,-6.01,1,0.0288,0.0024,0.0,0.0708,0.663,117.841,4,32725.0,35,0,1.7998401775015236,-0.41693136744565684
6,214840,0,0.432,0.802,4,-10.012,0,0.0726,0.00666,0.0,0.412,0.564,103.985,4,4284.0,28,0,0.9317385299337732,-0.2334310223662521
0,161547,0,0.605,0.212,0,-19.574,1,0.472,0.974,0.00024,0.171,0.808,206.891,4,641.0,19,3,-1.6175017142922523,0.8236401834765935
46,244267,0,0.444,0.807,4,-3.975,0,0.048,0.436,0.0,0.203,0.849,167.121,4,28088.0,42,0,1.8384445412860375,-0.8700184499347585
9,172587,0,0.453,0.925,7,-4.872,1,0.12,0.0437,0.0,0.251,0.716,83.107,4,14014.0,40,0,1.759307452192397,-0.0006600806399092577
21,226120,0,0.468,0.827,7,-3.973,1,0.069,0.0997,0.0,0.733,0.547,161.256,4,81040.0,43,0,1.8572084027840317,-0.1417154701617887
27,248107,0,0.579,0.503,2,-7.803,1,0.0311,0.000211,6.1e-05,0.107,0.537,164.046,4,541493.0,52,0,1.1704379034008192,-1.0998071323798528
32,90013,0,0.696,0.445,10,-11.781,1,0.898,0.785,0.0,0.141,0.714,113.764,4,2154.0,43,1,-0.8408243041250824,2.4769513825535405
67,204240,0,0.459,0.864,1,-4.397,1,0.059,0.011,3.36e-06,0.314,0.623,74.867,4,4755356.0,85,0,1.590074411087769,-0.17105074145703072
2,227413,0,0.646,0.646,9,-6.687,0,0.0279,0.0496,0.47,0.186,0.499,132.128,4,1048.0,19,0,0.9887837148539147,-1.0498827116781018
22,41800,0,0.763,0.605,5,-5.603,1,0.248,0.697,1.39e-05,0.0726,0.486,183.714,4,2204.0,36,0,0.7999344487058955,0.3771214962342432
20,223400,0,0.569,0.607,7,-15.267,1,0.903,0.944,0.0,0.901,0.194,117.335,4,42365.0,42,1,-1.939686262382847,2.5260497636184245
25,187693,0,0.466,0.168,2,-15.796,0,0.0324,0.942,4.95e-05,0.187,0.203,97.028,4,12654.0,43,3,-2.8071900724980487,-0.5426459025384209
50,143973,0,0.739,0.422,7,-11.511,1,0.0907,0.578,0.000178,0.077,0.608,122.81,4,382527.0,66,3,-0.1913580790153343,0.3513796348041265
27,233064,0,0.536,0.751,7,-5.095,0,0.0653,0.144,0.000259,0.189,0.38,150.041,4,145274.0,48,0,1.4041705662448951,-1.0740508884952322
30,149158,0,0.512,0.804,7,-5.296,1,0.0302,0.0138,2.54e-05,0.0818,0.557,139.921,4,25331.0,43,0,1.7845061901380905,-0.8620565210126808
17,210373,0,0.685,0.525,9,-11.889,0,0.0361,0.0836,8.89e-05,0.0899,0.74,141.731,4,37832.0,43,0,0.9544498907855521,-0.200376343142027
29,174227,0,0.756,0.374,4,-6.555,0,0.0308,0.788,0.0,0.105,0.327,124.042,4,56279.0,45,3,-0.36800489145797044,-0.18354883183225523
35,77933,0,0.614,0.49,9,-8.62,1,0.553,0.287,0.0,0.31,0.442,81.895,3,613060.0,90,1,-0.3056870509577021,1.601084549673031
25,256853,0,0.556,0.547,1,-9.831,1,0.0356,0.338,2.96e-05,0.126,0.22,167.211,4,8918.0,31,3,0.16103040889681677,-1.4388235859823428
36,63978,0,0.745,0.648,6,-14.429,1,0.946,0.75,0.0,0.39,0.575,89.995,3,128057.0,82,1,-0.9402879235681252,3.2814377967814137
36,229956,1,0.778,0.77,1,-5.035,1,0.548,0.0848,0.0,0.976,0.809,101.521,4,35559.0,42,1,1.8637641505098352,2.883878186329733
9,165000,0,0.321,0.315,2,-13.257,1,0.034,0.776,2.09e-05,0.397,0.411,135.523,1,2963.0,23,3,-1.742806176096402,-0.5877074956048616
16,82453,0,0.672,0.527,2,-11.542,1,0.0498,0.65,0.164,0.305,0.852,87.74,4,747.0,33,0,-0.25561679466450926,1.1079347262419026
47,221347,0,0.704,0.806,11,-7.093,0,0.0486,0.000271,0.0304,0.108,0.357,138.86,4,14329.0,48,0,1.6743472810743194,-0.7540721548163899
23,115080,0,0.643,0.618,5,-7.779,0,0.0456,0.609,0.0,0.585,0.914,105.882,4,282.0,11,0,0.6645981835727045,1.4460869907225045
63,182267,1,0.728,0.628,6,-8.83,0,0.319,0.351,0.0,0.198,0.313,94.128,4,5302006.0,83,0,0.174271299142496,0.6111087935768356
43,236960,0,0.565,0.448,8,-9.212,1,0.0262,0.461,0.0,0.174,0.35,143.703,4,13060.0,43,3,-0.146124938444939,-0.9234157584119176
33,248413,0,0.52,0.508,0,-10.49,1,0.0379,0.767,0.00977,0.316,0.803,105.89,4,27136.0,44,3,-0.30655256842984796,0.1207778697934743
50,172059,1,0.732,0.75,2,-6.477,1,0.0855,0.208,9.63e-05,0.128,0.539,159.914,4,4981.0,39,0,1.72236915669946,-0.25644481262109237
7,130267,0,0.64,0.0968,9,-22.981,0,0.0849,0.906,0.888,0.0791,0.198,116.929,4,47249.0,43,2,-4.018359906102232,-0.9214430155020674
36,174667,0,0.691,0.838,1,-6.464,1,0.0384,0.366,0.0,0.249,0.858,81.975,4,44268.0,47,0,1.5622328862300585,0.7406970501805251
1,175919,0,0.623,0.061,2,-22.953,1,0.0674,0.936,0.00167,0.0743,0.385,144.864,3,284.0,8,3,-2.983182227529596,-0.19551935680117266
1,205080,0,0.458,0.396,11,-9.858,1,0.0714,0.948,0.608,0.352,0.838,94.278,4,1204.0,9,2,-1.4007437968930545,-0.2221503844545217
1,128100,0,0.669,0.12,8,-26.56,1,0.923,0.718,0.0,0.697,0.6,79.095,4,1930.0,40,1,-3.479428277044456,3.77996758148263
27,59310,0,0.624,0.58,5,-13.9,1,0.876,0.833,0.0,0.112,0.608,175.977,3,79023.0,76,1,-0.6855026900182456,1.75344934215106
42,92413,0,0.62,0.679,8,-13.941,1,0.891,0.391,0.0,0.357,0.536,127.869,4,613060.0,90,1,-0.2900883632582619,2.2599638135297924
20,431827,0,0.414,0.885,9,-7.274,1,0.116,0.00201,0.119,0.675,0.367,88.018,4,39913.0,49,0,1.0082492511394625,-0.7601692706845591
0,221156,0,0.233,0.319,9,-15.912,0,0.0408,0.904,0.937,0.441,0.294,125.258,4,898.0,19,2,-3.27530985673848,-1.885251933578652
1,93391,0,0.689,0.205,2,-14.085,1,0.085,0.94,5.21e-05,0.915,0.926,112.078,4,74.0,6,1,-1.3097576999984353,2.541930186015069
46,254587,0,0.696,0.574,0,-6.124,1,0.115,0.00711,1.12e-05,0.0751,0.339,124.963,4,225205.0,59,0,1.1406373789702624,-0.6961331459395834
0,418182,0,0.605,0.963,10,-6.684,1,0.0662,0.00143,0.902,0.104,0.544,131.998,4,111.0,2,2,1.5281609035678243,-2.312351076267993
15,183276,0,0.463,0.634,0,-9.896,0,0.0353,0.581,6.61e-06,0.0741,0.685,101.826,4,2878.0,25,3,0.0147361901408292,-0.4283990092337223
11,202840,0,0.522,0.694,0,-6.089,1,0.0342,0.28,0.00102,0.181,0.696,136.533,4,366.0,17,0,1.2889817916800037,-0.5439894807417688
33,275491,1,0.541,0.917,7,-8.68,1,0.0282,0.000786,1.89e-05,0.0833,0.85,75.004,3,252814.0,56,0,1.8050105069250602,-0.324967429945506
31,220653,0,0.641,0.612,1,-9.924,1,0.0318,0.767,0.000145,0.171,0.572,124.019,4,6558.0,29,3,0.003953429279531357,-0.17341635210180809
61,150000,0,0.736,0.639,7,-6.206,0,0.219,0.492,6.54e-05,0.111,0.407,147.924,4,136411.0,58,0,0.795150274033553,0.07402503960577211
30,134699,0,0.75,0.528,0,-9.347,1,0.0363,0.759,0.0,0.256,0.968,133.816,4,94337.0,50,0,0.5805397416573586,0.9764974661264656
40,287800,0,0.541,0.391,10,-8.571,1,0.023,0.603,3.04e-06,0.233,0.284,76.864,4,5986.0,33,3,-0.9330532024992553,-0.625241793168377
50,223627,0,0.743,0.724,2,-9.277,1,0.026,0.03,6.16e-05,0.0977,0.83,118.151,4,20654.0,40,0,1.8164181066473066,0.0977337758936635
11,229042,0,0.629,0.966,8,-6.945,0,0.037,0.12,0.0,0.0957,0.961,145.219,4,7013.0,35,0,2.637234267408824,-0.28398260469182945
36,237600,0,0.578,0.505,9,-6.61,0,0.0267,0.0963,3.4e-06,0.138,0.322,101.987,3,654149.0,59,0,0.4705805756944767,-0.832631323528128
44,185640,0,0.684,0.923,0,-5.052,1,0.142,0.121,0.0,0.195,0.564,127.903,4,89445.0,38,0,2.0999786450053737,0.011706108056504709
13,698467,0,0.568,0.721,7,-9.4,1,0.862,0.747,0.0,0.836,0.762,88.806,3,9607.0,33,1,0.09766900904683702,1.4349305549729938
32,243693,0,0.7,0.5,0,-10.939,1,0.0478,0.47,0.0,0.11,0.749,83.058,4,208303.0,61,0,0.13763557123843712,0.3009051066088982
46,253827,0,0.398,0.889,8,-5.633,1,0.392,0.386,0.0,0.0691,0.319,87.773,4,2701496.0,84,0,0.503241494460876,-0.6049881787928876
20,261640,0,0.338,0.89,7,-9.177,1,0.137,0.165,0.00012,0.235,0.615,193.438,4,2974.0,20,0,1.5153891167626008,-1.404516694111495
40,230160,0,0.622,0.645,0,-6.794,0,0.0261,0.0354,1.51e-05,0.147,0.636,137.745,4,15093.0,41,0,1.5602007267303024,-0.5751390197109408
36,70933,0,0.543,0.493,2,-11.145,1,0.485,0.369,0.0,0.679,0.243,121.982,3,613060.0,90,1,-0.8142387763345641,1.507393945180466
36,107733,0,0.637,0.503,0,-11.561,0,0.612,0.146,0.0,0.355,0.436,62.811,4,613060.0,90,1,-0.492827692001542,1.9242884756037857
33,70309,0,0.748,0.208,6,-15.337,0,0.935,0.708,0.0,0.182,0.617,112.507,3,128057.0,82,1,-1.719474307292175,2.798413911595242
9,110167,0,0.786,0.494,7,-8.567,0,0.111,0.812,0.0,0.157,0.495,77.936,4,22133.0,70,3,-0.45180452661564385,0.954893055930806
2,207573,0,0.49,0.398,5,-11.628,0,0.109,0.879,0.0,0.401,0.791,65.015,4,41.0,6,3,-1.2143189674880557,0.8387518972626731
13,282667,0,0.557,0.91,4,-8.969,0,0.0566,0.0735,0.0,0.263,0.658,141.627,4,65701.0,47,0,1.8311323411470684,-0.616896376842024
29,160052,1,0.613,0.778,5,-6.081,0,0.305,0.649,0.0,0.0771,0.942,105.987,1,25404.0,36,0,1.1130889384284557,0.8219283501626397
14,235520,0,0.58,0.936,5,-8.925,1,0.371,0.249,0.0,0.747,0.887,110.172,4,690.0,11,0,1.5568809468147486,1.6961346876126648
35,201067,0,0.657,0.767,2,-7.816,1,0.0432,0.158,0.0,0.325,0.415,113.042,4,2890.0,27,0,1.1146855984158603,-0.07461173984653302
0,478052,0,0.354,0.273,4,-12.054,0,0.0382,0.926,0.00386,0.0507,0.259,145.374,4,22.0,0,3,-1.7551991990457214,-2.4360077178454653
7,169867,0,0.612,0.561,5,-11.409,1,0.0368,0.767,1.25e-06,0.38,0.679,99.853,4,4237.0,28,3,-0.3881663939775856,0.6591291152825747
22,298440,0,0.545,0.363,1,-15.084,0,0.0255,0.319,0.0,0.105,0.315,84.578,4,559189.0,60,3,-1.1587547042889528,-0.8279185031666658
27,195240,0,0.568,0.313,8,-10.813,1,0.0328,0.759,0.0,0.144,0.357,120.192,4,300488.0,56,3,-1.1872673941388208,-0.5190300773162574
22,96333,0,0.775,0.377,1,-13.409,1,0.0297,0.128,0.0,0.0364,0.883,102.491,4,275.0,26,0,0.4213326471293628,0.8273243794920078
41,211533,0,0.791,0.589,7,-8.633,1,0.129,0.504,2.74e-06,0.0417,0.829,83.13,4,7940.0,42,0,0.7341075039932203,0.7428952793549399
22,285840,0,0.635,0.729,6,-5.798,1,0.0345,0.557,0.0,0.124,0.819,164.002,4,11140.0,34,0,1.6035576757779064,-0.6247486579407969
0,32613,0,0.328,0.643,4,-18.885,0,0.148,0.644,0.195,0.133,0.0324,123.012,4,1665.0,15,3,-2.239658756783353,-0.8876287860671983
18,294011,0,0.579,0.771,2,-5.263,1,0.0295,0.000837,0.0,0.156,0.341,108.987,4,36661.0,35,0,1.4419117736863554,-1.0840256261529955
33,95129,0,0.747,0.351,10,-13.286,0,0.93,0.696,0.0,0.351,0.64,98.203,3,128057.0,82,1,-1.2379305424432012,3.085225834323333
23,324707,0,0.444,0.385,4,-9.496,0,0.0415,0.781,0.0,0.207,0.373,110.293,5,25298.0,30,3,-1.0908794950071812,-1.0852766835782097
10,182627,0,0.666,0.638,8,-6.719,0,0.0252,0.133,1.18e-05,0.193,0.734,113.045,4,9834.0,36,0,1.4227158926136128,0.10628930995803909
14,295333,0,0.519,0.902,8,-3.568,1,0.12,0.0459,0.0,0.254,0.902,159.886,4,8234.0,34,0,2.7693138943675337,-0.5949077844982079
36,241173,0,0.702,0.939,4,-2.728,0,0.26,0.401,0.0419,0.307,0.569,139.859,4,8585.0,36,0,2.0407235285458354,0.21414911628909247
29,91267,0,0.517,0.744,0,-6.559,1,0.734,0.71,0.0,0.644,0.446,159.893,4,23593.0,71,1,0.13197624314940765,1.764140819593689
38,150622,0,0.402,0.625,4,-7.378,1,0.0634,0.302,2.93e-05,0.335,0.685,203.9,4,72222.0,61,0,1.1302370237536485,-0.8036858146096039
3,239173,0,0.468,0.511,7,-5.429,0,0.0347,0.587,2.67e-06,0.0919,0.642,146.546,4,3285.0,30,0,0.46774092352431207,-1.0333877268100935
1,150000,0,0.439,0.524,1,-6.221,1,0.0304,0.01,8.38e-05,0.133,0.325,119.543,4,30047.0,35,0,0.5043688472088773,-1.0554489780115939
0,198120,0,0.521,0.429,8,-17.734,1,0.0452,0.986,0.892,0.212,0.707,142.183,4,425.0,7,2,-2.1580710182740037,-0.9846669439244808
39,81280,0,0.691,0.555,10,-11.189,0,0.918,0.559,0.0,0.416,0.423,82.063,3,613060.0,90,1,-0.8708686426760801,2.8368040717757177
12,405000,0,0.534,0.522,10,-12.591,0,0.08,0.723,0.901,0.6,0.0647,165.895,4,80466.0,54,2,-1.6681850945920202,-2.0180983349977333
17,307973,0,0.569,0.6,6,-10.33,1,0.271,0.39,0.0,0.0898,0.932,129.822,4,1385393.0,70,0,0.8118538633751128,0.013424593751528099
40,245840,0,0.655,0.719,5,-4.532,1,0.0539,0.109,0.0,0.0335,0.915,160.245,4,24665.0,41,0,2.438953844364556,-0.5489857234685552
36,70320,0,0.626,0.363,1,-16.792,1,0.465,0.0328,0.0,0.153,0.441,98.463,3,613060.0,90,1,-0.9057164496397491,1.1851527350487308
22,209707,0,0.468,0.392,3,-10.576,1,0.0275,0.724,0.0,0.096,0.405,90.327,4,450319.0,62,3,-1.2116854322043629,-0.6719107203079523
0,189753,0,0.398,0.257,3,-12.112,1,0.0761,0.988,0.00349,0.124,0.38,173.018,4,53.0,4,3,-1.6888028708128024,-1.1653882472040138
53,329038,0,0.555,0.976,2,-0.171,1,0.151,0.0298,0.00192,0.205,0.379,164.967,4,25175.0,40,0,2.7214388975770984,-1.4022474416554855
51,274000,0,0.508,0.805,0,-7.484,1,0.0485,0.0151,0.00156,0.0995,0.61,200.078,4,68991.0,45,0,2.082006492410152,-1.554650449880655
66,195880,0,0.437,0.835,2,-5.076,0,0.0405,0.00145,2.27e-05,0.245,0.296,95.111,4,3025719.0,76,0,1.1425346775214635,-0.900206689273535
27,376509,0,0.785,0.332,0,-13.738,1,0.19,0.28,0.0,0.078,0.938,169.646,4,97193.0,26,0,0.7096896185639704,-0.06019449732128681
18,237293,1,0.837,0.596,7,-9.948,1,0.035,0.665,0.0,0.0767,0.969,141.507,4,5943.0,28,0,1.0837377402364918,0.45462474859902396
13,887200,0,0.351,0.419,9,-8.779,1,0.0294,0.116,6.27e-06,0.204,0.219,79.363,4,822.0,18,3,-0.20418405321507127,-3.40625233721185
46,222280,0,0.753,0.695,7,-6.896,1,0.0377,0.125,0.0,0.16,0.415,99.986,4,97826.0,43,0,1.2033469542052286,-0.13452206022566165
30,160333,0,0.777,0.296,2,-8.562,1,0.189,0.817,0.0,0.109,0.712,134.573,4,26876.0,37,3,-0.2583828878305366,0.7081782202281739
31,237273,0,0.61,0.576,8,-4.872,1,0.0399,0.427,0.0,0.0948,0.439,77.006,4,5641.0,25,0,0.3997452889782458,-0.4367869826841825
45,179583,0,0.429,0.535,8,-5.397,1,0.0464,0.2,0.0,0.144,0.432,142.807,3,8229.0,37,0,0.6397941326219546,-1.1392591519114987
4,183480,0,0.666,0.7,7,-5.221,1,0.101,0.346,5.77e-06,0.0397,0.726,93.228,5,1211.0,13,0,1.2721110761723127,0.13032183683312734
31,98520,0,0.705,0.584,1,-9.547,1,0.924,0.639,0.0,0.77,0.593,82.171,1,23593.0,71,1,-0.5351772793578472,3.6659708740117236
16,433653,0,0.41,0.952,0,-2.684,1,0.068,2.36e-05,0.000411,0.175,0.453,145.45,4,4525.0,23,0,2.2961577201712307,-2.082562049219709
24,194133,0,0.625,0.514,4,-5.707,0,0.0259,0.483,0.0,0.402,0.222,126.08,4,1699.0,23,3,0.09020411753885244,-0.3066096602750611
43,204093,0,0.565,0.957,4,-0.864,0,0.0966,0.0897,0.0,0.156,0.664,94.988,4,37247.0,47,0,2.4152726081958984,-0.26311484521629136
5,176111,0,0.536,0.922,7,-3.8,1,0.0424,0.00222,0.968,0.156,0.302,135.005,4,77324.0,48,2,1.1111488677759844,-2.071848541014875
18,269800,0,0.574,0.482,1,-6.697,1,0.0302,0.118,0.0,0.103,0.247,139.984,4,4181.0,39,0,0.5444150658457658,-1.3693094878944683
28,210939,0,0.745,0.905,11,-6.382,0,0.0473,0.0671,0.0,0.283,0.932,124.986,4,6113.0,36,0,2.6101251448621183,0.538140872475376
34,192706,0,0.398,0.151,2,-12.718,1,0.0359,0.911,1.53e-05,0.115,0.254,72.026,4,18343.0,44,3,-2.6781277327638042,-0.686913067425666
47,601302,0,0.0,2.02e-05,7,-16.262,0,0.0,0.132,0.999,0.871,0.0,0.0,0,657.0,45,2,-4.377814863844219,-2.7436124454431208
38,357068,0,0.574,0.846,1,-9.392,1,0.04,0.00223,0.0123,0.0829,0.497,109.539,4,252814.0,56,0,1.4195624305371153,-1.1683632953231875
14,146067,0,0.685,0.656,2,-8.087,1,0.0469,0.47,0.0,0.0818,0.966,77.588,4,56799.0,47,0,0.948033772855691,0.7726654097523294
3,54846,0,0.569,0.598,9,-14.59,0,0.118,0.0102,0.0385,0.105,0.794,95.043,4,886.0,11,0,0.348951677375352,0.6211528973441354
39,100288,0,0.491,0.595,6,-14.562,1,0.602,0.458,0.0,0.352,0.617,83.722,4,47399.0,71,1,-0.8883572286196164,1.7399249749824945
36,91213,0,0.729,0.17,2,-19.573,1,0.915,0.389,0.0,0.199,0.63,83.972,4,613060.0,90,1,-1.9816309314365346,2.906601698151877
0,179853,0,0.547,0.0694,0,-21.208,1,0.0597,0.994,0.00922,0.177,0.782,162.729,4,6232.0,28,3,-2.3605030477994244,0.09035410629725409
12,361853,0,0.498,0.476,3,-11.879,1,0.0354,0.398,0.00386,0.0846,0.451,97.765,4,1432.0,10,3,-0.45753533972529126,-1.1733409933679846
0,235773,0,0.889,0.876,6,-6.432,1,0.213,0.297,0.0,0.311,0.733,93.022,4,2277.0,39,0,1.9283637072096527,1.275608958916056
1,186067,0,0.28,0.116,0,-16.287,1,0.0282,0.62,0.00317,0.112,0.0672,87.363,5,1020.0,30,3,-3.0682345200958587,-1.3313987457872278
7,227792,0,0.442,0.0881,9,-21.651,1,0.0481,0.911,0.000812,0.916,0.138,109.499,3,5345.0,30,3,-3.6681684073091363,0.5757711841280906
14,207200,0,0.747,0.79,0,-9.592,1,0.089,0.404,0.000266,0.0381,0.933,94.241,4,2606.0,12,0,1.3750717641674337,0.5773263802624489
33,219813,0,0.735,0.683,5,-7.84,1,0.031,0.487,0.279,0.106,0.808,129.946,4,21703.0,43,0,1.0488142343311888,-0.2092351096974012
24,1314120,0,0.718,0.771,1,-10.864,1,0.0345,0.675,1.17e-06,0.208,0.855,130.031,4,8285.0,42,0,1.6443765273925035,-3.3178121972859076
16,199560,0,0.518,0.667,7,-6.657,1,0.0377,0.422,4.14e-06,0.239,0.931,138.683,4,87512.0,41,0,1.282451656438905,-0.10778430229175164
5,140027,0,0.343,0.198,2,-15.346,0,0.058,0.726,0.0,0.0803,0.281,166.631,3,761042.0,66,3,-2.073044929041315,-1.3199416489195537
57,193433,1,0.83,0.491,4,-11.065,0,0.293,0.797,0.00151,0.051,0.295,134.031,4,272343.0,66,3,-0.5393438689660104,0.3665829395970005
7,203593,0,0.585,0.831,9,-9.405,1,0.0482,0.0189,0.0,0.345,0.683,146.072,4,39.0,12,0,1.732267788546063,-0.14188302581142476
38,230240,0,0.768,0.58,0,-7.461,1,0.0499,0.15,0.0,0.139,0.397,89.99,4,332888.0,64,0,0.7918455856139979,-0.05669868720764621
23,301360,0,0.643,0.262,6,-16.002,1,0.0297,0.709,0.0,0.0764,0.161,123.968,4,33137.0,34,3,-1.8013249829106792,-0.9806282339400249
39,216689,0,0.631,0.392,7,-10.229,1,0.029,0.631,0.0,0.145,0.191,126.534,4,6895.0,40,3,-0.8346956908014421,-0.7327567212627059
63,130497,0,0.715,0.217,5,-10.499,1,0.0319,0.822,0.0,0.102,0.509,119.902,3,90556.0,73,3,-1.0553694081784062,0.21179343034356557
0,130600,0,0.72,0.219,7,-13.172,0,0.927,0.709,0.0,0.0656,0.641,127.702,5,17413.0,55,1,-1.329686484415693,2.1638325336432183
33,64267,0,0.698,0.343,5,-14.617,1,0.948,0.785,0.0,0.134,0.849,96.272,3,128057.0,82,1,-1.331638544164624,3.022494643815649
42,300707,0,0.929,0.423,7,-10.158,1,0.0458,0.225,0.0124,0.0508,0.928,114.26,4,805068.0,66,0,1.2288059823711521,0.5051670425480383
18,126073,0,0.64,0.324,7,-10.4,0,0.0663,0.62,0.859,0.0726,0.96,158.57,4,11235.0,38,2,-0.5115859754423292,-0.6450771442909106
31,79307,0,0.631,0.447,7,-8.594,1,0.932,0.771,0.0,0.394,0.684,83.341,4,84951.0,73,1,-0.8845375927355875,2.992730400369381
10,165615,0,0.77,0.807,0,-6.822,1,0.0427,0.375,0.00426,0.415,0.972,141.399,4,5462.0,34,0,2.07352215795223,1.0052174118371084
4,136573,0,0.586,0.468,10,-9.975,0,0.0896,0.506,0.0,0.15,0.649,128.232,3,3225.0,24,3,-0.003910820699392083,0.06546927291302275
18,368853,0,0.246,0.361,11,-8.669,0,0.0356,0.458,0.141,0.0985,0.0742,78.833,4,1076.0,24,3,-1.6033070339528246,-2.342214294591241
21,236987,0,0.622,0.671,4,-5.178,0,0.0263,0.133,0.000174,0.0951,0.605,126.047,4,55854.0,42,0,1.5458064518651267,-0.6583798457568291
21,294532,0,0.621,0.807,0,-10.399,0,0.0365,0.134,0.0194,0.0621,0.948,124.792,4,5832.0,29,0,1.7754094103035347,-0.3878957071037686
35,143933,0,0.798,0.556,7,-8.85,1,0.0432,0.7,0.0,0.0498,0.793,108.122,4,22054.0,53,0,0.4860651282164437,0.6533545837820884
40,254147,0,0.548,0.522,3,-5.221,1,0.0268,0.177,0.0,0.0981,0.4,135.944,4,11617.0,31,0,0.8310807705977616,-1.2030578318329213
17,267987,0,0.6,0.365,0,-15.856,1,0.0359,0.198,0.0,0.0824,0.361,82.965,3,1119.0,20,3,-0.9499557637155461,-0.5451544010096181
54,257635,0,0.578,0.54,0,-7.681,0,0.0244,0.708,0.0,0.0966,0.523,102.058,3,105840.0,50,3,-0.11594568262094129,-0.5695953200574638
14,274973,0,0.332,0.441,9,-12.639,1,0.0429,0.891,0.00926,0.137,0.521,87.811,4,8110.0,45,3,-1.6047456213558497,-0.9120345279382182
2,161088,0,0.542,0.24,0,-16.142,0,0.0345,0.918,0.873,0.0843,0.589,129.563,4,3873.0,41,2,-2.5145221122123673,-1.1261534015432124
32,242000,0,0.884,0.666,5,-10.739,0,0.0873,0.0418,7.97e-06,0.066,0.809,127.997,4,53799.0,42,0,1.7734714654606545,0.41514806315825575
54,266040,0,0.512,0.661,2,-10.514,1,0.0683,0.219,0.855,0.155,0.778,82.006,4,36321.0,48,2,-0.07720801804613354,-1.0826455487401196
57,203497,0,0.844,0.728,9,-5.174,1,0.0395,0.0237,0.00217,0.124,0.775,124.988,4,8136.0,56,0,2.3690466592582964,0.29964634360229514
42,144406,0,0.652,0.783,4,-9.625,1,0.0463,0.122,0.0,0.348,0.457,125.383,4,891.0,39,0,1.098330496396432,0.14221398810293776
36,68200,0,0.617,0.706,5,-8.466,0,0.936,0.503,0.0,0.736,0.587,78.832,4,613060.0,90,1,-0.15708102163061843,3.4529111309136598
1,135731,0,0.627,0.519,2,-6.781,1,0.0563,0.676,0.0,0.929,0.582,129.551,4,546.0,12,0,0.10654435740454339,1.409719257693514
35,259170,0,0.568,0.989,5,-3.356,0,0.0409,0.0143,0.00346,0.324,0.788,153.803,5,3539.0,46,0,2.9181538214994234,-0.5002334507910143
29,90533,0,0.706,0.702,2,-8.349,1,0.492,0.496,0.0,0.282,0.656,100.219,5,23593.0,71,1,0.4994179316561406,1.7751799050961978
20,232160,0,0.707,0.845,2,-5.047,1,0.0519,0.023,0.000554,0.238,0.487,105.016,4,3222.0,29,0,1.9128033402707636,-0.14050731646078285
34,253307,0,0.452,0.475,9,-5.902,0,0.0293,0.746,0.0,0.0912,0.395,133.622,4,17223.0,33,3,-0.30414556124991865,-1.2939116442771246
22,263107,0,0.611,0.493,2,-12.331,1,0.0254,0.076,3.55e-06,0.0928,0.386,99.558,4,8105.0,32,3,0.026389607434521588,-0.706664137744983
0,107665,0,0.416,0.0897,9,-15.829,1,0.0388,0.873,0.000124,0.193,0.259,77.546,3,2506.0,40,3,-3.080759203895161,-0.1759358942574272
33,128467,0,0.651,0.742,11,-10.089,0,0.035,0.735,0.0,0.259,0.899,132.902,4,6331.0,38,0,0.753978237126059,0.6545460383434193
35,154560,0,0.163,0.508,0,-11.515,1,0.0398,0.725,0.0,0.079,0.422,175.667,1,54958.0,51,3,-1.0118891399140004,-1.880040137589697
57,276147,0,0.503,0.632,0,-3.516,0,0.0309,0.438,1.87e-06,0.153,0.237,126.967,3,2234079.0,67,0,0.5541271150591607,-1.4037204157144343
28,256640,0,0.54,0.536,1,-10.607,0,0.0333,0.504,0.0,0.0826,0.335,129.297,4,32019.0,34,3,-0.28408286194054644,-1.08965813632954
7,180698,0,0.614,0.813,9,-7.097,1,0.106,0.832,0.005,0.0576,0.887,126.14,4,16100.0,34,0,0.994378972240064,0.1445598600896704
23,137947,0,0.649,0.59,6,-5.17,1,0.0832,0.565,0.0,0.085,0.647,92.742,4,127889.0,53,0,0.5671510274398603,0.25315609021574365
35,225733,0,0.639,0.949,5,-3.734,0,0.0543,0.00397,5.59e-06,0.323,0.86,127.973,4,5375.0,23,0,2.8222922065627514,0.1143892943991094
7,206973,0,0.0,0.434,9,-7.641,0,0.0,0.916,0.00662,0.263,0.0,0.0,0,11303.0,28,3,-2.9737855010660317,-1.5029655555866275
7,116153,0,0.747,0.11,0,-18.52,0,0.0847,0.924,0.0,0.104,0.884,94.694,4,5345.0,30,3,-1.9118457011479832,1.3032140519139315
19,278437,0,0.648,0.755,11,-5.317,0,0.664,0.169,0.0,0.524,0.696,178.206,4,10333.0,17,0,1.8596090232476599,1.1237665632857836
36,75800,0,0.681,0.402,2,-12.082,1,0.901,0.62,0.0,0.334,0.669,85.347,4,613060.0,90,1,-1.0447291338139473,2.9681309458835416
39,240431,1,0.638,0.8,0,-4.397,1,0.0559,0.261,0.0,0.329,0.701,81.594,4,107130.0,46,0,1.564224289499591,0.3073563643547883
31,93514,0,0.712,0.624,4,-16.335,0,0.958,0.694,0.0,0.776,0.337,79.83,3,128057.0,82,1,-1.5836337616942038,3.636939680825036
3,270095,0,0.678,0.606,11,-10.3,0,0.0264,0.0677,0.000551,0.334,0.841,117.885,4,94.0,9,0,1.3016113680093464,0.25904517571536545
19,197933,0,0.581,0.857,9,-10.055,0,0.0497,0.134,1.53e-06,0.0612,0.961,177.604,4,11197.0,45,0,2.1622421743510802,-0.4993947872865824
58,202733,1,0.497,0.491,11,-10.133,0,0.461,0.543,0.0,0.448,0.522,84.268,4,1277325.0,77,1,-0.7749762583729554,1.105599902948104
43,253813,0,0.526,0.627,4,-7.723,1,0.036,0.175,0.0,0.203,0.594,172.045,4,16520.0,38,0,1.2463583336232076,-1.03077655010155
0,166680,0,0.426,0.185,3,-20.106,1,0.0476,0.869,1.56e-05,0.342,0.441,122.964,1,47083.0,39,3,-2.7377067338095027,-0.08654018211104088
7,250693,0,0.45,0.914,2,-7.762,1,0.088,0.0223,0.0,0.267,0.692,93.416,4,1171.0,26,0,1.5592397830326974,-0.3596150315616941
19,286400,0,0.539,0.265,9,-21.014,0,0.291,0.847,4.1e-05,0.109,0.734,139.401,4,3551.0,20,3,-1.9434439671611061,0.13238763511654497
39,290893,0,0.59,0.34,2,-13.138,1,0.0242,0.0866,0.0,0.27,0.576,82.698,4,650259.0,68,3,-0.3099481524406429,-0.14498378529426198
16,298493,0,0.533,0.22,5,-20.529,0,0.042,0.976,0.862,0.119,0.23,87.878,4,1234.0,16,2,-3.7585679924709963,-1.5546537622669088
27,182080,1,0.567,0.513,10,-8.778,1,0.347,0.272,0.0,0.0973,0.469,183.953,4,244543.0,59,0,0.5561241486233967,-0.4087654465310372
28,218933,0,0.666,0.549,9,-9.81,1,0.0371,0.122,0.0,0.107,0.766,114.951,4,65701.0,47,0,1.003803600785088,-0.05450390020162259
20,178965,0,0.769,0.558,5,-8.438,1,0.0323,0.669,2.27e-06,0.119,0.837,96.384,4,25322.0,42,0,0.5299136208928013,0.6861402945008286
35,393040,0,0.286,0.168,3,-16.032,0,0.0345,0.856,0.0,0.0637,0.202,68.1,3,6819.0,36,3,-3.043164368302208,-1.7366756717069851
0,143080,0,0.533,0.0827,0,-12.969,1,0.0456,0.954,0.0,0.226,0.433,85.589,3,901.0,12,3,-2.4239597058747178,0.20024169827875604
8,285067,0,0.265,0.13,3,-16.68,1,0.0309,0.961,1.29e-06,0.141,0.156,84.219,4,16213.0,27,3,-3.4099819618065728,-1.4238456668697925
0,130300,0,0.699,0.282,9,-22.448,0,0.935,0.598,0.0,0.233,0.523,103.032,3,17413.0,55,1,-2.369376092244598,2.629242853818356
38,179253,0,0.536,0.899,0,-4.216,1,0.136,0.0296,0.0,0.0564,0.782,171.887,4,4143.0,24,0,2.6063328546939086,-0.7102592974729522
36,353400,0,0.783,0.986,9,-6.408,1,0.0539,0.0528,0.00799,0.522,0.913,131.641,4,957081.0,67,0,2.9418752207914634,0.5157095983256481
49,214373,0,0.694,0.618,7,-12.261,0,0.0575,0.0411,2.42e-05,0.0659,0.737,101.004,4,13478.0,38,0,0.9264772736459604,0.09344892077698327
40,273907,0,0.451,0.683,4,-5.394,1,0.0377,0.445,7.79e-06,0.122,0.161,129.88,4,599849.0,58,3,0.29807714444723704,-1.652927035293545
35,257293,0,0.606,0.753,7,-6.736,1,0.0231,0.104,0.000355,0.195,0.584,100.291,4,21228.0,29,0,1.3898552633202772,-0.41258261167537846
4,201707,0,0.588,0.37,7,-10.019,1,0.0481,0.432,0.683,0.34,0.841,122.428,3,255.0,7,2,-0.4209074655470573,-0.3396732879297152
37,108547,0,0.676,0.461,7,-13.588,1,0.84,0.339,0.0,0.845,0.528,84.867,3,613060.0,90,1,-0.8975662005683818,3.4414074258484564
38,272960,0,0.773,0.396,9,-13.802,1,0.0299,0.413,0.0522,0.121,0.474,106.203,4,96289.0,48,3,-0.42428944662382373,-0.13132881784359565
60,186985,0,0.619,0.638,2,-5.754,0,0.0906,0.297,1.41e-06,0.44,0.36,141.967,4,248671.0,66,0,0.8553349993695104,-0.09372593957501653
47,259000,0,0.507,0.351,7,-16.08,1,0.0281,0.377,3.46e-05,0.0904,0.414,157.158,4,24649.0,41,3,-0.8555824527460065,-1.1871866746084263
22,139093,0,0.457,0.172,7,-14.585,1,0.0385,0.76,0.0,0.203,0.39,94.5,4,13685.0,32,3,-2.2438776771052007,-0.18019170304169685
29,91053,0,0.744,0.541,11,-10.477,0,0.89,0.823,0.0,0.485,0.654,123.669,5,23593.0,71,1,-0.5211142736987184,3.0396383677537098
55,259920,0,0.653,0.553,1,-7.56,0,0.058,0.362,0.0,0.235,0.73,146.886,4,848078.0,64,0,1.054497272603673,-0.2165028560525031
41,247641,0,0.747,0.543,7,-6.859,0,0.319,0.0866,7.18e-05,0.158,0.903,167.448,5,1432.0,32,0,1.8833388341575774,0.4589289074192082
44,189819,0,0.565,0.719,7,-7.224,1,0.0781,0.693,4.38e-05,0.109,0.163,81.032,4,13644.0,39,3,-0.3504507862852593,-0.5560939257207225
25,264800,0,0.637,0.494,4,-10.083,1,0.18,0.663,0.0,0.5,0.704,128.766,4,1984.0,24,0,-0.013967825910230377,0.6950802184664395
49,177773,0,0.491,0.849,9,-3.831,1,0.0696,0.041,0.00745,0.15,0.218,185.013,4,56501.0,54,0,1.7950072157073345,-1.5877501003573395
0,194613,0,0.386,0.403,10,-7.849,1,0.0345,0.778,2.93e-06,0.627,0.55,106.707,4,2.0,0,3,-0.8971491881927481,0.16524807856966367
40,478960,0,0.579,0.621,0,-8.987,1,0.0268,0.187,0.0,0.07,0.491,108.467,4,28329.0,33,0,0.7953708090862384,-1.5511501534143752
25,101426,0,0.296,0.231,9,-17.884,0,0.0326,0.807,0.938,0.104,0.205,133.037,4,3448.0,27,2,-3.5405416860930217,-2.0902334535187816
27,79430,0,0.672,0.344,6,-15.893,1,0.961,0.52,0.0,0.758,0.666,88.688,4,79023.0,76,1,-1.5069997303405616,3.8663881252637773
50,160493,0,0.739,0.617,0,-7.746,1,0.0231,0.057,0.0,0.115,0.891,95.952,4,126713.0,65,0,1.5860697842058975,0.5476708667831403
21,284667,0,0.647,0.847,7,-9.178,1,0.0413,0.23,0.000542,0.0767,0.857,172.004,4,8977.0,44,0,2.0908549269677934,-0.6919216966179856
23,214013,0,0.328,0.0779,5,-23.112,1,0.0418,0.959,0.00105,0.293,0.283,113.601,3,1.0,18,3,-3.8006840821089454,-0.6386936866573766
33,145733,0,0.251,0.221,7,-14.416,1,0.0335,0.941,0.00312,0.15,0.521,167.969,3,2187.0,21,3,-2.0412787590338994,-1.1919122554829775
61,119406,0,0.157,0.000553,0,-38.094,1,0.0482,0.957,0.919,0.106,0.0386,69.712,4,45156.0,74,2,-7.184874704315641,-1.7244922314094628
35,62387,0,0.72,0.222,4,-17.626,1,0.934,0.512,0.0,0.326,0.541,81.705,4,128057.0,82,1,-2.0238181909063027,3.144559971940293
0,174427,0,0.605,0.459,11,-8.518,1,0.0338,0.968,0.0351,0.459,0.905,88.608,4,1204.0,9,3,-0.41334425431538385,1.0829060364226166
35,241827,0,0.484,0.759,8,-4.172,1,0.0304,0.413,0.0,0.07,0.388,150.068,4,8666.0,35,0,1.1111629139491805,-1.4764316247238818
28,270665,0,0.845,0.459,7,-13.163,1,0.0548,0.356,0.0557,0.106,0.85,121.968,4,44.0,24,0,0.5633638585502847,0.4001461508506425
0,189067,0,0.393,0.256,10,-12.278,0,0.0462,0.994,0.8,0.108,0.487,135.007,4,3027.0,23,2,-2.4564383838385138,-1.6945253192873466
18,67133,0,0.781,0.54,8,-11.388,0,0.916,0.876,0.0,0.557,0.613,35.884,3,8150.0,48,1,-1.2880079321170075,4.025393866595936
36,72453,0,0.586,0.382,1,-13.297,1,0.671,0.079,0.0,0.185,0.538,80.891,4,613060.0,90,1,-0.709630494669892,1.7467093463629646
19,216147,0,0.444,0.688,10,-7.949,1,0.0358,0.158,0.000379,0.951,0.637,135.178,3,3059.0,24,0,0.9463137795540865,0.5680199909345699
30,154933,0,0.645,0.591,7,-10.843,1,0.0394,0.0522,2.47e-05,0.129,0.797,99.897,4,9192.0,30,0,0.9503468861730422,0.3016821696974266
31,325267,0,0.522,0.663,7,-4.901,1,0.0335,0.231,0.0,0.103,0.523,80.03,4,13439.0,33,0,0.9081910365135323,-0.9362301033246974
0,184565,0,0.491,0.138,8,-12.743,1,0.231,0.994,0.888,0.196,0.573,63.369,5,42.0,0,2,-3.1255175135191404,-0.3200290470144317
45,251650,0,0.769,0.575,0,-7.912,1,0.0353,0.11,0.0,0.0907,0.74,103.022,4,518246.0,47,0,1.3550080876128978,0.08085850811658779
11,222673,0,0.592,0.592,8,-8.628,1,0.0357,0.516,0.0,0.362,0.793,96.037,4,2640.0,14,0,0.4444672749268253,0.43995141476397165
7,191493,0,0.511,0.729,2,-7.07,1,0.154,0.79,4.41e-06,0.0437,0.966,133.384,4,1375.0,8,0,0.8424619227000303,-0.040342449979389614
65,138857,1,0.747,0.575,1,-9.687,0,0.126,0.417,0.0,0.107,0.637,139.971,4,10211.0,60,0,0.700066988323196,0.3393909277453414
20,227400,0,0.437,0.94,7,-2.405,1,0.0384,0.202,0.000106,0.362,0.714,81.291,4,5127.0,22,0,1.8478429258234563,-0.20000236891585102
0,20487,0,0.592,0.227,7,-16.72,0,0.128,0.991,0.657,0.0812,0.809,79.305,4,16379.0,40,2,-2.6158594320482442,0.5664073708776237
40,206733,0,0.594,0.946,7,-1.371,0,0.03,0.115,0.0,0.0938,0.598,139.039,4,11756.0,38,0,2.587195813808267,-0.8342365455342966
21,193440,0,0.954,0.451,2,-9.124,0,0.108,0.194,0.00295,0.0637,0.839,108.842,4,25479.0,55,0,1.236369541658933,0.9967518663081693
30,165293,0,0.403,0.463,0,-7.552,1,0.0292,0.918,0.00218,0.182,0.627,107.631,4,67950.0,38,3,-0.7501981670746896,-0.4090436989340593
24,138667,0,0.5,0.79,9,-7.798,0,0.0442,0.43,0.0,0.0883,0.901,146.989,4,9607.0,33,0,1.3900515093019674,-0.29314788332936637
27,66000,0,0.481,0.319,0,-15.719,1,0.0469,0.72,1.93e-06,0.0949,0.148,154.621,3,1182.0,37,3,-1.9076307675726945,-0.7844162341975939
38,222547,0,0.421,0.484,5,-4.509,0,0.0317,0.81,2.34e-06,0.118,0.236,136.925,4,426.0,36,3,-0.4920335026829889,-1.4505175949376097
64,169469,0,0.446,0.209,11,-14.945,0,0.0468,0.843,0.0,0.134,0.181,112.179,4,874932.0,69,3,-2.4667693916165323,-0.7824552353729277
11,280280,0,0.598,0.743,9,-8.459,0,0.0443,0.482,2.59e-05,0.0523,0.881,96.33,4,25050.0,43,0,1.048962770914685,-0.20739517646564545
29,173513,0,0.379,0.296,5,-12.544,1,0.0298,0.727,2.47e-05,0.227,0.521,95.142,4,1742.0,34,3,-1.636105599386239,-0.3800699623638391
8,92265,0,0.817,0.0862,0,-19.006,1,0.285,0.97,0.0,0.121,0.954,121.339,4,2492.0,26,3,-1.8066678897819215,1.9321224688537713
28,195267,0,0.595,0.356,0,-8.571,1,0.0324,0.875,1.43e-06,0.173,0.323,134.918,4,44261.0,33,3,-0.9282152204111865,-0.5681398146259582
33,90098,0,0.709,0.301,1,-16.105,1,0.948,0.472,0.0,0.376,0.371,131.324,4,128057.0,82,1,-1.5513209097277048,2.5238698318724193
28,183533,0,0.73,0.808,0,-6.938,0,0.0286,0.217,0.000905,0.149,0.814,99.969,4,2636.0,30,0,1.794577702203735,0.3997496803187095
47,317307,0,0.595,0.545,7,-7.049,1,0.0956,0.376,0.0,0.184,0.373,151.764,4,3436.0,35,0,0.5635440949168389,-1.0581155282506869
11,241440,0,0.406,0.261,7,-16.289,1,0.0371,0.576,0.0133,0.208,0.66,112.206,4,22638.0,33,3,-1.5227240991993898,-0.482052027587848
27,58396,0,0.721,0.306,6,-15.444,0,0.926,0.214,0.0,0.372,0.506,115.835,5,79023.0,76,1,-1.0304134672909213,2.812435828407973
8,373920,0,0.383,0.384,7,-9.978,1,0.0329,0.119,1.75e-05,0.0745,0.247,86.1,4,951.0,19,3,-0.6022553019743896,-1.7983259876409035
42,336875,0,0.59,0.668,4,-4.174,1,0.0406,0.564,0.0,0.268,0.809,81.988,4,47445.0,44,0,1.02149199091582,-0.07995207591496808
36,232853,0,0.61,0.524,0,-8.81,1,0.0251,0.154,0.0434,0.0825,0.544,176.111,4,47249.0,43,0,1.000548572056662,-1.0937111579970027
26,341033,0,0.554,0.922,7,-4.767,1,0.0656,0.419,1.16e-06,0.314,0.623,113.038,4,1947.0,24,0,1.6098630721452571,-0.5509178913933676
7,145307,0,0.295,0.641,4,-9.975,0,0.0442,0.823,0.917,0.51,0.769,68.621,4,899.0,18,2,-1.5118019122294963,-0.48568070381824396
28,246173,0,0.65,0.855,11,-9.194,1,0.066,0.168,0.000565,0.378,0.479,120.446,4,145124.0,55,0,1.2890444674842212,-0.053682343619194536
29,324707,0,0.704,0.525,0,-12.317,1,0.0353,0.826,6.43e-06,0.126,0.936,108.924,3,20856.0,46,0,0.040143843529552865,0.19230196960047063
51,241882,0,0.733,0.396,2,-9.394,0,0.0369,0.847,1.34e-06,0.115,0.267,124.788,4,27865.0,45,3,-0.7641607159576512,-0.44987432634179786
36,196519,0,0.725,0.688,0,-5.549,1,0.0453,0.293,0.0,0.127,0.653,125.026,4,117490.0,46,0,1.5108371529779268,-0.04263792281577333
30,144893,0,0.725,0.666,0,-13.205,1,0.043,0.0187,0.0,0.207,0.828,129.889,4,939177.0,76,0,1.2665587144968218,0.5492695663995956
47,93600,0,0.58,0.0871,7,-17.769,1,0.0496,0.994,0.937,0.122,0.616,64.686,4,643196.0,65,2,-3.5586829180531954,-0.19322612105999898
14,166453,0,0.516,0.61,9,-3.762,1,0.0352,0.439,0.0,0.343,0.696,128.624,4,26323.0,35,0,1.0175067547718384,-0.08212427510470116
45,441933,0,0.755,0.803,10,-6.025,0,0.0439,0.478,0.861,0.235,0.917,97.991,4,14284.0,38,2,1.1423593794870723,-0.9440694595933358
44,261600,0,0.819,0.796,4,-6.238,1,0.0334,0.318,1.33e-05,0.0773,0.886,144.964,4,76863.0,54,0,2.2912493681874224,0.018389728083532644
1,154598,0,0.32,0.282,7,-12.024,1,0.0329,0.984,0.0,0.0783,0.352,88.959,4,321.0,7,3,-2.320375684838763,-0.8467231730484969
26,347573,0,0.537,0.642,7,-8.723,1,0.0354,0.537,0.00107,0.986,0.308,113.843,3,995.0,19,3,-0.09660874049972973,0.2903203860900764
23,241493,0,0.489,0.784,1,-3.47,1,0.0321,0.00636,0.0,0.065,0.384,151.969,4,702.0,21,0,1.8128274827607915,-1.6003950801709177
15,456633,0,0.779,0.821,9,-5.216,0,0.0392,0.0171,0.0119,0.064,0.965,135.526,4,12925.0,35,0,2.963013206062668,-0.701511869013208
21,361488,0,0.712,0.673,2,-14.613,0,0.0499,0.0849,0.00297,0.0614,0.961,96.744,4,692.0,18,0,1.1431129084636693,-0.024612862724365952
27,267467,0,0.577,0.867,9,-5.133,1,0.0362,0.0409,0.00105,0.363,0.178,109.981,4,229659.0,52,0,1.3547521211683888,-0.8163385693955094
25,216334,0,0.357,0.77,0,-20.574,1,0.0628,0.0643,0.0,0.36,0.104,153.56,4,3263.0,23,3,-0.7076987475980708,-1.2406164894854386
8,173747,0,0.401,0.512,4,-8.03,0,0.036,0.761,5.67e-06,0.186,0.403,77.97,4,8090.0,28,3,-0.961390037451198,-0.50959681703264
58,233352,0,0.494,0.479,10,-6.78,0,0.0435,0.176,0.000119,0.404,0.61,129.962,4,454733.0,64,0,0.6654719567719272,-0.3415272787335999
44,233573,0,0.57,0.819,10,-6.803,0,0.211,0.0199,0.0173,0.61,0.679,170.018,4,42741.0,37,0,1.997443548143352,0.2921659447956724
27,195973,0,0.724,0.649,7,-6.133,1,0.0279,0.324,1.98e-06,0.29,0.924,127.754,4,208.0,14,0,1.6810235826749407,0.5544588980166529
14,165907,0,0.548,0.268,1,-11.916,0,0.0307,0.768,0.0,0.179,0.522,112.639,4,2653.0,18,3,-1.3005043232158684,-0.1254743171292284
29,268250,0,0.576,0.628,4,-8.612,1,0.0344,0.415,0.0,0.188,0.365,121.785,4,118.0,35,0,0.2932977630820452,-0.818689045701174
42,182960,0,0.91,0.818,5,-4.091,0,0.153,0.0212,0.0,0.0897,0.91,99.999,4,74760.0,50,0,2.752494789848189,1.0359567283857953
5,150133,0,0.668,0.342,8,-10.164,1,0.213,0.982,0.616,0.071,0.849,183.842,4,21786.0,34,2,-0.7346535773239112,-0.3339351768339975
38,265867,0,0.313,0.32,3,-12.158,0,0.038,0.676,1.25e-05,0.394,0.642,183.692,4,549.0,29,3,-0.8119610701681039,-1.0625233191456938
62,189720,0,0.441,0.921,8,-3.32,1,0.0436,0.000526,6.34e-06,0.177,0.182,175.001,4,269086.0,68,0,1.8929540904517645,-1.7538464008603887
10,292571,0,0.562,0.26,0,-15.441,1,0.0281,0.562,0.000125,0.186,0.199,151.756,4,812.0,27,3,-1.467264673356509,-1.168151026642471
13,222840,0,0.444,0.723,1,-11.481,0,0.0375,0.0147,0.000725,0.197,0.799,120.023,4,4224.0,33,0,1.0738826423071421,-0.48595985305623335
19,298166,0,0.29,0.532,2,-14.915,1,0.0589,0.519,0.000167,0.343,0.448,90.442,5,46371.0,53,3,-1.284166741516355,-0.8384734954392113
43,207000,1,0.82,0.83,10,-5.694,0,0.14,0.266,0.0,0.0653,0.45,103.592,4,282307.0,61,0,1.5714250716769727,0.1467495831779565
37,355962,0,0.594,0.744,6,-13.377,0,0.0438,0.64,0.0772,0.504,0.386,130.387,5,57698.0,40,3,-0.18509567474872465,-0.4464119324666517
29,283800,0,0.53,0.339,5,-12.37,1,0.0312,0.0823,0.0,0.178,0.198,78.516,4,822.0,18,3,-0.8468912413138906,-0.8823212007073556
52,228583,0,0.573,0.642,11,-6.905,1,0.0423,0.33,0.0,0.0965,0.822,180.048,4,46439.0,59,0,1.5753174556202505,-0.7637904523149832
42,206320,0,0.65,0.51,8,-10.979,1,0.0348,0.676,0.848,0.126,0.367,114.956,4,11036.0,50,2,-1.2122633752199772,-1.24835710584389
40,252570,0,0.595,0.411,1,-10.208,1,0.036,0.85,0.0,0.173,0.577,100.263,4,105344.0,38,3,-0.7917208334608237,-0.1667719851883929
34,167653,0,0.653,0.901,7,-5.344,0,0.0473,0.456,0.0,0.423,0.795,107.191,4,33555.0,49,0,1.6821244484234903,0.7336096725009333
40,266001,0,0.609,0.394,10,-10.216,1,0.027,0.631,6.29e-05,0.108,0.388,142.034,4,237616.0,49,3,-0.46587759543340945,-0.9010112800415256
43,224531,0,0.317,0.374,11,-8.295,1,0.0294,0.43,0.0,0.108,0.433,87.763,4,4696.0,55,3,-0.8300624069222627,-1.154147639768173
0,202173,0,0.267,0.23,9,-12.887,1,0.0563,0.992,0.535,0.158,0.379,77.878,4,464.0,9,2,-3.0797321301887415,-1.3777796069378847
30,316918,0,0.725,0.925,2,-12.828,1,0.0377,0.24,0.018,0.526,0.965,136.907,4,1329.0,26,0,1.8680055164456042,0.6595710768766543
45,241667,0,0.612,0.895,6,-2.872,1,0.0548,0.188,0.0,0.0953,0.651,134.069,4,3820336.0,80,0,2.2968741513923154,-0.696540724958867
21,205009,0,0.645,0.293,0,-15.938,1,0.148,0.806,0.0,0.184,0.731,82.756,4,199.0,37,3,-1.4980657517541065,0.8154706028766079
1,146103,0,0.349,0.0748,2,-15.296,1,0.0351,0.897,0.00779,0.102,0.105,104.67,4,14666.0,42,3,-3.19651779714912,-1.0549778450030838
10,262080,0,0.469,0.49,11,-7.7,0,0.032,0.326,0.0,0.0969,0.295,172.429,4,426.0,9,3,0.2704128029419585,-1.7330964505913071
27,170227,0,0.743,0.566,2,-11.694,0,0.0441,0.119,0.000123,0.136,0.958,107.317,4,136397.0,42,0,1.1417231281915914,0.7081337613423979
54,200306,0,0.436,0.808,10,-6.421,0,0.159,0.04,1.25e-06,0.318,0.472,129.987,4,2451518.0,68,0,1.28760387631241,-0.5350298952389335
8,236697,0,0.492,0.482,5,-2.51,1,0.0341,0.221,0.0,0.214,0.326,119.916,4,14080.0,33,0,0.6390943967771008,-1.0793631522780496
48,236973,0,0.687,0.939,5,-4.957,0,0.0382,0.0447,0.00324,0.0803,0.783,127.902,4,279341.0,61,0,2.636773773534488,-0.3375571186041119
0,186530,0,0.549,0.186,1,-20.204,1,0.0887,0.987,0.00626,0.394,0.37,94.557,4,398.0,13,3,-3.001957432931193,0.49258675393384793
19,180160,0,0.503,0.343,8,-17.259,1,0.139,0.697,0.0,0.151,0.442,173.797,4,56799.0,47,3,-1.405701671925079,-0.5728524390345555
37,53640,0,0.744,0.472,0,-11.353,1,0.909,0.671,0.0,0.708,0.637,94.38,3,613060.0,90,1,-0.8310284842306074,3.795157253841595
41,288040,0,0.765,0.672,4,-8.325,1,0.0247,0.605,2.51e-05,0.18,0.798,109.329,4,13138.0,37,0,0.9777899812847249,0.2318285490040223
41,205905,0,0.827,0.926,11,-4.47,1,0.157,0.246,2.94e-06,0.144,0.933,134.964,4,5430.0,49,0,2.7741728822762104,0.6741953909280689
10,212333,0,0.44,0.405,2,-13.735,1,0.0472,0.677,0.0,0.256,0.455,138.018,4,3314.0,23,3,-1.1434418143688903,-0.6530242311417614
28,275240,0,0.66,0.846,4,-7.459,1,0.028,0.0864,0.000162,0.149,0.744,132.089,4,72127.0,43,0,2.0679102640339293,-0.4385930191043017
11,415266,0,0.619,0.335,3,-12.338,1,0.961,0.639,0.0,0.256,0.393,76.636,4,529.0,23,1,-1.5608977145309013,1.3781038657003348
35,152000,0,0.412,0.854,5,-10.044,1,0.0355,0.00384,1.7e-05,0.515,0.569,168.788,4,185707.0,56,0,1.402878211367051,-0.4328682814851154
1,331579,0,0.586,0.971,6,-5.984,0,0.133,0.0585,0.918,0.115,0.245,151.992,4,6166.0,34,2,1.1419758261900257,-2.440203518492555
0,189987,0,0.373,0.274,6,-10.274,0,0.042,0.968,0.00141,0.495,0.605,123.831,5,427.0,5,3,-1.5255351602806397,-0.030896282492261246
36,249640,0,0.595,0.628,11,-7.445,1,0.0267,0.105,3.03e-05,0.145,0.357,101.954,4,388080.0,58,0,0.7283835923597901,-0.7641726150623015
35,171680,0,0.807,0.448,9,-9.865,1,0.0362,0.666,1.04e-05,0.091,0.743,121.967,4,17321.0,29,0,0.24022345505796125,0.5035666520572603
32,221701,0,0.876,0.682,1,-6.02,0,0.0603,0.034,0.0,0.201,0.966,150.017,4,94450.0,50,0,2.625264613391974,0.584441304192858
2,183120,0,0.893,0.244,0,-17.254,1,0.0591,0.985,0.0583,0.317,0.871,118.406,4,1160.0,15,3,-1.2107578387075244,1.520607510736413
9,73548,0,0.604,0.609,6,-9.835,1,0.0308,0.667,0.894,0.109,0.659,121.373,3,298.0,12,2,-0.6284269894230631,-0.7293005542695343
32,257267,0,0.814,0.932,5,-4.067,0,0.142,0.298,1.18e-05,0.233,0.571,136.977,4,7749.0,26,0,2.3003182982982597,0.14182666486143602
29,68200,0,0.583,0.562,6,-7.87,0,0.956,0.911,0.0,0.615,0.578,171.055,5,84951.0,73,1,-0.44267072241114874,2.5979342449944944
10,310590,0,0.313,0.896,4,-8.577,0,0.117,0.192,0.00131,0.805,0.342,123.407,4,866.0,29,0,0.6663194312187845,-0.4664919303237866
34,214627,0,0.621,0.679,9,-5.297,0,0.0295,0.087,0.0,0.338,0.772,96.783,4,167642.0,56,0,1.5971170606666665,0.2757258173907628
13,175400,0,0.666,0.285,1,-15.359,1,0.0421,0.768,0.0,0.0866,0.662,122.944,4,10903.0,31,3,-1.1616272517303088,0.17264033232460302
41,247040,0,0.7,0.858,7,-4.509,0,0.045,0.0448,2.57e-06,0.0206,0.826,144.991,4,35336.0,57,0,2.703952190095908,-0.5034593399025248
7,219360,0,0.374,0.469,0,-6.276,1,0.0338,0.685,0.0,0.108,0.252,112.989,1,2352.0,20,3,-0.7480584441740034,-1.3740517623369954
27,180867,0,0.814,0.644,3,-8.218,1,0.0286,0.323,0.0,0.0548,0.831,142.905,4,899.0,18,0,1.5971473301398327,0.23082510465117023
7,277293,0,0.62,0.665,1,-7.912,1,0.0315,0.752,3.16e-05,0.272,0.926,167.598,4,25050.0,43,0,1.090893016742555,-0.16913461897976695
37,192106,0,0.647,0.885,11,-2.393,0,0.0305,0.445,0.0,0.0859,0.594,129.93,4,22006.0,32,0,1.9050285863597805,-0.492613597119273
0,152869,0,0.562,0.151,10,-18.218,0,0.0389,0.994,0.64,0.12,0.77,74.097,4,7738.0,9,2,-2.9431459323725635,-0.02967587194812374
19,169440,0,0.235,0.526,0,-8.731,1,0.0328,0.173,0.906,0.0589,0.356,147.024,4,4392.0,31,2,-0.7966837489667553,-2.8126367338830534
25,272507,0,0.743,0.734,1,-5.474,0,0.0277,0.212,4.04e-05,0.0593,0.666,116.0,4,83223.0,49,0,1.787673872386081,-0.35701065083911504
11,198373,0,0.687,0.564,7,-9.138,1,0.0283,0.768,0.241,0.104,0.472,121.144,4,84863.0,50,3,-0.29849759547028837,-0.475419315814414
64,183340,0,0.484,0.513,0,-7.424,0,0.0416,0.611,0.0,0.15,0.383,159.995,4,354762.0,70,3,-0.04379404136024184,-1.0506018562865844
28,218347,0,0.699,0.695,7,-12.919,1,0.0318,0.0299,9.73e-06,0.297,0.767,102.773,4,44901.0,34,0,1.0894821963360288,0.4906615261364038
29,117947,0,0.72,0.504,2,-10.927,1,0.939,0.669,0.0,0.673,0.532,88.218,4,23593.0,71,1,-0.8964072649788638,3.416931868568302
35,277587,0,0.461,0.98,7,-5.844,0,0.114,0.0113,0.000578,0.128,0.253,127.958,4,23544.0,40,0,1.6048256094485207,-1.462104328441058
1,247014,0,0.798,0.75,7,-11.464,1,0.0361,0.0532,0.0,0.163,0.962,128.02,4,201.0,17,0,1.9469777803059072,0.44196736221028765
43,427453,0,0.461,0.67,0,-8.229,1,0.0427,0.0782,0.00308,0.231,0.284,126.856,4,39913.0,49,0,0.721813287033329,-1.7948029510602577
16,346200,0,0.411,0.47,0,-10.305,0,0.0376,0.804,8.9e-05,0.343,0.621,112.808,4,799.0,17,3,-0.7271206162418394,-0.7025389647499766
50,200640,0,0.704,0.341,7,-14.771,1,0.0497,0.643,0.0,0.176,0.543,105.999,4,97206.0,53,3,-1.0071434879267525,0.2965641783862708
11,163733,0,0.791,0.302,6,-14.836,1,0.0494,0.98,0.00379,0.108,0.734,127.704,4,33313.0,36,3,-1.0484621143702286,0.6815211767513756
38,167760,0,0.731,0.603,1,-7.847,0,0.043,0.824,0.00594,0.0681,0.963,132.86,4,6261.0,27,0,0.8089291859118801,0.4571229445658874
13,235267,1,0.627,0.627,5,-5.861,0,0.0341,0.367,0.0,0.294,0.555,90.061,4,2701496.0,84,0,0.7348048548467466,0.016091632586024984
19,256493,0,0.517,0.867,7,-5.962,1,0.0444,0.0895,0.000229,0.247,0.656,132.052,4,10109.0,39,0,1.8840520826368248,-0.6754879235144512
69,151011,1,0.688,0.61,11,-6.79,1,0.109,0.198,0.00154,0.114,0.201,88.995,4,5076597.0,92,0,0.39043590910786946,-0.15971185850218034
22,250720,0,0.574,0.618,7,-7.3,1,0.0297,0.0513,0.000252,0.299,0.388,168.14,4,37054.0,40,0,1.208354137082387,-0.9945028930365264
2,176173,0,0.377,0.27,3,-14.087,1,0.0304,0.544,0.0,0.172,0.356,82.176,3,4396.0,23,3,-1.8988504360455196,-0.6110852993987145
26,55907,0,0.733,0.647,0,-3.884,1,0.0366,0.759,0.0,0.0935,0.903,106.811,4,35331.0,52,0,1.0921124365341393,0.8954462855030891
34,239600,0,0.586,0.211,0,-9.41,1,0.0383,0.868,6.15e-06,0.113,0.19,84.239,4,39325.0,38,3,-1.813111111638,-0.6047774274959311
0,169616,0,0.479,0.591,10,-8.197,1,0.0419,0.688,4.11e-05,0.629,0.724,107.049,4,97.0,1,3,-0.02553682537202658,0.6930298138532208
51,292027,0,0.238,0.317,2,-13.128,1,0.0311,0.671,0.00979,0.913,0.162,70.641,4,534835.0,55,3,-2.4533085025219967,-0.16763740543746816
20,392080,0,0.47,0.921,2,-1.365,1,0.0489,0.000469,0.0199,0.27,0.193,132.703,4,21230.0,37,0,1.986822052873942,-1.9222924065739058
24,152080,0,0.559,0.283,9,-11.108,1,0.0266,0.558,0.495,0.14,0.271,75.798,4,30.0,32,2,-1.8485735021527214,-0.7597138159637137
23,194133,0,0.709,0.517,2,-8.849,1,0.0311,0.516,5.64e-06,0.12,0.621,110.248,4,1673.0,26,0,0.32280730516124295,0.08628022337757357
0,157048,0,0.664,0.936,1,-4.947,1,0.0485,0.00286,0.338,0.0588,0.682,117.45,4,874.0,7,0,2.1254694610261082,-0.5554473685128714
29,54320,0,0.742,0.52,7,-7.844,0,0.925,0.851,0.0,0.471,0.692,112.801,4,33506.0,64,1,-0.39573641788571773,3.286164019774673
16,154253,0,0.703,0.637,1,-9.424,1,0.0483,0.667,8.18e-05,0.682,0.962,96.313,1,852.0,28,0,0.5687240747795747,1.8285409385464992
35,90427,0,0.676,0.565,2,-12.139,1,0.95,0.444,0.0,0.442,0.739,82.112,4,613060.0,90,1,-0.4065664005005951,3.260305460746993
8,226000,0,0.443,0.476,7,-8.945,0,0.0297,0.65,0.0,0.359,0.471,105.054,4,38146.0,38,3,-0.6360885155847965,-0.39172915294444866
22,196000,0,0.689,0.0659,1,-16.152,1,0.153,0.991,0.000328,0.116,0.46,105.82,4,3743.0,19,3,-2.419877583843503,0.41391720566288054
12,318467,0,0.779,0.47,0,-13.074,1,0.0377,0.00205,0.302,0.322,0.931,120.044,4,47249.0,43,0,0.8831025135655985,0.19155695126267758
1,182453,0,0.709,0.52,5,-8.295,1,0.12,0.956,0.786,0.769,0.961,101.64,4,21786.0,34,2,-0.5889210291220457,1.2443275781392882
45,164027,0,0.239,0.102,8,-17.936,1,0.0354,0.886,0.000521,0.164,0.141,90.411,4,159.0,39,3,-3.606928824997359,-1.083474130723193
40,235867,0,0.539,0.273,2,-13.164,1,0.0265,0.7,6.94e-06,0.162,0.217,69.366,4,4381.0,34,3,-1.9717943914437912,-0.475711282237948
8,210880,0,0.585,0.746,9,-8.023,1,0.044,0.152,0.0,0.0847,0.902,128.437,4,523.0,11,0,1.7179559163022355,-0.24390612695547156
33,239853,0,0.628,0.789,2,-4.915,1,0.0425,0.0742,0.0,0.361,0.93,92.985,4,1070436.0,63,0,2.1039976351230587,0.4790367265322696
65,155387,1,0.752,0.749,2,-5.623,1,0.329,0.108,0.0,0.066,0.403,140.012,4,5076597.0,92,0,1.5593308523773703,0.18490409064574043
12,96467,0,0.527,0.239,10,-13.168,1,0.116,0.775,0.0,0.574,0.822,174.563,4,2655.0,40,3,-0.8767926194037655,0.9034890562074881
22,266707,0,0.587,0.659,8,-9.925,1,0.0387,0.0677,5.38e-06,0.128,0.455,123.973,4,22411.0,38,0,0.8597592024543689,-0.8491814865680066
59,173719,0,0.671,0.2,8,-23.978,1,0.0365,0.994,0.939,0.114,0.53,107.517,3,3416.0,47,2,-3.5783750823123888,-0.5695896267234938
51,189387,0,0.701,0.712,5,-5.188,0,0.087,0.588,0.0,0.312,0.665,90.004,4,3966811.0,74,0,0.9002891984668487,0.6756543880020477
32,196453,0,0.634,0.399,0,-15.215,1,0.0357,0.59,0.0,0.0901,0.734,140.104,4,61117.0,56,3,-0.47683437508301174,-0.08150097317070625
18,175187,0,0.469,0.713,10,-7.329,1,0.049,0.639,4.46e-05,0.201,0.629,149.3,4,36290.0,45,0,0.5916129434053164,-0.5858809360722879
20,241693,0,0.592,0.648,1,-10.372,0,0.0327,0.0447,2.87e-06,0.0664,0.654,113.026,4,7741.0,32,0,1.0150642470632465,-0.5475858295981618
46,207653,0,0.645,0.908,10,-4.162,0,0.0565,0.172,7.06e-05,0.0812,0.874,93.982,4,8202.0,36,0,2.2826089921616766,0.07096432822132284
26,256427,0,0.597,0.415,0,-9.8,1,0.0294,0.725,0.0,0.157,0.249,140.115,4,2204.0,29,3,-0.7342750684698538,-0.9499252950441194
26,245253,0,0.705,0.851,5,-5.811,1,0.0552,0.216,0.0,0.284,0.224,125.931,4,28973.0,41,0,1.3682117258475324,-0.5125819903066388
16,427067,0,0.317,0.665,7,-8.951,0,0.0463,0.226,0.0201,0.173,0.414,79.892,4,2056.0,23,3,0.05954398306394067,-1.733768943842124
39,189893,0,0.869,0.878,11,-5.628,0,0.129,0.0438,8.88e-06,0.186,0.96,124.99,4,8673.0,31,0,2.8605899251744944,0.9425811308074851
22,136292,0,0.869,0.588,2,-7.935,1,0.0383,0.362,0.0,0.327,0.984,109.979,4,171.0,23,0,1.4573258352644387,1.4807423238578867
33,293507,0,0.719,0.955,0,-4.731,1,0.107,0.0218,0.00023,0.0535,0.595,127.001,4,81156.0,47,0,2.537953226750024,-0.5833694599429634
49,221760,0,0.876,0.714,9,-4.641,0,0.042,0.0604,0.0,0.149,0.72,128.042,4,19375.0,42,0,2.350880204290957,0.2837661749478366
35,266893,0,0.715,0.352,4,-12.45,0,0.0345,0.959,0.0122,0.0945,0.496,111.958,4,80657.0,48,3,-1.131178543815715,-0.16817805677931275
76,237794,0,0.349,0.446,1,-11.327,1,0.0522,0.827,0.00722,0.0808,0.141,79.338,4,68291.0,66,3,-1.9192615960628427,-1.270717855756099
35,88307,0,0.752,0.689,8,-8.125,1,0.603,0.372,0.0,0.43,0.785,130.06,3,613060.0,90,1,1.0320120147692515,2.3137819569740676
30,71973,0,0.707,0.613,9,-9.806,1,0.932,0.854,0.0,0.861,0.691,108.467,4,84951.0,73,1,-0.5225123490008698,3.9272315294444833
19,182413,0,0.527,0.0502,2,-21.464,0,0.0478,0.985,0.924,0.109,0.622,102.261,3,46492.0,50,2,-3.774383863396913,-0.8355615894749902
29,83840,0,0.658,0.772,0,-8.692,1,0.922,0.379,0.0,0.46,0.463,86.887,5,23593.0,71,1,0.14461988836704073,2.730944910769054
9,360760,0,0.418,0.43,9,-13.342,0,0.0371,0.0455,0.0714,0.397,0.712,86.907,4,4224.0,33,3,-0.17916887660258252,-0.5245998953436998
18,180533,0,0.76,0.39,11,-13.683,1,0.0464,0.416,1.48e-05,0.812,0.753,116.515,4,303.0,34,1,-0.1311672877737327,1.7687139297258534
3,1611480,0,0.592,0.295,1,-21.089,1,0.928,0.975,5.33e-05,0.773,0.517,84.02,4,3218.0,27,3,-2.109419199372084,-1.5061850047733258
18,114947,0,0.605,0.371,0,-25.558,1,0.883,0.85,0.0,0.241,0.531,127.906,3,773.0,30,1,-2.807163483584203,2.2868162876582456
9,317467,0,0.673,0.496,2,-13.922,0,0.0241,0.404,0.0329,0.0903,0.458,99.758,4,49863.0,39,3,-0.37417677674551747,-0.5726950418687982
18,174987,0,0.344,0.701,1,-14.013,1,0.0487,0.002,0.0215,0.404,0.631,167.824,4,110940.0,47,0,0.6245910285765519,-0.7083076390744776
35,76987,0,0.626,0.446,2,-10.052,1,0.937,0.132,0.0,0.485,0.61,170.702,3,613060.0,90,1,0.28290891919049366,2.314374772175308
6,155053,0,0.532,0.273,5,-12.669,1,0.039,0.907,9.16e-05,0.125,0.673,95.585,4,1645.0,15,3,-1.4984742787675374,0.14614376679688998
5,235720,0,0.791,0.931,11,-6.266,0,0.173,0.00534,0.0115,0.27,0.703,114.974,4,746.0,30,0,2.425745739813737,0.5738190067252948
6,233000,0,0.581,0.612,11,-11.955,0,0.0464,0.641,0.00574,0.0358,0.723,101.582,4,143916.0,45,3,-0.06094504607125869,-0.23374010291284789
16,174867,0,0.303,0.254,5,-11.027,0,0.0372,0.979,1.95e-06,0.0699,0.699,82.059,3,2890.0,28,3,-1.8741516027543716,-0.5092892390840429
9,81667,0,0.66,0.237,7,-18.697,1,0.956,0.356,0.0,0.686,0.559,134.568,4,2502.0,38,1,-1.6625061446395362,3.247557465966638
43,162627,0,0.791,0.438,11,-8.462,0,0.0591,0.446,0.000227,0.327,0.951,118.41,4,25653.0,46,0,0.8439602444392306,1.1726888039927945
42,429116,0,0.678,0.793,2,-7.865,1,0.103,0.0653,1.5e-06,0.078,0.673,87.984,4,171.0,35,0,1.664776985896632,-0.643548356511432
26,344000,0,0.742,0.815,0,-7.312,1,0.0508,0.152,0.0,0.307,0.674,90.971,4,81156.0,47,0,1.713777814891827,0.10913572265684103
52,276250,0,0.586,0.541,4,-5.647,0,0.0272,0.454,2.92e-06,0.121,0.413,130.055,3,38884.0,59,0,0.5015728308284204,-1.0036052993676292
28,81133,0,0.552,0.394,7,-12.495,1,0.544,0.827,0.0,0.492,0.366,92.815,4,23593.0,71,1,-1.8105255482489688,1.7872179727865314
29,200413,0,0.545,0.774,7,-6.439,1,0.0384,0.0644,0.0,0.286,0.854,170.014,4,45982.0,38,0,2.1741648952712938,-0.3747954287263079
12,196227,0,0.787,0.184,7,-13.907,1,0.0835,0.764,0.0,0.113,0.842,81.909,4,411.0,13,3,-1.0707357081295652,1.051438263839252
29,266880,0,0.563,0.471,9,-10.914,0,0.0315,0.331,7.13e-05,0.16,0.178,143.622,4,39900.0,45,3,-0.3038572951287248,-1.2529395614789915
39,253190,0,0.701,0.393,9,-10.236,0,0.0299,0.605,3.41e-05,0.109,0.337,142.106,4,105636.0,37,3,-0.3618254971204877,-0.6778804260060863
9,226627,0,0.502,0.797,6,-4.594,0,0.0379,0.969,0.000334,0.327,0.848,126.619,4,2187.0,27,0,0.8279430448527803,-0.017854344257068305
71,162750,0,0.803,0.841,1,-4.117,1,0.0344,0.556,1.47e-06,0.0975,0.832,120.134,4,9406176.0,82,0,1.958086971247144,0.4742753860159763
32,200267,0,0.754,0.327,0,-15.722,1,0.0327,0.617,0.00223,0.0598,0.603,138.053,4,1792.0,31,3,-0.7129179182853532,0.03265105413535272
41,218493,0,0.554,0.643,7,-7.697,1,0.0482,0.0615,9.65e-05,0.0413,0.42,76.401,4,11593.0,41,0,0.6305454640835421,-0.6534150333885819
0,68068,0,0.259,0.0854,0,-19.703,1,0.0414,0.499,0.182,0.294,0.17,142.318,1,16379.0,40,3,-3.1184733878341326,-1.0439162710751562
25,188173,0,0.618,0.397,11,-8.342,0,0.0309,0.711,0.575,0.192,0.604,115.762,4,4361.0,38,2,-0.7729511070650882,-0.6214317661907564
21,258440,0,0.49,0.819,0,-10.479,1,0.0294,0.00448,0.0361,0.449,0.928,126.34,4,9885.0,35,0,1.6582687609595173,0.0014750378740500654
27,131387,0,0.816,0.653,7,-5.419,1,0.0364,0.292,0.0,0.0459,0.905,133.037,4,4165.0,29,0,1.951309612460568,0.5002584139154419
29,59347,0,0.702,0.504,10,-8.672,1,0.941,0.761,0.0,0.781,0.723,107.32,4,84951.0,73,1,-0.4968311568871277,3.840655514646289
30,288895,0,0.698,0.701,5,-4.262,0,0.0286,0.542,0.00291,0.0902,0.78,121.403,4,45881.0,40,0,1.5024557524149011,-0.31787822585705156
24,147107,0,0.717,0.421,5,-13.746,1,0.0535,0.238,0.0,0.103,0.743,119.92,4,1647.0,39,0,0.18170758744688534,0.4055534920763416
13,244027,0,0.814,0.536,0,-12.306,0,0.0322,0.38,5.55e-05,0.16,0.963,104.026,4,2636.0,30,0,0.8046531768998184,0.770530531899124
34,278093,0,0.584,0.866,11,-4.915,0,0.0464,0.0161,3.02e-06,0.0379,0.528,100.123,4,32692.0,37,0,1.8648724478852938,-0.9153368219321958
47,230142,0,0.657,0.683,11,-6.642,0,0.449,0.399,0.0,0.138,0.866,137.701,4,335925.0,57,0,1.3365014269808095,0.747662518423253
0,216627,0,0.43,0.282,11,-14.25,0,0.0612,0.946,0.00125,0.824,0.423,111.159,4,2.0,0,3,-2.151341258622986,0.6161991596568568
0,40613,0,0.607,0.247,0,-19.142,0,0.936,0.775,0.0,0.363,0.809,130.645,3,8007.0,34,1,-2.0189343933644417,3.059009954325247
47,282893,0,0.621,0.749,11,-7.376,1,0.0313,0.272,4.54e-05,0.291,0.754,124.444,4,210207.0,50,0,1.490277547819532,-0.18056394734035713
34,66486,0,0.719,0.401,11,-14.742,0,0.957,0.733,0.0,0.262,0.644,88.014,5,128057.0,82,1,-1.4525953436923122,3.116674568130261
45,258907,0,0.713,0.436,8,-9.306,0,0.0607,0.957,0.000259,0.0959,0.618,115.484,4,1385393.0,70,3,-0.442251943577052,-0.025447316694020644
1,314872,0,0.396,0.906,6,-7.495,1,0.0741,9.97e-05,0.689,0.31,0.548,118.513,4,400.0,22,2,0.9706079356833988,-1.7656909932766693
28,93120,0,0.69,0.502,1,-11.166,1,0.957,0.362,0.0,0.368,0.566,65.385,4,23593.0,71,1,-0.6401414507284572,3.042157690571749
25,69293,0,0.931,0.315,0,-8.774,1,0.376,0.487,0.0,0.1,0.957,117.011,4,6635.0,46,0,0.5342592345295705,2.147319725108422
30,165147,0,0.85,0.627,0,-2.532,1,0.172,0.416,7.14e-06,0.0527,0.959,82.615,4,15791.0,25,0,1.783506764349674,1.176698349577468
28,173256,0,0.749,0.606,2,-6.772,1,0.0361,0.0373,2.09e-06,0.0957,0.871,103.095,4,12413.0,45,0,1.7302672128362302,0.4217307619412433
57,222545,0,0.729,0.453,10,-8.665,1,0.0356,0.206,0.0,0.0847,0.23,109.999,4,2217984.0,69,3,0.1597329461973135,-0.5635780484472149
11,172707,0,0.751,0.355,9,-11.697,1,0.0603,0.437,3.28e-06,0.119,0.923,89.615,4,1394.0,34,0,0.08162561732958863,0.9039031713019816
10,183573,1,0.65,0.947,10,-3.473,1,0.0544,0.0112,0.0,0.344,0.85,100.088,4,9537.0,30,0,2.628736752241251,0.5123400012293747
19,244613,0,0.181,0.0423,8,-25.365,1,0.0529,0.907,0.0221,0.166,0.181,75.317,4,11.0,34,3,-4.647814521360076,-1.1668390415731775
21,250147,0,0.485,0.732,11,-11.538,1,0.0456,0.0363,0.000383,0.248,0.229,111.52,4,22411.0,38,0,0.32493973970268203,-0.99310501490744
1,105976,0,0.732,0.0311,4,-20.431,1,0.0778,0.988,0.769,0.114,0.134,77.132,4,4977.0,48,2,-4.128228764343312,-0.23999978653349135
23,272840,0,0.328,0.646,2,-9.122,1,0.0331,0.0589,1.11e-05,0.306,0.44,78.331,4,13211.0,54,0,0.17376221433335148,-0.9364527383479537
10,189762,0,0.627,0.425,2,-10.765,1,0.0552,0.991,0.0235,0.456,0.88,109.779,4,2650.0,21,3,-0.6032784050502573,1.0100269221225433
2,227079,0,0.685,0.719,6,-5.978,0,0.132,0.28,0.144,0.0649,0.623,96.825,4,4237.0,15,0,1.140730312818351,-0.16308824139997224
42,261893,0,0.809,0.811,2,-12.449,1,0.0456,0.124,0.00679,0.149,0.889,115.353,4,8822.0,37,0,1.7260793529467993,0.4422291247806341
31,272733,0,0.69,0.588,5,-7.076,0,0.0372,0.00177,0.771,0.16,0.574,132.88,4,12619.0,39,2,0.8463097279663611,-1.345755954128894
54,192715,0,0.482,0.627,4,-5.808,1,0.134,0.598,0.0,0.198,0.216,85.829,4,12742.0,55,3,-0.3477276477345022,-0.5171778081834766
0,178440,0,0.469,0.293,10,-13.319,1,0.0319,0.976,0.877,0.107,0.452,84.021,4,461.0,12,2,-2.7712827473032515,-1.2295732026998425
23,235755,0,0.724,0.943,6,-6.65,0,0.0729,0.0528,0.0,0.202,0.964,133.004,4,335.0,24,0,2.7626988559416144,0.284038078282493
44,235195,0,0.627,0.791,5,-6.312,1,0.0294,0.00993,0.0955,0.23,0.521,144.904,4,9557.0,40,0,1.7882147738874157,-0.7432342967436224
16,138336,0,0.483,0.436,11,-8.591,0,0.0299,0.441,0.0,0.0869,0.534,114.342,3,12962.0,36,3,-0.2166188475073669,-0.5317566824332166
47,256227,0,0.575,0.622,7,-8.153,0,0.0283,0.00136,0.0,0.267,0.331,118.199,4,15620.0,43,0,0.8100730542660673,-0.7720096278317822
29,223440,0,0.598,0.556,10,-9.316,1,0.0255,0.162,1.02e-05,0.0907,0.31,105.896,4,654149.0,59,0,0.25413760383541295,-0.7971009489009115
30,293773,0,0.462,0.869,9,-9.654,0,0.0335,6.79e-05,0.0,0.683,0.445,137.045,4,23283.0,40,0,1.267111515744499,-0.41037978709920586
49,291699,0,0.545,0.511,0,-9.373,0,0.0258,0.257,1.61e-06,0.111,0.218,94.092,4,276844.0,55,3,-0.22448136639629984,-1.1284660646600644
9,129787,0,0.41,0.322,10,-11.229,1,0.0356,0.839,0.0,0.221,0.38,131.303,3,761042.0,66,3,-1.5289644668429678,-0.5894352115684186
27,56818,0,0.71,0.391,6,-14.781,1,0.948,0.805,0.0,0.587,0.892,97.05,4,79023.0,76,1,-1.2508828601693744,3.9595653490086167
39,61085,0,0.64,0.264,1,-19.747,1,0.954,0.316,0.0,0.492,0.544,80.392,4,79023.0,76,1,-2.0454661720565257,3.292440199663699
31,332320,0,0.699,0.916,5,-8.344,1,0.0516,0.508,0.0035,0.108,0.83,88.76,4,939177.0,76,0,1.4813137096700901,-0.024661610819188634
22,259573,0,0.611,0.313,9,-14.649,0,0.0279,0.271,0.0,0.362,0.185,140.004,4,8076.0,30,3,-0.9264725866596734,-0.6281920243707548
26,309133,0,0.63,0.773,10,-7.844,0,0.0362,0.13,3.67e-06,0.169,0.793,103.757,4,114127.0,59,0,1.6542166653267516,-0.28643447539009137
34,159360,1,0.874,0.412,9,-11.776,1,0.0795,0.663,6.21e-05,0.285,0.713,124.928,4,58256.0,42,0,0.0021969457690152257,1.1499614295603198
9,194965,0,0.441,0.391,5,-11.483,0,0.0296,0.484,0.0,0.276,0.691,167.029,4,352.0,19,3,-0.18246742046269784,-0.6052092604029855
0,205571,0,0.435,0.302,2,-12.672,1,0.048,0.984,1.16e-05,0.306,0.58,100.932,4,3325.0,4,3,-1.7795227612423856,-0.06588397086135862
53,242091,1,0.618,0.879,0,-4.796,0,0.0742,0.195,0.0,0.468,0.875,106.037,4,895839.0,70,0,2.120832879229083,0.5632604879143086
17,66013,0,0.402,0.938,5,-10.501,0,0.436,0.951,0.616,0.314,0.106,72.565,3,8150.0,48,2,-1.711469333454033,0.013918135567633966
17,231267,0,0.697,0.901,0,-6.064,0,0.0309,0.0568,0.725,0.133,0.939,123.021,4,7205.0,32,0,2.0219605934748675,-0.7158021410339359
34,85107,0,0.59,0.874,3,-7.036,1,0.834,0.513,0.0,0.354,0.608,111.76,4,613060.0,90,1,0.6553052787637096,2.1559920503418906
23,150120,0,0.669,0.788,8,-9.408,0,0.0764,0.141,0.0,0.0754,0.967,178.521,4,5798.0,39,0,2.1765746721753976,-0.030425653319319765
12,156456,0,0.727,0.74,4,-5.096,1,0.0271,0.166,3.98e-06,0.0685,0.971,117.075,4,643.0,24,0,2.209736268880526,0.3575735828345133
36,69667,0,0.676,0.509,1,-9.708,1,0.847,0.231,0.0,0.233,0.582,86.208,4,613060.0,90,1,-0.11045966157347893,2.4133798574084193
14,232507,0,0.284,0.646,9,-13.002,1,0.0315,0.000618,0.000648,0.108,0.597,182.874,4,111780.0,54,0,0.6634554251914473,-1.784229876155838
21,195558,0,0.383,0.378,6,-11.684,0,0.036,0.787,0.000254,0.163,0.444,131.342,4,11209.0,27,3,-1.2876036851072907,-0.9181000091322203
11,236560,0,0.627,0.823,9,-6.562,1,0.186,0.146,2.65e-06,0.142,0.792,175.918,4,871.0,17,0,2.225821159271003,-0.3391711926650252
19,214000,0,0.388,0.211,9,-16.299,0,0.0304,0.925,0.00257,0.0904,0.184,72.513,4,110940.0,47,3,-3.0209711699726816,-0.8613452401279239
31,223600,0,0.597,0.29,1,-14.119,1,0.0535,0.81,0.000119,0.102,0.644,86.08,4,6375.0,41,3,-1.4292628497190842,0.11125841295975795
26,212600,0,0.521,0.798,7,-3.85,1,0.0441,0.26,0.0,0.351,0.926,201.983,4,67809.0,50,0,2.4865420674651073,-0.5020406751613479
24,237667,0,0.344,0.864,9,-7.553,1,0.0821,0.001,6.02e-06,0.107,0.431,185.054,4,74065.0,44,0,1.5876512978137982,-1.8920849881158286
47,294785,0,0.307,0.213,7,-9.309,1,0.0451,0.944,1.04e-05,0.141,0.199,73.223,4,5734698.0,73,3,-2.3852048091274947,-1.3488702805291515
12,235133,0,0.602,0.277,7,-12.842,0,0.11,0.229,0.0,0.0581,0.515,99.996,4,3016.0,24,3,-0.6126582727714456,-0.30084181235872626
64,187280,1,0.835,0.42,8,-8.508,1,0.495,0.543,3.52e-06,0.126,0.344,139.997,4,865358.0,79,0,-0.07574168760253844,0.8709111856064964
30,63542,0,0.688,0.384,1,-15.887,1,0.957,0.372,0.0,0.0862,0.735,79.144,3,79023.0,76,1,-1.079757183836343,2.8393887436642387
13,172173,0,0.579,0.326,0,-12.19,1,0.0315,0.327,0.00336,0.143,0.531,93.681,4,273.0,7,3,-0.6478675938554034,-0.08860008456226336
43,236987,0,0.617,0.763,9,-7.194,1,0.0309,0.00135,0.00509,0.495,0.396,133.516,4,46375.0,37,0,1.430313073773112,-0.24355946757192368
16,271693,0,0.748,0.564,7,-13.154,0,0.0364,0.571,0.0,0.181,0.867,107.134,4,123413.0,31,0,0.31718248368428076,0.47161246218688774
44,217000,0,0.652,0.459,11,-9.867,1,0.0566,0.592,0.0,0.116,0.477,92.018,4,8153.0,43,3,-0.4128437380329771,-0.09384123851316124
21,223773,0,0.53,0.875,0,-4.1,1,0.0324,6.74e-05,0.0425,0.104,0.748,151.402,4,102989.0,52,0,2.4529181743911517,-0.9509734658416075
64,162467,0,0.428,0.559,1,-6.374,0,0.067,0.395,3.56e-05,0.136,0.607,86.459,4,3511514.0,82,0,0.17109152482614015,-0.3646929593692216
0,152507,0,0.67,0.28,9,-13.895,1,0.0334,0.785,0.0,0.17,0.883,75.062,4,47083.0,39,3,-1.077723271782496,0.9899209197075242
8,184000,0,0.642,0.662,5,-7.167,0,0.0234,0.103,1.62e-06,0.23,0.813,98.109,4,6937.0,40,0,1.4372145583654998,0.30890497388943194
52,280080,0,0.555,0.902,11,-4.048,1,0.0517,0.0523,0.0,0.483,0.614,139.921,4,315945.0,51,0,2.2502306411581463,-0.3692473261352113
46,440267,0,0.654,0.823,11,-5.768,0,0.0662,0.00371,0.431,0.186,0.631,144.995,4,571959.0,62,0,1.9688132594895238,-1.6064416507703798
1,196947,0,0.712,0.431,8,-7.466,0,0.0391,0.925,0.504,0.14,0.503,95.898,4,241.0,3,2,-0.9431112103169996,-0.35771496373201633
16,104533,0,0.556,0.64,2,-11.545,1,0.0586,0.257,0.0027,0.0834,0.919,101.88,4,1582426.0,73,0,0.6976784612284996,0.3882111301212404
15,209907,0,0.51,0.276,0,-16.002,0,0.0394,0.72,0.046,0.193,0.759,116.57,4,54147.0,41,3,-1.3755627979241494,-0.043431628436859805
44,428307,0,0.553,0.706,7,-7.231,0,0.032,0.699,7.27e-06,0.237,0.293,115.011,4,56670.0,49,3,0.1448503518746062,-1.343529379314825
20,315120,0,0.627,0.397,7,-11.524,1,0.0368,0.757,8.06e-05,0.0699,0.323,95.192,4,183062.0,48,3,-1.0934717183429172,-0.7508213755900913
5,82053,0,0.218,0.782,5,-23.216,0,0.0589,0.651,0.969,0.116,0.0165,103.935,5,425.0,28,2,-3.258677166520772,-2.177517744379181
39,381787,0,0.314,0.878,2,-7.562,1,0.0509,0.000118,0.000174,0.255,0.595,140.291,4,60431.0,35,0,1.587942981274811,-1.7269118498632052
13,234493,0,0.735,0.484,7,-7.443,1,0.081,0.342,0.0,0.204,0.764,141.409,4,657.0,15,0,1.059409622078012,0.15601868469327326
43,442760,0,0.531,0.562,1,-9.401,1,0.397,0.211,0.0,0.296,0.603,83.97,4,1696.0,34,0,0.282565052743081,-0.03022779463648653
17,133147,0,0.605,0.637,0,-7.447,1,0.0315,0.471,0.0,0.182,0.82,140.959,4,9744.0,37,0,1.0419349865130425,0.10540898578578539
27,91600,0,0.705,0.72,9,-8.718,1,0.955,0.279,0.0,0.442,0.535,77.096,5,23593.0,71,1,0.26401201583184636,3.004685174876501
24,200333,0,0.462,0.892,7,-4.947,1,0.117,0.173,0.0,0.327,0.353,163.949,4,189.0,17,0,1.567006758964304,-0.9386064011943753
13,195773,0,0.963,0.947,4,-6.763,1,0.0901,0.0882,0.0,0.296,0.962,122.019,4,84.0,6,0,2.979801921380686,1.3408938350834827
28,193120,0,0.604,0.834,0,-5.418,1,0.0422,0.053,4.37e-05,0.186,0.695,144.102,4,1675870.0,68,0,2.154335594138527,-0.4063384139144709
21,230253,0,0.561,0.466,7,-8.698,1,0.037,0.507,0.0,0.0839,0.734,133.177,4,2269.0,27,0,0.3196062434232965,-0.5063648451128873
1,276707,0,0.393,0.076,0,-14.935,0,0.0573,0.972,0.0,0.182,0.174,75.821,3,901.0,12,3,-3.2107115686334966,-0.8760742588467493
60,203947,0,0.804,0.681,10,-4.976,1,0.0336,0.356,0.0,0.105,0.732,120.085,4,3123799.0,80,0,1.6816224606722976,0.2108518251426771
6,166600,0,0.576,0.815,5,-7.309,0,0.328,0.0299,0.0,0.0533,0.683,174.871,4,9980.0,29,0,1.958963200986511,-0.23845665977518674
5,183307,0,0.433,0.362,0,-7.825,1,0.0255,0.792,0.000679,0.274,0.131,80.234,4,1159.0,19,3,-1.6124053648480525,-0.6543382804512615
25,272360,0,0.703,0.474,0,-7.795,1,0.0274,0.59,3.39e-06,0.207,0.256,111.98,3,9480.0,33,3,-0.205048462021151,-0.5045548455917108
2,171560,0,0.579,0.164,3,-13.699,1,0.0658,0.993,0.00012,0.0826,0.872,110.317,4,4483.0,5,3,-1.527875472016203,0.379869932558272
32,257520,0,0.668,0.457,7,-12.07,1,0.086,0.0351,0.0,0.0519,0.585,104.078,4,22885.0,33,0,0.3885749928093069,-0.2873825743626564
47,217000,0,0.472,0.373,10,-9.54,1,0.028,0.0824,0.0,0.0915,0.337,149.804,4,40904.0,50,3,0.039847008415549105,-1.3837413589162433
46,238587,0,0.548,0.496,6,-7.205,1,0.0382,0.536,0.0,0.165,0.175,139.908,4,177945.0,46,3,-0.2208269645915737,-1.1800562187558488
41,332813,0,0.495,0.38,6,-11.097,1,0.0278,0.574,4.52e-06,0.133,0.254,91.97,4,511.0,28,3,-1.1549998176648255,-1.171613435218503
6,346189,0,0.606,0.582,11,-13.013,1,0.0584,0.44,0.326,0.307,0.688,100.498,4,2765.0,31,0,-0.1979959215220723,-0.426754344317957
31,231720,0,0.663,0.828,0,-2.778,1,0.0269,0.021,0.0,0.195,0.764,95.977,4,3227.0,29,0,2.3649219893205027,-0.024608678830120113
16,201800,0,0.538,0.695,7,-9.32,1,0.154,0.59,1.32e-06,0.271,0.968,121.237,4,687.0,15,0,0.7539645501175954,0.5045601720173056
14,335091,0,0.528,0.607,7,-8.538,0,0.0392,0.778,0.0593,0.126,0.87,114.094,4,20.0,8,0,0.29754893188919485,-0.5736199649345483
27,53800,0,0.672,0.424,7,-9.12,1,0.94,0.466,0.0,0.926,0.907,95.465,4,33506.0,64,1,-0.22122364740614506,4.302674815700133
57,237540,0,0.404,0.427,11,-9.561,0,0.0389,0.659,0.0,0.113,0.44,120.172,4,4434582.0,73,3,-0.7929918471930429,-1.093089276786978
12,172880,0,0.528,0.102,2,-19.303,0,0.0438,0.987,0.949,0.0974,0.199,72.642,4,7302.0,30,2,-4.209918485657294,-1.2090488893406766
24,169787,0,0.833,0.734,6,-7.058,1,0.36,0.255,0.0,0.289,0.915,92.038,4,57092.0,45,0,1.6409887921122377,1.8660452238026382
36,72480,0,0.714,0.745,8,-9.904,1,0.749,0.553,0.0,0.277,0.558,117.96,5,613060.0,90,1,0.22994752811617078,2.1781624012772287
25,150560,0,0.597,0.907,2,-5.399,1,0.0369,0.531,0.00154,0.171,0.78,125.374,4,1327.0,27,0,1.6182407891393196,0.027844865274285233
62,252970,0,0.541,0.435,6,-7.404,1,0.0242,0.314,3.28e-06,0.114,0.242,95.023,4,1215135.0,58,3,-0.2635167202083183,-1.0036012712007236
76,185147,0,0.453,0.35,9,-11.639,0,0.0425,0.827,0.00122,0.144,0.279,72.017,3,181450.0,80,3,-1.8961995958539566,-0.48077706743243226
0,192932,0,0.284,0.156,9,-15.831,0,0.0352,0.753,0.0,0.459,0.549,119.008,4,49.0,1,3,-2.3074909864758304,-0.31132498085734017
31,291253,0,0.271,0.442,8,-8.548,0,0.0294,0.584,0.0,0.107,0.132,95.897,3,3747.0,34,3,-1.2912234383190233,-1.8953891541927324
3,167616,0,0.476,0.669,2,-8.406,1,0.238,0.802,0.038,0.254,0.492,99.792,4,1206.0,6,3,-0.4574825627672899,0.16840013424875547
20,525080,0,0.487,0.811,5,-6.782,1,0.0941,0.0771,0.0,0.207,0.573,140.282,4,7900.0,25,0,1.7467929787607506,-1.776518643517877
16,146720,0,0.522,0.757,11,-8.867,1,0.0448,0.713,0.0,0.592,0.902,114.789,4,4875.0,34,0,0.5859944500685862,0.9891772966366359
51,329173,0,0.335,0.42,4,-14.126,0,0.0477,0.648,0.0,0.235,0.489,167.912,4,4434582.0,73,3,-0.9631988323924764,-1.537543967870301
18,208880,0,0.674,0.499,1,-10.306,1,0.92,0.576,0.0,0.648,0.504,116.796,4,6155.0,57,1,-0.5710976860130177,2.625303995292861
50,226064,0,0.681,0.786,0,-5.534,1,0.0335,0.117,0.0,0.0665,0.633,91.991,4,481149.0,57,0,1.694719619830754,-0.2276964879928279
33,263133,0,0.451,0.851,9,-5.152,1,0.0511,0.0292,4.82e-06,0.076,0.557,150.989,4,271231.0,61,0,1.9227473511796935,-1.4590018705525467
0,155387,0,0.384,0.211,8,-11.248,1,0.0338,0.976,0.000178,0.182,0.142,112.643,4,4041.0,16,3,-2.4222046545345703,-0.9330616221340825
0,207278,0,0.571,0.487,10,-4.857,1,0.0861,0.976,0.0187,0.0529,0.523,137.725,4,103.0,6,3,-0.16183507342985154,-0.6382810737804067
35,87853,0,0.717,0.577,7,-7.752,1,0.872,0.635,0.0,0.414,0.777,122.148,3,613060.0,90,1,0.22305660282907416,2.869716547950858
28,205053,1,0.333,0.967,4,-3.909,0,0.0682,0.0099,0.0,0.142,0.576,170.381,4,117145.0,52,0,2.2414646026717193,-1.5728084724922609
0,162227,0,0.755,0.77,7,-4.057,1,0.0595,0.816,0.012,0.0546,0.962,121.429,4,95.0,1,0,1.5349839163110048,0.5289623958512274
30,58673,0,0.473,0.299,2,-21.666,1,0.889,0.941,0.00074,0.0787,0.161,83.777,3,79023.0,76,1,-3.6991623814911434,1.6614144680083835
12,230973,0,0.565,0.717,4,-8.0,1,0.0416,0.142,1.01e-05,0.285,0.381,114.93,4,3331.0,23,0,0.8491959992345962,-0.5443996934236623
55,288373,0,0.484,0.218,8,-13.423,0,0.0305,0.765,0.0304,0.11,0.128,87.983,4,251094.0,59,3,-2.282463164758062,-1.1359035427127677
27,83680,0,0.542,0.82,2,-9.629,0,0.35,0.899,0.0217,0.373,0.622,108.47,4,8623.0,38,1,-0.15122848801874744,1.2267513413654907
31,315947,0,0.529,0.294,5,-13.473,0,0.0329,0.847,0.0,0.226,0.392,120.109,4,216627.0,48,3,-1.5739002563579059,-0.7583264492200598
37,280166,0,0.459,0.224,1,-11.74,1,0.0351,0.907,0.0,0.11,0.216,129.545,4,514890.0,61,3,-1.9289334314680566,-1.3285507434078734
18,224000,0,0.92,0.64,9,-8.909,1,0.0373,0.0199,0.0443,0.057,0.941,90.703,4,939177.0,76,0,1.9020723033035476,0.7956615776736636
16,228080,0,0.562,0.281,4,-10.08,1,0.0258,0.898,0.0,0.0942,0.163,75.871,4,436.0,16,3,-1.895220536166706,-0.646136493439312
7,289253,0,0.458,0.789,9,-5.588,1,0.0641,0.71,0.0,0.105,0.451,109.109,4,338.0,13,0,0.4125888206027392,-1.0967630266882429
37,259840,0,0.571,0.62,7,-6.952,0,0.0261,0.0564,3.67e-06,0.325,0.309,130.071,4,18376.0,42,0,0.8910408001359698,-0.81846267607043
30,76467,0,0.774,0.765,2,-7.661,0,0.888,0.799,0.0,0.647,0.744,104.523,3,84951.0,73,1,0.31839690740281174,3.626389421544048
0,273133,0,0.221,0.143,10,-16.884,0,0.0385,0.994,0.903,0.116,0.152,77.225,4,61.0,2,2,-4.305755143371609,-2.423801274625322
30,208448,0,0.62,0.785,11,-4.629,1,0.0564,0.0696,0.0,0.123,0.599,144.932,4,84018.0,51,0,2.0199042829213067,-0.6342067276992959
25,200726,0,0.777,0.777,3,-8.742,1,0.061,0.134,1.84e-06,0.279,0.801,118.984,4,638.0,36,0,1.8157307543577836,0.6368537619138186
26,313933,0,0.695,0.687,11,-11.99,0,0.126,0.329,0.0,0.125,0.805,135.433,4,180.0,19,0,1.0554034516252138,-0.10051594278158515
9,88733,0,0.277,0.174,2,-16.919,1,0.0713,0.907,0.00788,0.159,0.135,199.512,3,971.0,21,3,-2.6819670073767496,-1.4962792416828865
46,307627,0,0.629,0.717,4,-7.36,1,0.0336,0.361,7.84e-05,0.0597,0.748,103.753,4,559189.0,60,0,1.2147939798750458,-0.4948933760957881
20,280227,0,0.641,0.483,3,-11.512,1,0.0469,0.626,0.0,0.682,0.512,91.906,4,72300.0,38,3,-0.5753277710451502,0.7629558785813281
17,110360,0,0.59,0.224,2,-11.855,0,0.151,0.978,0.000423,0.0742,0.673,135.803,4,130.0,9,3,-1.34029095205621,0.30114620139198134
30,280623,0,0.595,0.871,2,-4.864,1,0.032,0.00367,0.0,0.0807,0.871,131.966,4,218565.0,53,0,2.5777939813251796,-0.6623857658677805
34,306339,0,0.542,0.477,11,-9.874,0,0.0951,0.458,0.0,0.0744,0.688,133.964,4,1679.0,24,0,0.22932243134513197,-0.7602688882360632
18,206773,0,0.4,0.185,1,-17.477,1,0.0325,0.825,0.428,0.108,0.132,74.763,4,22923.0,53,2,-3.4494632694432963,-1.2949925364060597
23,236773,0,0.65,0.737,2,-8.64,0,0.0486,0.246,4.53e-05,0.0768,0.67,90.878,4,3063201.0,68,0,1.0774216194814175,-0.14146575789867957
59,137143,0,0.789,0.525,8,-9.39,1,0.183,0.262,0.000145,0.148,0.28,104.985,4,15174.0,58,0,0.17031819056622605,0.42710338068218595
35,78293,0,0.678,0.557,7,-9.278,1,0.932,0.58,0.0,0.443,0.83,99.877,3,613060.0,90,1,-0.07759178650908165,3.2266255388270926
2,191400,0,0.805,0.311,0,-12.564,1,0.478,0.962,0.00223,0.151,0.697,117.439,4,21786.0,34,1,-1.0367833525602699,1.578264657341823
29,212093,0,0.612,0.537,0,-7.625,1,0.0304,0.0636,2.91e-05,0.0723,0.622,100.02,4,12515.0,38,0,0.9112790123939387,-0.3764363537115683
44,283576,0,0.662,0.847,11,-5.632,0,0.0386,0.398,2.82e-05,0.0971,0.925,170.289,4,8977.0,44,0,2.3278918329178704,-0.5544386439540713
4,187573,0,0.529,0.658,2,-9.716,0,0.0307,0.0497,0.0,0.283,0.861,141.108,4,835.0,22,0,1.3880130160639215,-0.10051244368915055
19,232333,0,0.434,0.0772,11,-13.764,1,0.047,0.994,0.0638,0.109,0.205,69.662,3,20038.0,33,3,-3.1162790588057194,-0.7771084324468731
35,309853,0,0.434,0.781,10,-9.399,1,0.0531,0.0331,0.0445,0.37,0.595,112.411,4,19287.0,54,0,1.0514020991702153,-0.742932869977305
53,198649,0,0.64,0.107,2,-21.314,1,0.115,0.994,0.942,0.0957,0.589,147.934,4,21185.0,62,2,-3.240892362923625,-0.8774101935555668
33,278267,0,0.52,0.389,4,-6.641,1,0.0329,0.212,0.00372,0.173,0.122,125.6,4,911.0,23,3,-0.14055775399966533,-1.428666217093536
22,163893,0,0.485,0.0922,11,-24.13,1,0.0356,0.93,0.134,0.116,0.205,105.566,4,40632.0,36,3,-3.8486974185217386,-0.559522492341554
0,182592,0,0.662,0.482,5,-6.832,1,0.0733,0.923,0.0884,0.245,0.605,146.528,4,293.0,9,3,-0.08300215125685663,0.00017756150793192638
18,194880,0,0.324,0.908,0,-8.683,1,0.0765,0.00377,0.000125,0.32,0.33,98.213,4,44348.0,43,0,0.7851501182305787,-0.8914681467830824
0,444786,0,0.792,0.888,11,-7.248,0,0.0561,0.00878,0.781,0.191,0.415,131.993,4,2045.0,9,2,1.5335900531295616,-1.7860483774787113
36,234359,0,0.65,0.822,2,-5.852,0,0.0348,0.00408,0.000192,0.265,0.487,116.985,4,6340.0,33,0,1.794660731134703,-0.35608904015274206
45,287781,0,0.759,0.863,7,-3.306,0,0.0389,0.533,1.4e-06,0.133,0.807,161.898,4,15831.0,34,0,2.3640507321877697,-0.34990450589354855
27,58347,0,0.69,0.761,6,-12.819,0,0.911,0.566,0.0,0.332,0.292,107.023,5,84951.0,73,1,-0.6025054195881763,2.418295088170278
36,206864,0,0.866,0.574,2,-6.397,1,0.0497,0.00859,0.0,0.208,0.553,133.093,4,206143.0,66,0,1.702011331540733,0.22658249913493417
27,115813,0,0.725,0.543,0,-8.476,1,0.935,0.334,0.0,0.363,0.752,88.014,1,23593.0,71,1,0.24221756546576656,2.9987589358248146
38,169200,0,0.811,0.392,0,-13.256,1,0.149,0.267,0.0,0.249,0.915,145.567,4,3415.0,35,0,0.6267828924091129,1.0669423954409112
0,629333,0,0.626,0.726,0,-10.804,1,0.0384,0.0103,0.728,0.0677,0.168,135.011,4,72.0,1,2,0.4135202044631117,-3.2896605294911403
28,61290,0,0.627,0.419,0,-16.142,1,0.701,0.859,0.0,0.362,0.626,78.224,3,79023.0,76,1,-1.8696999584537304,2.648200576983227
31,190133,0,0.581,0.424,8,-16.922,1,0.0319,0.74,1.85e-06,0.0804,0.742,128.075,4,61117.0,56,3,-0.9576710737362002,-0.05768954841755563
18,225760,0,0.635,0.349,4,-17.604,1,0.0352,0.84,0.058,0.144,0.691,122.287,3,76171.0,41,3,-1.3833173531689045,0.04906169932830482
37,305440,0,0.651,0.359,8,-13.594,1,0.0266,0.427,0.0,0.0929,0.48,131.901,4,122937.0,54,3,-0.460415470192451,-0.7416938984687015
18,67387,0,0.702,0.293,9,-25.179,0,0.945,0.752,0.0,0.282,0.591,79.271,4,773.0,30,1,-2.9494692239146647,3.310456313164839
37,421669,0,0.728,0.538,7,-10.374,0,0.0368,0.704,0.0,0.0869,0.881,101.334,3,20856.0,46,0,0.4233036179318241,-0.22491549751486814
35,30293,0,0.595,0.961,6,-10.833,1,0.496,0.886,0.0951,0.965,0.138,81.46,3,833.0,25,1,-0.9059932882612465,2.47036472890457
15,99013,0,0.851,0.337,9,-10.684,0,0.181,0.824,0.0,0.114,0.92,108.07,4,998.0,41,3,-0.2091762029221371,1.5931054353004577
37,284533,0,0.699,0.86,10,-10.066,0,0.0619,0.0971,0.0,0.325,0.817,95.508,4,18305.0,37,0,1.7072692889308585,0.4372797594850916
54,182046,1,0.826,0.743,2,-6.064,1,0.297,0.0683,0.0,0.124,0.536,135.047,4,33378.0,52,0,1.8430459808051967,0.5271213727098358
33,220187,0,0.551,0.987,7,-3.419,1,0.122,0.0635,1.65e-05,0.955,0.135,99.077,4,33991.0,35,0,1.4548079003877652,0.5262645586490596
18,389907,0,0.558,0.862,10,-6.314,0,0.0365,0.000334,0.000873,0.156,0.463,125.019,4,373213.0,54,0,1.8280310964823547,-1.403565320853096
2,56480,0,0.459,0.948,7,-7.935,1,0.0625,0.000143,0.0793,0.332,0.112,136.044,4,4839.0,22,0,0.9817015741799685,-0.7236226829633593
38,97667,0,0.627,0.64,7,-7.919,1,0.478,0.332,0.0,0.333,0.421,85.756,4,128052.0,80,1,0.10220511118111776,1.3826133916527443
57,233640,0,0.413,0.646,9,-2.812,1,0.0284,0.0512,5.65e-06,0.213,0.26,140.002,4,581816.0,59,0,1.1229447806651793,-1.565412433103871
12,258800,0,0.668,0.702,11,-7.251,1,0.262,0.149,0.0,0.112,0.474,172.316,4,2320.0,20,0,1.4877374592745436,-0.5420235278435168
24,205145,0,0.438,0.671,9,-8.477,0,0.097,0.515,0.0559,0.423,0.695,188.337,4,23057.0,51,0,0.76308053187976,-0.5264062227678359
15,139500,0,0.555,0.913,10,-8.083,0,0.0783,0.253,0.0,0.404,0.805,113.651,4,550.0,26,0,1.5706686576601037,0.5754654543573239
3,128813,0,0.541,0.694,1,-5.844,1,0.116,0.425,0.0,0.399,0.933,209.494,4,21703.0,43,0,1.8180339814530915,0.11625544978222348
9,161400,0,0.687,0.593,3,-9.042,1,0.0424,0.664,0.518,0.0976,0.979,122.383,4,852.0,28,0,0.3439112055030365,-0.040177682360651765
16,268040,0,0.162,0.197,2,-14.765,1,0.032,0.783,0.848,0.154,0.147,174.943,4,3233.0,35,2,-3.1085365995815204,-3.2649578272194564
36,66587,0,0.622,0.407,3,-16.149,0,0.765,0.0386,0.0,0.444,0.814,130.618,4,613060.0,90,1,-0.22733257510062954,2.55528707807181
41,245667,0,0.551,0.289,2,-22.638,0,0.402,0.264,0.0,0.089,0.627,82.731,4,3299.0,38,3,-1.8182776500501927,0.6720596660001152
36,88693,0,0.698,0.479,1,-14.297,1,0.844,0.264,0.0,0.133,0.733,104.882,4,613060.0,90,1,-0.3141910189552775,2.372302199679725
10,189339,0,0.59,0.585,7,-11.886,1,0.0366,0.821,0.00244,0.122,0.805,125.878,3,2364.0,33,3,-0.11454223374361953,0.04592366759753862
47,174493,0,0.672,0.63,1,-6.604,0,0.0738,0.633,0.000107,0.139,0.713,100.168,4,3232907.0,69,0,0.6089703972150075,0.33799460349027766
21,199481,0,0.395,0.284,7,-8.771,1,0.0333,0.933,1.59e-06,0.657,0.366,151.492,4,257.0,34,3,-1.4110253553842869,-0.2615017829835029
36,64733,0,0.791,0.319,6,-11.249,0,0.895,0.188,0.0,0.543,0.604,109.199,4,613060.0,90,1,-0.3361312200445224,3.296375088301174
12,285267,0,0.387,0.592,0,-11.054,1,0.0351,0.569,0.541,0.191,0.753,125.541,4,466010.0,66,2,-0.4468968692358014,-1.3946423459096595
22,260440,0,0.475,0.272,5,-13.156,1,0.035,0.745,0.0,0.207,0.359,164.365,4,2204.0,29,3,-1.3309796956918782,-1.1341805066569723
33,164000,0,0.633,0.827,2,-3.506,1,0.0305,0.00454,0.0,0.262,0.867,132.028,4,3626.0,46,0,2.5752837956142534,0.13150903636933906
13,250173,0,0.574,0.453,7,-13.226,0,0.0251,0.302,4.89e-06,0.1,0.615,175.27,4,11132.0,38,0,0.25631720921007745,-0.9420717279955403
21,369999,0,0.423,0.701,9,-7.582,1,0.283,0.643,5.08e-06,0.665,0.603,78.521,4,10834.0,31,3,-0.06782319790754986,0.4639100218146049
17,316893,0,0.304,0.622,5,-5.806,0,0.0383,0.685,4.84e-06,0.145,0.478,83.408,4,3063201.0,68,3,-0.3054103121122581,-1.3403300789734227
23,277893,0,0.717,0.329,5,-13.079,1,0.0341,0.212,3.52e-05,0.113,0.408,126.043,4,4365.0,24,3,-0.2290761244213069,-0.5283445424962938
35,70920,0,0.668,0.755,0,-8.29,0,0.932,0.669,0.0,0.731,0.431,72.858,1,613060.0,90,1,-0.4148790822002535,3.443246508516609
43,292733,0,0.884,0.648,0,-12.577,1,0.0372,0.492,0.0,0.311,0.969,114.039,4,1480038.0,72,0,1.070357625602834,1.0324338085096851
6,144614,0,0.912,0.569,7,-14.025,1,0.0505,0.22,0.0,0.473,0.985,117.818,4,2963.0,35,0,1.0836581006399737,1.896346319160583
15,234160,0,0.573,0.892,10,-7.499,1,0.0582,0.0306,0.0685,0.276,0.947,191.709,4,107366.0,47,0,2.643337842855419,-0.5053777098272969
41,89591,0,0.619,0.45,7,-14.713,1,0.937,0.907,0.0,0.348,0.484,92.071,3,47399.0,71,1,-1.913599319969654,2.7029466629023835
25,146693,0,0.593,0.403,7,-8.796,1,0.0485,0.856,4.32e-05,0.536,0.785,115.346,4,9568.0,37,3,-0.42553250144815497,0.9957109010998182
32,384760,0,0.856,0.905,10,-3.146,1,0.0662,0.06,0.000147,0.0511,0.824,126.985,4,32058.0,37,0,3.141210772550222,-0.3621933987732731
19,237000,0,0.694,0.754,10,-8.431,1,0.0366,0.0407,0.112,0.0394,0.931,153.535,4,11197.0,45,0,2.160126790894713,-0.4301240212092044
9,142000,0,0.733,0.146,9,-12.708,1,0.0701,0.938,8.08e-05,0.296,0.6,88.452,4,454706.0,52,3,-1.6898968126691676,1.0758188843194194
7,543472,0,0.275,0.478,0,-15.62,1,0.0422,0.177,0.892,0.134,0.19,138.394,3,4644.0,20,2,-1.5866685462244334,-3.7965215526597254
61,247987,0,0.544,0.701,0,-5.289,1,0.0337,0.000617,0.0,0.0973,0.294,129.949,4,53194.0,50,0,1.2745804859864136,-1.322303993073992
37,138292,0,0.74,0.725,9,-3.467,1,0.037,0.298,0.0,0.0716,0.934,110.056,4,34224.0,35,0,2.0732766713766324,0.48418922493537314
35,271955,0,0.598,0.348,3,-7.998,1,0.0377,0.803,0.0,0.0797,0.526,129.948,4,39017.0,50,3,-0.4865120417905949,-0.7228111689374399
29,214440,0,0.532,0.975,7,-5.461,1,0.0732,0.522,0.0131,0.269,0.551,176.384,4,47249.0,43,0,1.701814057113016,-0.7756995340224045
55,183853,0,0.786,0.864,4,-5.297,0,0.0496,0.136,0.0,0.445,0.581,89.983,4,1260058.0,76,0,1.872495172744305,0.8602280772198617
63,304560,0,0.535,0.737,2,-5.154,1,0.0377,0.131,0.0,0.26,0.655,132.293,4,980612.0,68,0,1.6822837388833687,-0.779966164939335
25,238493,0,0.634,0.408,2,-14.107,1,0.0339,0.599,0.0,0.0709,0.692,141.219,4,689.0,38,3,-0.3718049051025157,-0.34434013625857957
1,241067,0,0.828,0.82,7,-5.379,1,0.0628,0.276,0.0,0.198,0.858,127.977,4,26449.0,29,0,2.317066334117918,0.4535492709671831
17,170107,0,0.542,0.606,1,-7.452,1,0.0308,0.593,0.0,0.0696,0.743,142.072,3,666.0,28,0,0.6468951814212418,-0.462687210919305
24,189307,0,0.584,0.166,4,-15.665,0,0.0509,0.901,1.43e-05,0.13,0.344,86.453,3,6720.0,34,3,-2.4317815130141183,-0.06710597832521742
63,298893,0,0.528,0.624,11,-6.613,0,0.0301,0.391,0.0,0.0777,0.374,80.051,4,654149.0,59,3,0.22461262488296194,-0.9905227285346812
23,53120,0,0.726,0.277,7,-8.821,1,0.0535,0.814,2.73e-06,0.0677,0.805,117.571,4,2655.0,40,3,-0.3989811973446263,0.8237788159020099
29,198640,0,0.503,0.92,8,-4.378,1,0.0397,0.246,0.118,0.216,0.791,100.008,4,563.0,22,0,1.7729309395160993,-0.3074600404481962
17,415200,0,0.697,0.684,1,-9.103,1,0.102,0.268,0.0314,0.0573,0.793,87.951,4,4938.0,35,0,1.1724058355132367,-0.3885877288487245
27,68760,0,0.722,0.336,2,-12.478,0,0.935,0.582,0.0,0.31,0.589,75.726,4,84951.0,73,1,-1.2990348108060026,3.1032397713583992
47,228547,0,0.418,0.18,9,-13.47,0,0.0447,0.985,0.0004,0.134,0.239,197.541,3,643196.0,65,3,-1.9520563970360485,-1.606543501199548
45,223500,0,0.441,0.181,8,-16.237,0,0.041,0.85,4.74e-06,0.124,0.207,145.984,4,2417.0,38,3,-2.388333318595999,-1.1928218782543054
47,178899,0,0.769,0.611,0,-8.542,1,0.032,0.0319,1.06e-06,0.315,0.615,107.966,4,63221.0,48,0,1.2687476263317676,0.5329601288070773
34,57279,0,0.546,0.321,6,-13.341,0,0.298,0.965,0.000808,0.568,0.623,118.468,4,128057.0,82,1,-1.672748155735213,1.6614914852398073
8,205920,0,0.556,0.465,9,-6.857,0,0.0243,0.357,2.09e-06,0.376,0.123,90.071,4,18883.0,50,3,-0.42892084474157544,-0.4387893834473763
40,323787,0,0.54,0.765,7,-6.287,1,0.0287,0.0143,1.46e-05,0.601,0.761,153.799,4,40936.0,45,0,2.047793307351401,-0.2600506748135283
14,193794,0,0.582,0.472,0,-13.577,1,0.0415,0.846,0.937,0.273,0.737,146.661,4,28460.0,64,2,-1.3178952394285945,-0.8734535639889247
22,243108,0,0.662,0.334,9,-15.643,1,0.0338,0.731,0.0939,0.268,0.67,146.678,4,199.0,37,3,-0.9239118072149792,-0.022164617889043867
61,48545,0,0.366,0.97,2,-7.537,1,0.0751,6.72e-06,0.871,0.0927,0.636,200.107,4,47914.0,73,2,1.4090079329504361,-2.020808634080658
44,248227,0,0.493,0.253,4,-10.542,0,0.0439,0.914,0.0,0.0812,0.25,97.451,4,62940.0,57,3,-1.8782916729601336,-0.9155616500140485
42,243749,0,0.71,0.618,7,-5.994,0,0.103,0.373,0.0,0.273,0.504,81.053,4,1208915.0,64,0,0.6798050994563911,0.31815790138076483
61,54250,0,0.584,0.0493,7,-25.225,1,0.232,0.994,0.906,0.0929,0.971,115.325,4,54.0,49,2,-3.688600499478567,0.5366381609550753
13,241987,0,0.674,0.931,4,-7.434,0,0.0418,0.00987,0.176,0.0504,0.975,125.065,4,8184.0,33,0,2.491346407534975,-0.3175635184247336
40,58164,0,0.88,0.322,0,-10.011,1,0.0599,0.865,0.0,0.394,0.916,110.81,4,28832.0,59,0,-0.1797863401212082,2.0388877612664995
2,246177,0,0.736,0.577,11,-11.255,1,0.0459,0.0784,0.0626,0.337,0.966,125.704,4,7238.0,26,0,1.3584038026934933,0.5940858096768812
21,184530,0,0.641,0.582,2,-4.914,1,0.0641,0.0101,0.0,0.0779,0.202,124.055,4,92.0,12,0,0.9789581699289446,-0.8906240270767289
0,393902,0,0.668,1.0,10,-5.515,0,0.0924,0.000432,0.754,0.501,0.524,140.988,4,107.0,4,0,1.907415971736526,-1.2454959424951064
45,105307,0,0.613,0.615,0,-10.46,1,0.828,0.18,0.0,0.508,0.553,116.421,4,613060.0,90,1,0.16996491693559224,2.3297382707450387
24,205270,1,0.381,0.978,1,-3.494,1,0.135,0.00105,0.0,0.297,0.507,123.648,4,3549.0,28,0,1.9565586749235875,-0.7800706715482452
30,64536,0,0.55,0.481,0,-13.941,1,0.952,0.605,0.0,0.268,0.802,171.826,4,79023.0,76,1,-0.5392096488230054,2.210298250464713
35,257579,1,0.467,0.853,2,-4.439,1,0.354,0.468,0.0,0.0928,0.374,77.98,4,17000.0,46,0,0.5711407848951516,-0.33650472354938055
57,278400,0,0.722,0.637,2,-4.348,1,0.0339,0.0113,6.73e-05,0.0802,0.563,117.063,4,1670684.0,82,0,1.7975236366722769,-0.5778883471718679
43,163501,0,0.728,0.637,0,-7.729,1,0.039,0.298,0.0,0.0947,0.885,96.042,4,38618.0,48,0,1.2740279764378322,0.5521852578798458
34,88907,0,0.629,0.697,11,-9.251,0,0.26,0.133,1.26e-05,0.532,0.508,116.806,4,613060.0,90,0,0.7490027324920389,1.1814977077387276
36,220630,0,0.649,0.982,11,-6.017,1,0.0367,0.00722,8.95e-05,0.336,0.946,120.015,4,94935.0,47,0,2.73700278011893,0.35384626051728646
29,260453,0,0.646,0.677,2,-10.117,1,0.0515,0.0249,0.000132,0.295,0.486,120.985,4,39913.0,49,0,1.0249688104951684,-0.28921147774635575
43,189307,0,0.735,0.877,9,-3.987,0,0.0856,0.2,0.00244,0.139,0.862,135.155,4,119664.0,58,0,2.554754682086473,0.2233827070958318
52,112031,0,0.438,0.0202,11,-25.347,1,0.0508,0.979,0.907,0.123,0.46,80.056,4,1890.0,61,2,-4.772537720197397,-0.7349251497567019
15,205449,0,0.697,0.771,2,-9.982,1,0.0987,0.0324,0.0,0.0759,0.962,152.374,4,273.0,9,0,2.12501180470203,0.07490533901531812
5,173173,0,0.828,0.625,0,-10.074,1,0.0379,0.376,0.000129,0.0482,0.729,120.211,4,2852.0,25,0,1.022995644732407,0.3939504184798796
44,319280,0,0.244,0.539,2,-9.64,1,0.0424,0.672,3.57e-06,0.317,0.217,96.757,4,14519.0,57,3,-1.2481455779876165,-1.5159668982802075
0,256040,0,0.423,0.0279,0,-24.251,0,0.0589,0.995,0.933,0.104,0.0894,70.129,3,785.0,17,2,-5.1692082156425,-1.710031308547981
17,226000,0,0.379,0.362,10,-10.968,1,0.0318,0.442,0.789,0.107,0.151,74.571,4,887.0,33,2,-2.1432630675135824,-2.0166528151564425
35,230800,0,0.465,0.371,2,-14.878,0,0.0497,0.349,5.44e-05,0.0644,0.302,76.649,4,1480038.0,72,3,-1.4093378056193193,-0.7875789641229821
35,163427,0,0.558,0.491,9,-13.127,1,0.0562,0.662,0.0,0.868,0.25,124.367,4,101583.0,49,3,-1.1506014790227155,0.784690921242857
32,273347,0,0.351,0.866,2,-5.82,1,0.0358,0.00502,0.0012,0.0963,0.844,152.93,4,14545.0,36,0,2.1598518302588907,-1.4061279666167448
48,237740,0,0.666,0.509,7,-7.589,1,0.404,0.257,0.0,0.122,0.886,177.986,4,512165.0,65,0,1.3724542093850842,0.35363485079990276
29,170947,0,0.77,0.472,2,-7.572,1,0.0362,0.75,0.00203,0.175,0.537,129.819,4,3123799.0,80,3,0.12081983552712836,0.22087080026200911
57,206550,1,0.793,0.63,11,-6.761,0,0.151,0.119,1.48e-06,0.251,0.205,99.96,4,79878.0,66,0,0.7950290120305041,0.17065707500536406
3,199142,0,0.731,0.452,2,-9.426,0,0.0512,0.574,0.0,0.541,0.876,93.537,4,2262.0,17,0,0.24277027242122032,1.4061476105865813
13,265320,0,0.748,0.641,9,-4.588,1,0.0276,0.0702,0.0,0.0953,0.7,95.978,4,11912.0,32,0,1.7801462646754078,-0.11023328522607824
0,196200,0,0.498,0.943,1,-2.931,0,0.0491,0.036,1.91e-06,0.137,0.602,136.899,4,11038.0,33,0,2.3423067722369617,-0.8961972206807929
37,64747,0,0.702,0.582,0,-11.562,1,0.961,0.713,0.0,0.313,0.406,60.267,3,613060.0,90,1,-1.2224181725535455,3.0032928698146684
25,62467,0,0.612,0.448,4,-10.553,1,0.0403,0.634,0.0,0.173,0.943,135.223,4,8367.0,40,0,0.1616112484879694,0.6780744832586357
50,59500,0,0.555,0.124,1,-17.47,1,0.247,0.96,1.66e-06,0.209,0.213,89.586,3,3149.0,57,3,-3.176039302786858,0.723428151388679
18,158200,0,0.296,0.546,7,-7.654,1,0.0333,0.508,0.0,0.0591,0.839,139.073,4,38146.0,38,0,0.3087082558362523,-0.9508530030681588
40,185400,0,0.685,0.615,10,-6.977,1,0.0382,0.45,0.0,0.119,0.525,99.929,4,28844.0,40,0,0.5848772285402399,-0.039693919665657024
46,215458,0,0.773,0.794,8,-9.23,0,0.0482,0.15,0.0,0.0188,0.977,98.133,4,24132.0,40,0,1.9219535680891326,0.4541153020118658
36,85787,0,0.475,0.293,0,-14.762,1,0.421,0.448,6.98e-05,0.0818,0.312,102.387,1,613060.0,90,3,-1.7744450598320312,0.3911338624899137
41,233267,0,0.722,0.695,2,-9.33,1,0.0293,0.0204,0.000115,0.257,0.692,123.599,4,10837.0,32,0,1.5621269422086435,0.10068305356331012
33,271053,0,0.548,0.357,7,-14.595,1,0.0282,0.353,0.0,0.104,0.378,135.974,4,3282.0,33,3,-0.7674045858314231,-1.0224996629471967
41,129778,1,0.875,0.482,8,-10.965,1,0.342,0.00552,3.08e-06,0.101,0.452,154.889,4,6022.0,54,0,0.8840159825943602,0.7462205272661718
36,181800,0,0.626,0.924,7,-6.076,1,0.0478,0.0133,3.11e-06,0.388,0.743,102.885,4,14753.0,33,0,2.1391613283420754,0.4271628313995526
35,106867,0,0.627,0.414,2,-10.054,1,0.484,0.767,0.0,0.516,0.581,111.571,3,613060.0,90,1,-0.8636126432473475,1.8749772851404853
41,72427,0,0.702,0.248,1,-11.418,1,0.927,0.482,0.0,0.327,0.546,117.797,1,613060.0,90,1,-1.0629940661492188,2.654881606658527
26,192297,0,0.663,0.271,2,-16.921,1,0.955,0.813,0.0,0.135,0.512,79.252,4,232.0,26,1,-2.3000194740433217,2.2845214966291887
39,121640,0,0.143,0.155,9,-17.167,0,0.0326,0.785,0.0371,0.136,0.0377,89.921,4,561.0,37,3,-3.618493618789545,-1.454572627789254
13,488373,0,0.515,0.282,7,-13.98,1,0.0465,0.724,0.145,0.0861,0.318,130.188,4,466010.0,66,3,-1.5305015021990713,-1.9422530460317522
29,335827,0,0.523,0.91,9,-7.497,0,0.0345,0.0042,0.0517,0.0567,0.784,100.886,4,96394.0,37,0,1.9564484136577636,-0.9596849293910458
12,308320,0,0.426,0.217,9,-14.044,1,0.0544,0.939,0.706,0.103,0.514,179.781,4,11039.0,30,2,-2.120402191947277,-2.1717650686020127
1,319427,0,0.563,0.204,5,-13.427,0,0.055,0.729,0.00166,0.133,0.428,126.523,4,1585.0,24,3,-1.4610674776582286,-0.8308516868771887
33,231613,0,0.734,0.521,2,-4.286,1,0.0669,0.451,1.26e-06,0.115,0.304,108.11,4,72955.0,46,0,0.5098498771445038,-0.39421367329907664
54,242493,0,0.543,0.752,6,-6.95,0,0.072,0.153,0.0,0.358,0.515,147.787,4,56263.0,52,0,1.359241545803592,-0.5411310586147547
30,193067,0,0.581,0.629,4,-3.903,1,0.0414,0.265,0.0,0.105,0.452,77.492,4,25064.0,41,0,0.7829250235638985,-0.3919602792891523
15,247668,0,0.641,0.521,6,-6.809,1,0.218,0.208,1.94e-05,0.0685,0.952,90.116,4,3171.0,14,0,1.1218936945845828,0.4606658619898149
20,273345,0,0.624,0.435,5,-7.949,1,0.0316,0.572,0.0,0.0895,0.164,144.066,4,1879.0,15,3,-0.3121864867547505,-1.265598095223383
33,222533,1,0.616,0.785,1,-7.785,0,0.273,0.0854,0.0,0.121,0.785,88.973,4,21210.0,30,0,1.463897694127016,0.46306855832934174
51,239173,0,0.561,0.572,2,-6.997,1,0.0832,0.651,0.0,0.0977,0.181,179.781,3,2725.0,40,3,0.08868310884231946,-1.4440848151993715
34,149920,0,0.762,0.807,10,-5.043,1,0.0321,0.21,1.99e-06,0.0884,0.534,124.998,4,129245.0,55,0,1.8261034182356082,-0.072755956336594
35,69133,0,0.741,0.651,2,-7.323,1,0.814,0.342,0.0,0.37,0.917,53.271,4,613060.0,90,1,0.6334294308888754,3.3832261906721905
14,169459,0,0.505,0.257,7,-22.256,1,0.182,0.252,0.0,0.103,0.691,153.283,4,213.0,16,3,-1.3233677455845718,-0.06853574002464712
2,119861,0,0.674,0.551,0,-13.501,0,0.112,0.0639,0.029,0.107,0.821,142.817,4,886.0,11,0,0.8504219378539243,0.35540818210847186
31,139227,0,0.58,0.661,10,-9.261,1,0.0398,0.615,0.0,0.431,0.871,173.597,4,2169.0,33,0,0.9162187622986941,0.38717401264091406
37,542493,0,0.843,0.554,8,-7.608,1,0.045,0.0117,0.3,0.0474,0.439,124.0,4,159126.0,48,0,1.2839339285477491,-1.637665090267519
17,151800,0,0.659,0.342,11,-15.852,1,0.0965,0.98,0.0211,0.159,0.582,109.822,4,566.0,13,3,-1.6440135619707688,0.5117681067486671
20,226133,0,0.552,0.74,10,-1.639,0,0.0341,0.682,0.0,0.221,0.406,122.637,4,59788.0,41,0,0.886408775277744,-0.7258854493616413
32,255400,0,0.697,0.474,0,-15.073,1,0.0317,0.346,0.0,0.0429,0.786,91.262,4,1643.0,32,0,-0.056778488101368506,0.14116285947492455
11,325773,0,0.509,0.494,5,-13.378,1,0.799,0.92,0.0,0.47,0.311,80.145,1,1149.0,20,1,-1.978048945538653,1.3952780088377408
32,111453,0,0.814,0.18,1,-12.948,1,0.0451,0.897,0.633,0.114,0.301,109.765,4,293.0,45,2,-2.204418199550127,-0.19230906969060982
15,124667,0,0.172,0.126,9,-23.385,1,0.043,0.985,0.967,0.179,0.0632,70.64,5,1220.0,17,2,-5.402529329644251,-1.917836873846724
9,243600,0,0.386,0.702,0,-10.559,1,0.0317,0.00521,0.000733,0.234,0.766,164.161,4,44348.0,43,0,1.293918371690204,-1.0345869992717127
11,160800,0,0.502,0.449,1,-13.808,1,0.0469,0.568,0.000494,0.111,0.81,113.965,4,12359.0,35,3,-0.5038242517893728,0.0004206713939226844
46,232960,0,0.362,0.672,2,-7.636,1,0.0879,0.0643,0.0,0.66,0.231,111.886,5,902755.0,65,0,0.27734175794616667,-0.48301116240130115
22,197822,0,0.508,0.937,4,-10.111,0,0.226,0.551,4.24e-06,0.332,0.811,141.032,4,1377.0,28,0,1.096740833376042,0.35080411762039965
18,272749,1,0.708,0.713,4,-5.679,1,0.277,0.0217,0.0,0.551,0.61,82.007,4,5454.0,32,0,1.4566594214004813,1.112096088480603
50,320600,0,0.563,0.188,7,-13.363,1,0.0322,0.73,1.03e-06,0.106,0.12,115.818,4,3061467.0,76,3,-1.9521835656325306,-1.2300923752599142
53,305387,0,0.518,0.665,1,-4.199,1,0.0379,0.705,0.0,0.1,0.429,93.301,4,133771.0,52,3,0.27457732424950054,-0.9895361188649786
49,260867,0,0.711,0.945,0,-3.241,1,0.0486,0.16,0.0,0.134,0.577,120.022,4,2701496.0,84,0,2.391829855765392,-0.4365562447546037
23,190760,0,0.657,0.499,7,-13.719,1,0.0431,0.258,0.0,0.248,0.775,92.059,4,97206.0,53,0,0.11115666533262193,0.5843077367480616
23,211560,0,0.489,0.65,7,-12.104,1,0.0294,0.00158,0.0,0.0892,0.557,111.452,4,8353.0,33,0,0.5727045134105869,-0.7620719244038707
14,38777,0,0.673,0.142,0,-19.33,1,0.617,0.967,0.0,0.344,0.948,107.57,4,1016.0,26,1,-2.252922010962529,2.9337135976771864
12,346256,0,0.445,0.426,4,-14.87,1,0.0495,0.528,0.0,0.346,0.425,74.765,4,46371.0,53,3,-1.373293990329845,-0.5135653538107745
39,275560,0,0.624,0.54,4,-10.801,1,0.0401,0.271,1.41e-06,0.092,0.505,96.928,4,40250.0,43,0,0.1851350812584681,-0.5096427559645262
16,187720,0,0.643,0.63,2,-9.973,1,0.0293,0.172,4.59e-05,0.143,0.797,125.235,4,14109.0,50,0,1.1477469604668669,0.012047086853699757
40,152693,0,0.704,0.822,11,-5.497,0,0.0402,0.247,0.0,0.0451,0.944,124.013,4,14187.0,45,0,2.2071469406984225,0.23153382069047193
51,131894,0,0.665,0.295,2,-11.805,1,0.0451,0.911,0.00199,0.105,0.563,140.754,4,18894.0,40,3,-1.0199795095454927,0.06314789491043932
13,255693,0,0.544,0.868,7,-4.744,1,0.08,0.757,0.0,0.973,0.597,129.767,4,28029.0,41,0,0.9364764108498662,0.8796050070565032
37,242520,0,0.508,0.888,7,-4.126,1,0.0545,0.00162,0.000707,0.0816,0.761,144.928,4,1061.0,26,0,2.4560756433370985,-0.9597867063434761
37,240013,0,0.745,0.327,2,-9.386,1,0.0522,0.244,3.97e-06,0.148,0.382,119.678,4,680867.0,63,3,0.03646141332668053,-0.27928188591892666
6,261124,0,0.407,0.462,2,-7.561,0,0.0405,0.862,0.00328,0.376,0.419,111.067,4,1323.0,5,3,-0.8903271657443262,-0.6394510664364358
31,208227,0,0.691,0.471,2,-9.084,1,0.027,0.000395,1.42e-05,0.13,0.189,103.449,4,92686.0,51,0,0.2692905435053695,-0.593979766809508
34,289907,0,0.567,0.662,4,-5.422,0,0.0289,0.494,0.0193,0.119,0.146,114.457,4,11372.0,27,3,0.24918461014135873,-1.3398276155691597
24,340787,0,0.68,0.486,11,-10.977,0,0.062,0.518,0.121,0.07,0.675,94.656,4,212471.0,54,3,-0.0534149343921395,-0.41375611304358134
37,196893,0,0.366,0.406,7,-9.127,0,0.0274,0.856,0.000112,0.0963,0.282,102.729,3,3930.0,27,3,-1.468639539052054,-1.1364539733429369
25,88467,0,0.85,0.39,10,-6.697,1,0.0437,0.847,0.0,0.0807,0.951,100.336,4,28832.0,59,0,0.33716418711419927,1.2905084531772584
24,173866,0,0.763,0.41,10,-10.692,1,0.0403,0.519,2.98e-05,0.0803,0.965,119.194,4,69.0,40,0,0.47662242227564006,0.6483527790128821
9,236960,0,0.724,0.65,9,-13.93,0,0.0309,0.0964,0.00167,0.565,0.316,129.627,4,267.0,7,0,0.3876258892357932,0.2709274656031842
38,247800,0,0.485,0.988,11,-3.407,1,0.189,0.00349,0.0,0.21,0.349,135.027,4,788.0,27,0,2.0337415676966053,-0.9776931257435476
26,244320,0,0.532,0.788,0,-8.921,0,0.0455,0.147,0.819,0.262,0.0367,120.988,4,56372.0,58,2,-0.21409766089769702,-2.0266911548860014
14,204359,0,0.574,0.656,1,-2.161,1,0.03,0.272,0.0,0.0925,0.207,115.836,4,3283.0,28,0,0.9403264235764007,-1.1128141703292047
1,189884,0,0.505,0.299,7,-12.25,1,0.0404,0.974,0.103,0.303,0.518,109.379,4,1428.0,15,3,-1.7322936198980756,-0.10831380145810693
30,227027,0,0.554,0.965,2,-4.455,1,0.0312,0.0149,2.64e-05,0.229,0.747,98.268,4,80626.0,41,0,2.312528092942678,-0.23861125560127253
28,187272,0,0.516,0.616,7,-9.266,0,0.0314,0.0555,3.89e-05,0.0937,0.476,141.135,4,2632.0,23,0,0.8267205384564952,-0.9559978323624152
27,151013,1,0.862,0.566,1,-5.407,1,0.197,0.257,0.0,0.0948,0.202,133.915,4,6572.0,49,0,0.8927916789957262,0.10859803995234087
13,266867,0,0.745,0.443,2,-19.951,1,0.171,0.22,0.000181,0.268,0.836,116.35,4,2862.0,28,0,-0.23425224449544282,0.8836293796553688
5,197190,0,0.778,0.679,8,-6.893,1,0.208,0.83,0.000345,0.242,0.702,119.606,4,8742.0,33,0,0.6436564939020434,0.9007744304814191
27,102635,0,0.818,0.625,3,-11.385,1,0.0415,0.077,0.455,0.331,0.933,112.146,4,2930.0,38,0,1.0475551867593271,0.917641092846407
59,147653,0,0.877,0.897,11,-7.193,0,0.15,0.038,0.00953,0.0313,0.533,112.969,4,55769.0,65,0,2.0955382612057045,0.45018091026593676
8,238560,0,0.697,0.623,4,-8.011,1,0.049,0.121,0.0025,0.0955,0.965,135.316,4,6937.0,40,0,1.8087804000684802,0.013006635092960309
53,181387,0,0.565,0.861,5,-2.909,1,0.0321,0.0294,1.03e-05,0.114,0.797,154.122,4,42156.0,48,0,2.6486145311703337,-0.6294725206167464
31,264034,0,0.722,0.631,4,-8.664,1,0.0548,0.786,3.22e-05,0.0757,0.954,118.517,4,60772.0,52,0,0.7824602086450955,0.2511214043772565
31,190360,0,0.527,0.832,4,-7.404,1,0.0311,0.0117,0.0,0.118,0.796,140.041,4,6553.0,33,0,1.9955036257752354,-0.5607155008720723
13,263933,0,0.363,0.651,0,-5.7,0,0.0381,0.841,0.000235,0.224,0.759,146.281,4,651.0,48,0,0.3842382970271618,-0.9435329549318344
13,255348,0,0.559,0.593,1,-9.146,1,0.0361,0.226,0.0,0.0338,0.929,97.384,4,3924.0,16,0,0.9902257787766323,-0.2583945970510111
41,326560,0,0.652,0.504,0,-8.834,0,0.0295,0.661,1.24e-05,0.165,0.398,126.599,4,12569.0,31,3,-0.10311542259558182,-0.7904691372103168
38,151733,0,0.835,0.462,11,-12.622,1,0.0591,0.731,0.0,0.0845,0.903,120.562,4,41173.0,49,0,0.12290639652905487,0.9588680766334866
43,207824,0,0.719,0.699,11,-4.457,1,0.0478,0.116,0.0,0.16,0.818,139.964,4,17303.0,41,0,2.198243793164867,-0.0032445418798911375
31,165419,0,0.573,0.198,2,-19.478,0,0.0359,0.588,0.00116,0.198,0.182,114.089,4,3340685.0,68,3,-2.3966331653655395,-0.3216560038351173
64,188840,1,0.39,0.967,10,-1.946,1,0.0644,0.000758,1.74e-05,0.302,0.488,151.944,4,162624.0,53,0,2.2842132697529824,-1.1004465096753024
30,239190,0,0.686,0.558,2,-7.526,1,0.0443,0.633,1.01e-05,0.0771,0.522,132.972,4,1385393.0,70,0,0.398684083659983,-0.46807890695250165
76,154667,0,0.495,0.856,0,-5.123,0,0.0311,0.000219,0.0,0.103,0.609,158.024,4,2535163.0,78,0,2.095985484058329,-0.9640162956324821
24,187600,0,0.57,0.548,5,-11.539,1,0.0507,0.038,0.0,0.321,0.837,134.487,4,2185.0,25,0,0.9479079769816304,0.1815345401327563
41,147833,0,0.701,0.694,3,-6.663,0,0.331,0.583,0.0,0.359,0.595,103.991,4,16732.0,46,0,0.5709095494652693,1.2559831114090063
35,83280,0,0.693,0.431,4,-10.218,1,0.93,0.731,0.0,0.54,0.755,70.476,4,613060.0,90,1,-0.9371407065269259,3.611205747413626
53,187453,0,0.682,0.657,0,-7.258,0,0.0882,0.0855,0.0234,0.217,0.386,115.058,4,2479.0,53,0,1.007203173134518,-0.1610389877441295
19,243893,0,0.385,0.457,9,-6.294,1,0.0296,0.639,0.0,0.211,0.26,137.025,4,5380.0,24,3,-0.5251744260487444,-1.4237497213761587
38,233720,0,0.382,0.578,6,-10.868,1,0.0303,0.359,0.0,0.12,0.585,97.648,4,196614.0,56,3,-0.16728842421250217,-0.8579242210882562
8,151162,0,0.421,0.722,3,-14.384,1,0.0481,0.000666,0.821,0.11,0.657,99.876,4,886.0,11,2,-0.26677020617710984,-1.2757926735654685
54,227335,0,0.46,0.444,7,-6.217,1,0.123,0.714,2.65e-05,0.0881,0.7,74.977,4,20077.0,50,3,-0.3830391652504351,-0.19065616091711482
19,145640,0,0.462,0.0407,5,-20.254,1,0.0461,0.953,0.0,0.122,0.491,141.678,3,11.0,34,3,-2.9306151417513795,-0.3663861476923297
77,251119,0,0.645,0.372,5,-9.639,1,0.0249,0.634,0.000135,0.0853,0.361,97.996,4,512165.0,65,3,-0.7273266059814464,-0.5237253769329103
26,57659,0,0.682,0.183,0,-26.671,1,0.947,0.659,0.0,0.142,0.419,75.216,5,79023.0,76,1,-3.497301842334286,2.875745314866423
44,270093,0,0.345,0.482,8,-12.946,1,0.0448,0.0588,0.0,0.317,0.481,68.384,3,3443.0,30,3,-0.5790785777954507,-0.6213667672071538
37,64027,0,0.53,0.854,4,-8.406,0,0.0829,0.0247,0.00157,0.312,0.663,125.34,1,613060.0,90,0,1.5246544901635009,0.30317385955264076
0,147377,0,0.324,0.0316,0,-28.097,1,0.0514,0.964,0.111,0.0741,0.28,165.309,4,1564.0,38,3,-4.211281467566109,-1.1918102645508073
27,57164,0,0.69,0.366,5,-14.335,0,0.949,0.38,0.0,0.385,0.741,89.659,4,79023.0,76,1,-0.9310044408347837,3.2983297444246635
0,357463,0,0.574,0.264,7,-12.672,1,0.048,0.991,0.823,0.166,0.767,120.36,4,760.0,3,2,-1.8211035587515336,-1.248758342952234
35,89853,0,0.65,0.586,1,-11.489,1,0.898,0.305,0.0,0.385,0.783,81.194,4,613060.0,90,1,-0.06156374602040654,2.993360025043384
11,276787,0,0.354,0.83,2,-3.621,1,0.039,0.862,0.171,0.293,0.497,93.861,4,1385393.0,70,3,0.1327180487934569,-1.0557548546224584
2,266658,0,0.366,0.462,2,-10.511,1,0.0287,0.0515,4.16e-05,0.131,0.349,104.842,3,68.0,3,3,-0.23820738499520594,-1.4077636963277895
46,214936,0,0.501,0.67,11,-7.683,0,0.0589,0.000509,0.869,0.0928,0.504,146.204,4,252814.0,56,2,0.5372145326876753,-2.003123088801009
13,155819,0,0.829,0.204,7,-8.498,0,0.0522,0.741,0.00697,0.101,0.322,107.884,3,5599.0,23,3,-0.9038308547716741,0.2555625000935845
36,217183,0,0.553,0.647,0,-5.269,1,0.0501,0.651,0.0,0.128,0.578,82.538,4,213126.0,47,0,0.31481241469900595,-0.2497427821961404
18,204253,0,0.711,0.646,0,-8.442,1,0.0505,0.000406,0.0,0.129,0.839,134.877,4,163705.0,52,0,1.8090313870383936,0.059682957841629976
2,103307,0,0.646,0.258,0,-12.588,1,0.0451,0.922,0.779,0.108,0.929,96.6,4,10903.0,31,2,-1.6773021288921306,0.08993365191056088
20,161533,0,0.361,0.404,0,-6.813,1,0.0309,0.735,0.0,0.0519,0.389,94.355,4,308.0,42,3,-1.0077905408599004,-0.9878543882168463
7,277320,0,0.265,0.262,4,-12.925,0,0.0318,0.655,0.000117,0.0892,0.146,168.973,4,22312.0,27,3,-1.7710685967232476,-2.283780154698162
0,125703,0,0.708,0.339,0,-25.213,1,0.91,0.506,0.0,0.11,0.362,107.631,3,17413.0,55,1,-2.545619174841399,2.1902805306482684
19,227600,0,0.655,0.793,6,-6.665,1,0.2,0.79,0.0,0.549,0.665,111.498,4,3430.0,25,0,0.6603575458393627,1.0111270047782783
45,220733,0,0.662,0.771,2,-10.121,1,0.0409,0.28,0.000798,0.0935,0.255,130.698,4,71438.0,52,0,0.6720658877001894,-0.8062135671435976
23,195933,0,0.647,0.218,2,-14.068,1,0.0304,0.818,0.0,0.0883,0.372,90.72,4,5114.0,32,3,-1.850661051001897,-0.09826676326130408
39,209800,0,0.575,0.396,2,-13.395,1,0.0306,0.0243,1.02e-06,0.0814,0.244,99.709,4,74584.0,41,3,-0.5109157648570729,-0.7873941371752589
27,248747,0,0.526,0.937,7,-4.211,0,0.0469,0.536,1.79e-05,0.182,0.8,162.957,4,2445.0,29,0,2.015433400815765,-0.7237867002538764
5,149243,0,0.418,0.484,0,-12.095,1,0.0343,0.614,0.000335,0.128,0.463,107.757,4,2223.0,19,3,-0.9510246813015111,-0.583782825818898
62,227243,0,0.623,0.32,5,-10.227,0,0.0328,0.825,1.02e-06,0.0834,0.387,89.959,4,91827.0,58,3,-1.23896124228222,-0.33426743170204976
23,208733,0,0.538,0.305,11,-12.11,1,0.0281,0.713,0.0,0.0796,0.466,91.728,4,11150.0,48,3,-1.345180663641247,-0.41274330158946404
37,55536,0,0.663,0.344,10,-17.156,1,0.944,0.88,0.0,0.674,0.443,110.95,5,128057.0,82,1,-2.2947892348125385,3.4104176892353495
17,220642,0,0.389,0.355,2,-13.729,1,0.0314,0.437,0.0,0.148,0.318,120.425,4,5884.0,24,3,-1.2762621176661948,-1.1383230449049626
0,177685,0,0.691,0.735,9,-4.896,0,0.0393,0.00124,0.0185,0.078,0.668,135.992,4,874.0,7,0,2.1011844736385803,-0.33833124060854747
15,181023,0,0.352,0.364,9,-14.089,0,0.104,0.765,5.88e-06,0.0628,0.301,82.126,4,9972.0,29,3,-2.12093247210021,-0.761442510550384
39,279733,0,0.53,0.585,1,-6.308,1,0.0276,0.307,0.0,0.112,0.46,146.069,4,152999.0,53,0,0.8115154604781566,-1.261744805159053
30,95707,0,0.751,0.601,0,-8.961,1,0.744,0.739,0.0,0.74,0.544,35.151,4,23593.0,71,1,-0.7860879284854378,3.657418049197269
27,145588,0,0.309,0.278,2,-9.686,1,0.0538,0.789,7.75e-06,0.136,0.753,68.431,3,308.0,42,3,-1.463173412074746,-0.1482065013128931
17,520613,0,0.257,0.827,9,-7.406,1,0.0518,0.00373,0.00792,0.753,0.266,141.149,4,4642.0,28,0,0.983687435673882,-1.8495670766326824
42,63960,0,0.413,0.134,1,-12.367,0,0.058,0.939,0.0,0.207,0.402,75.442,1,3475.0,33,3,-2.5831522132103375,0.16113342506079864
32,237987,0,0.327,0.492,1,-10.952,0,0.0383,0.33,0.729,0.115,0.256,80.144,4,103944.0,54,2,-1.5541039914398886,-2.051781648029828
22,252520,0,0.613,0.847,7,-6.667,1,0.0364,0.356,0.0,0.314,0.794,145.129,4,3484.0,31,0,1.8157275754561792,-0.15067316733852507
34,96000,0,0.651,0.367,2,-16.56,1,0.942,0.514,0.0,0.327,0.609,90.11,5,128057.0,82,1,-1.541242417598392,2.856628704395454
26,267200,0,0.688,0.862,9,-10.105,0,0.0316,0.195,0.0169,0.0309,0.962,118.567,4,2636.0,30,0,1.9224097298974685,-0.1184457732400586
24,219587,0,0.788,0.455,2,-8.82,1,0.0412,0.823,1.08e-06,0.129,0.506,126.016,4,88367.0,47,3,-0.14513896220005754,0.0659825580096466
22,475024,0,0.377,0.354,1,-21.31,1,0.0411,0.771,0.863,0.174,0.0599,109.032,4,466010.0,66,2,-3.49019477771485,-2.870884554548779
43,228204,0,0.634,0.759,7,-7.801,1,0.0372,0.106,0.0,0.0866,0.897,145.037,4,25227.0,45,0,2.0275914809936713,-0.32916909354502705
32,207013,0,0.524,0.638,0,-4.887,1,0.0405,0.275,0.0,0.164,0.307,119.712,3,8494.0,28,0,0.6781330477164014,-0.9461883972045898
16,159556,0,0.764,0.522,11,-6.556,0,0.0292,0.859,3.14e-05,0.305,0.604,112.53,3,634720.0,67,0,0.1354726424194651,0.6781749750118551
1,824208,0,0.45,0.316,8,-9.948,1,0.0451,0.547,0.764,0.36,0.455,125.33,4,16379.0,40,2,-1.0628691069389191,-3.33064459211949
17,210882,0,0.648,0.984,4,-7.243,0,0.0452,0.0053,0.825,0.151,0.332,135.996,4,77324.0,48,2,1.2557877724977395,-1.6525873374166575
38,262000,0,0.608,0.859,5,-3.605,0,0.0332,0.127,0.000641,0.154,0.739,102.233,4,8543.0,30,0,2.1433748060222104,-0.3701965472770257
2,187107,0,0.594,0.249,11,-12.639,1,0.0414,0.953,0.000222,0.172,0.678,100.937,4,2426.0,8,3,-1.4564178966889068,0.2700998091213383
45,259653,0,0.342,0.406,7,-7.729,0,0.0342,0.0601,0.0,0.946,0.345,187.047,3,1480038.0,72,0,0.2861129571066107,-0.5988607209032247
20,248712,0,0.524,0.617,6,-6.839,1,0.0322,0.833,6.35e-06,0.117,0.75,100.913,4,4643.0,18,3,0.16464754268944817,-0.3341585954193846
23,152400,0,0.687,0.724,7,-4.206,1,0.069,0.483,0.0,0.057,0.975,139.705,4,134.0,22,0,1.897340507341151,0.2316210459566489
25,248107,0,0.585,0.398,2,-7.646,1,0.0698,0.624,0.0,0.111,0.389,146.008,4,2204.0,29,3,-0.22489931842511346,-0.891309049405649
13,239173,0,0.489,0.495,9,-7.094,1,0.0258,0.524,0.0,0.0733,0.194,77.884,4,757.0,22,3,-0.6487428852831738,-1.0594731480034512
0,132004,0,0.617,0.385,10,-22.019,0,0.956,0.544,0.0,0.0984,0.319,70.067,1,17413.0,55,1,-2.6268415024663767,2.1656916250124545
21,47320,0,0.745,0.793,2,-8.864,1,0.815,0.089,0.0,0.232,0.851,87.753,3,6155.0,57,1,1.2845067604600915,2.8439100854972903
17,300267,0,0.425,0.661,0,-8.17,0,0.0327,0.0444,6.98e-05,0.177,0.435,113.461,4,19287.0,54,0,0.7384723083192025,-1.2997391713833004
18,157420,0,0.794,0.547,7,-11.023,1,0.0504,0.0939,0.0,0.0862,0.967,77.519,4,17021.0,36,0,1.1005470135005095,1.0172031781329036
15,286040,0,0.606,0.386,6,-9.584,0,0.028,0.892,0.0,0.157,0.337,129.861,4,719.0,15,3,-0.9212952587691948,-0.8089598358599689
45,375240,0,0.767,0.638,9,-9.765,0,0.0399,0.136,0.0597,0.358,0.961,96.996,4,99431.0,65,0,1.5157185887820688,0.4473174901413519
66,264014,0,0.791,0.652,6,-4.092,1,0.0426,0.0112,0.109,0.0804,0.494,179.998,4,28026432.0,85,0,2.1838299821528464,-0.9954766193650962
41,339653,0,0.591,0.964,2,-0.62,1,0.0422,0.0919,0.000319,0.231,0.752,91.2,4,2853.0,33,0,2.6909291685419987,-0.5009339994215437
28,187173,0,0.481,0.974,8,-4.739,1,0.0337,0.0049,0.0335,0.836,0.558,139.976,4,7467.0,35,0,2.0849542033916184,0.25302656096064824
21,213640,0,0.427,0.845,2,-6.188,0,0.0465,0.0325,0.000123,0.218,0.6,147.555,4,46594.0,43,0,1.7442246476668688,-1.0030626726253395
2,198171,0,0.541,0.179,7,-12.91,1,0.0491,0.974,0.000113,0.11,0.371,153.401,4,1169.0,23,3,-1.8108698217369306,-0.7463590108566607
34,186293,0,0.543,0.815,1,-6.986,1,0.105,0.411,0.0,0.388,0.818,162.189,4,20919.0,44,0,1.5801139550987722,0.09725974793514569
9,228293,0,0.555,0.497,4,-14.598,0,0.0342,0.612,0.00038,0.0517,0.82,87.835,4,25050.0,43,3,-0.5498567230936132,0.0009189763285813367
45,174640,0,0.623,0.209,4,-12.906,1,0.0347,0.879,0.0,0.106,0.477,164.08,4,467.0,35,3,-1.2791527167821137,-0.46249103257041635
7,236013,0,0.707,0.942,7,-7.541,0,0.0306,0.406,0.187,0.0835,0.504,125.035,4,2690.0,30,0,1.3796826396542163,-0.6679022151771028
35,242533,0,0.608,0.846,0,-5.56,1,0.0671,0.45,0.0106,0.217,0.366,122.868,4,254874.0,55,0,1.0650127262789448,-0.6182336196933184
15,323693,0,0.556,0.404,11,-13.297,1,0.0762,0.764,0.0,0.128,0.946,167.027,3,1643.0,32,3,-0.1176961162943543,-0.4976313438624753
19,224960,0,0.568,0.912,7,-5.282,1,0.0442,0.115,0.0,0.214,0.787,172.111,4,4849.0,40,0,2.518453280609667,-0.6390734772547351
27,92813,0,0.772,0.847,10,-6.567,0,0.726,0.32,0.0,0.158,0.655,81.068,5,23593.0,71,1,1.146103430626964,2.2493590523054463
49,226683,0,0.566,0.833,7,-4.64,0,0.0713,0.0782,7.26e-06,0.0723,0.31,140.037,4,99247.0,65,0,1.6251240997357987,-1.2200383200220626
23,261267,0,0.667,0.574,7,-8.547,0,0.0255,0.513,0.0,0.354,0.714,101.683,4,54827.0,43,0,0.5016304384214324,0.33025448149831554
20,66801,0,0.648,0.398,7,-25.095,1,0.883,0.388,0.0,0.554,0.209,81.555,4,1255.0,31,1,-2.792020866663236,2.955923647049866
34,355293,0,0.725,0.927,9,-5.698,0,0.058,0.0489,0.00342,0.0833,0.608,127.99,4,9973.0,29,0,2.4275716388436073,-0.790666211831665
29,183733,0,0.537,0.729,7,-6.959,1,0.0364,0.226,0.0,0.26,0.852,126.017,4,1582426.0,73,0,1.49119977299506,-0.019187974065229537
34,236379,0,0.32,0.547,11,-9.934,0,0.0592,0.0152,0.0,0.119,0.512,135.967,4,654373.0,59,0,0.3713455251218225,-1.4384519216027338
37,106653,0,0.648,0.896,2,-5.902,1,0.035,0.0732,0.0242,0.14,0.951,151.907,4,1951.0,43,0,2.6080869798752566,0.1441254013465033
23,58000,0,0.853,0.434,0,-9.398,1,0.0571,0.499,0.0,0.12,0.985,106.139,4,112.0,26,0,0.6906194359895961,1.4704087235791887
2,204227,0,0.665,0.211,9,-11.607,0,0.0603,0.952,0.0,0.0984,0.683,117.006,4,63623.0,43,3,-1.195055130455195,0.17330340083077003
11,182747,0,0.41,0.589,5,-3.916,1,0.0327,0.825,1.2e-05,0.187,0.582,91.396,1,619.0,10,3,-0.10671553351273154,-0.4767608953761641
25,181103,0,0.4,0.577,0,-6.749,1,0.0298,0.852,0.0066,0.113,0.489,82.863,4,0.0,25,3,-0.6531316167232543,-0.6313583186251881
24,247547,0,0.644,0.89,5,-4.925,1,0.106,0.137,0.0,0.774,0.861,128.978,4,18590.0,36,0,2.3335932280592107,1.0428040338648366
42,239200,0,0.435,0.851,4,-7.581,0,0.264,0.176,0.0,0.0959,0.753,84.487,4,184761.0,55,0,1.1612337489531774,-0.12656050415024253
0,195967,0,0.575,0.443,2,-7.396,1,0.0341,0.994,9.52e-06,0.363,0.65,106.536,4,802.0,22,3,-0.5840494539955511,0.3335930059511915
26,224533,0,0.6,0.266,9,-15.281,0,0.0289,0.773,0.0,0.264,0.512,130.162,4,6047.0,32,3,-1.4464713508874536,-0.10507689038200409
42,205280,0,0.764,0.426,4,-6.013,0,0.54,0.481,0.0,0.106,0.351,130.895,4,298358.0,71,0,0.11030541502247299,0.6894517644032019
38,370133,0,0.464,0.0749,8,-12.808,0,0.0353,0.987,0.00333,0.109,0.184,81.193,4,26232.0,47,3,-2.7724927670645423,-1.2577436702988394
38,206983,0,0.349,0.0978,0,-17.692,1,0.0425,0.982,0.00503,0.0916,0.265,120.274,4,1199.0,43,3,-3.1564460571647177,-1.1111759202761915
46,261799,0,0.559,0.399,11,-9.213,1,0.0252,0.0482,0.000408,0.413,0.231,139.999,4,1270.0,33,3,0.10556223206170628,-0.8016776649731586
19,225467,0,0.652,0.572,0,-8.653,1,0.0252,0.103,4.82e-06,0.131,0.659,111.36,4,2246.0,23,0,1.0200072235246394,-0.23006004278308417
47,225173,0,0.68,0.852,9,-3.821,1,0.0324,0.28,0.0,0.37,0.715,118.0,4,38146.0,34,0,2.030907195899451,0.23450308233269396
26,207933,0,0.763,0.282,10,-13.625,1,0.0313,0.84,1.31e-05,0.194,0.393,112.991,4,4437.0,26,3,-1.3379649223174641,0.21364549665633475
6,227440,0,0.506,0.293,5,-12.262,0,0.104,0.774,5.49e-06,0.212,0.706,146.662,4,670.0,6,3,-0.8897758396590592,-0.24594288517593518
26,66960,0,0.733,0.388,5,-10.753,0,0.956,0.8,0.0,0.636,0.676,102.774,3,84951.0,73,1,-1.0489392633253283,3.699969985760329
8,219147,0,0.635,0.665,5,-7.172,1,0.196,0.516,1.76e-06,0.0577,0.863,122.459,4,18295.0,36,0,1.0575801879232438,0.19921347257609504
41,202047,0,0.597,0.43,1,-7.314,0,0.0459,0.695,0.0,0.112,0.298,130.086,4,329524.0,59,3,-0.4401300453047587,-0.740297343339453
50,229013,0,0.434,0.345,9,-8.781,1,0.0265,0.189,0.0189,0.0648,0.0502,74.787,4,3420.0,49,3,-1.0193394322581177,-1.388765214262318
22,162013,0,0.716,0.62,2,-7.978,1,0.0408,0.267,3.08e-06,0.0403,0.939,147.579,4,64774.0,56,0,1.6428661742773494,0.11965251235667247
30,63000,0,0.726,0.375,9,-14.372,0,0.956,0.565,0.0,0.162,0.405,73.102,4,79023.0,76,1,-1.6316137717861787,2.7313600784308014
31,266307,0,0.41,0.347,8,-11.201,1,0.0445,0.876,6.71e-06,0.864,0.169,106.55,4,1218283.0,63,3,-1.9566603160186904,0.07094882781848123
39,248000,0,0.481,0.203,8,-11.049,1,0.0318,0.792,0.00339,0.281,0.26,123.21,4,79970.0,45,3,-1.738373199250356,-0.799153915480461
53,158880,0,0.404,0.832,2,-10.002,0,0.0896,0.000951,0.0,0.0595,0.31,90.782,4,378754.0,62,0,0.5424344366772427,-0.9465128879601371
36,196875,0,0.852,0.684,8,-5.764,0,0.0573,0.0443,0.75,0.117,0.952,128.023,4,69050.0,55,0,1.8331852773393331,-0.20517769815490802
9,144080,0,0.721,0.334,3,-11.563,0,0.033,0.893,0.0773,0.0917,0.505,118.965,4,3365.0,31,3,-1.0550251262387969,0.11421200517727065
55,246680,0,0.568,0.382,5,-9.906,1,0.0285,0.782,1.03e-05,0.0945,0.3,140.085,4,1877399.0,58,3,-0.8752183288954188,-1.027521144123008
48,199736,0,0.769,0.979,4,-2.5,1,0.0603,0.143,0.0,0.492,0.801,113.997,4,1357968.0,68,0,2.8271965305255207,0.8988584080952357
27,210760,0,0.682,0.814,1,-6.665,1,0.0561,0.00404,0.332,0.109,0.131,139.937,4,8262.0,34,0,1.1500343727177786,-1.3704870441243124
0,195000,0,0.215,0.179,8,-14.313,1,0.0324,0.986,0.868,0.0824,0.124,142.109,4,451.0,10,2,-3.592619814839831,-2.778202392292103
4,140400,0,0.0,0.457,5,-8.54,1,0.0,0.904,0.0,0.514,0.0,0.0,0,259.0,11,3,-3.0699152976452977,-0.7969595479884333
29,202040,0,0.569,0.63,11,-12.007,1,0.037,0.155,0.0,0.0983,0.778,134.861,4,8227.0,26,0,0.8897149209647022,-0.3510076735526111
49,73827,0,0.516,0.439,1,-14.33,1,0.057,0.156,0.00134,0.2,0.154,155.435,4,613060.0,90,3,-0.6649994806007489,-0.679730876714623
63,267787,0,0.494,0.582,0,-4.769,1,0.0266,0.102,0.0,0.0797,0.416,82.025,4,870472.0,78,0,0.711695398357388,-1.0441697602480813
40,234508,0,0.515,0.297,0,-9.511,0,0.0299,0.844,0.0,0.197,0.294,77.973,4,19973.0,39,3,-1.6269884418770677,-0.4746525968125245
17,264240,0,0.655,0.567,7,-10.634,1,0.0275,0.193,0.000446,0.162,0.29,127.113,4,7959.0,38,0,0.3197554006280399,-0.7975391756928468
8,360320,0,0.39,0.654,0,-9.35,1,0.0469,0.054,0.123,0.0936,0.168,147.732,4,22312.0,27,0,0.34441167663064925,-2.3979829380826456
35,62893,0,0.62,0.357,0,-16.3,1,0.334,0.045,0.0,0.102,0.607,64.104,4,613060.0,90,3,-0.83776611888546,1.2749790317823493
5,90280,0,0.659,0.329,11,-9.162,0,0.036,0.814,0.0018,0.333,0.83,111.925,5,2879.0,24,3,-0.4336050456003683,1.0442024045606306
7,189440,0,0.376,0.104,2,-16.626,1,0.0488,0.992,8.15e-06,0.159,0.202,90.542,4,701.0,19,3,-3.2967016681342507,-0.7200511105911035
19,151840,0,0.194,0.0419,2,-14.644,1,0.0415,0.61,0.807,0.113,0.127,65.543,5,910.0,26,2,-3.9294089093333797,-2.0561498673181284
33,100440,0,0.64,0.576,11,-11.48,0,0.501,0.226,0.0,0.26,0.358,114.711,4,23593.0,71,1,-0.1373499373025816,1.087461462885861
19,142919,0,0.54,0.58,7,-11.719,0,0.0349,0.952,0.452,0.385,0.87,122.361,3,61101.0,45,2,-0.7331342472792584,0.20987227411555
35,101267,0,0.51,0.21,1,-22.349,1,0.401,0.0215,3.42e-06,0.336,0.0793,74.468,1,613060.0,90,3,-2.6031981787859153,0.8349776617708509
33,204427,0,0.46,0.185,10,-11.766,1,0.0406,0.911,0.0,0.103,0.248,123.04,4,105.0,26,3,-2.074123319562315,-0.9788591450277205
0,121320,0,0.571,0.407,11,-12.378,1,0.219,0.786,0.0,0.321,0.942,79.638,4,1345.0,16,3,-0.8136222347293501,1.4980748733793683
9,164067,0,0.543,0.275,7,-13.329,0,0.0941,0.806,0.0,0.298,0.604,97.206,4,761042.0,66,3,-1.527078260374751,0.4692956475919159
54,187037,0,0.787,0.843,1,-6.348,0,0.0826,0.0193,0.0,0.206,0.656,154.968,4,8290.0,45,0,2.4161774216404703,0.0974745806815126
33,283293,0,0.608,0.485,4,-7.704,1,0.026,0.0903,0.0,0.132,0.41,82.036,4,58370.0,46,0,0.38851986269662214,-0.6448210631017811
38,62333,0,0.639,0.523,2,-10.618,1,0.911,0.505,0.0,0.496,0.522,122.398,3,613060.0,90,1,-0.5222458695808981,2.7021941425245095
22,219667,0,0.651,0.838,0,-5.478,1,0.0295,0.0144,3.49e-05,0.16,0.818,125.039,4,5754.0,25,0,2.3524281556240054,-0.1657316259307483
25,227627,0,0.84,0.646,10,-7.499,1,0.038,0.481,3.68e-06,0.111,0.572,84.036,4,8700.0,35,0,0.7980823711987486,0.3967433568583334
26,208600,0,0.707,0.815,7,-10.627,0,0.0287,0.000517,0.00306,0.0949,0.61,122.342,4,604779.0,67,0,1.5857540588082946,-0.23572399904035676
9,371057,0,0.275,0.55,9,-8.942,0,0.0589,0.972,0.00238,0.46,0.686,80.776,4,37510.0,20,3,-0.9898606395417232,-0.5679325592400314
43,304053,0,0.749,0.771,7,-5.934,1,0.0545,0.652,0.0,0.174,0.644,165.97,4,3510.0,37,0,1.51640284446836,-0.4623775478607349
51,314358,0,0.68,0.691,4,-6.037,1,0.0305,0.275,2.66e-05,0.149,0.412,110.039,4,99051.0,45,0,1.085022569913279,-0.7315950554413727
28,96173,0,0.595,0.773,0,-11.02,0,0.933,0.804,0.0,0.867,0.234,80.282,4,23593.0,71,1,-1.1743705893250738,3.209110977378115
34,210977,0,0.655,0.197,7,-9.355,0,0.0332,0.889,2.81e-05,0.107,0.221,109.847,4,4107.0,35,3,-1.5650425390824623,-0.4925906487274199
6,245333,0,0.231,0.202,9,-13.728,0,0.0297,0.805,0.0126,0.234,0.126,180.961,3,814.0,22,3,-2.247597257507535,-2.0710750714711503
38,193620,0,0.586,0.378,6,-13.963,0,0.0925,0.795,0.000439,0.238,0.155,139.393,4,21630.0,38,3,-1.5703320460440247,-0.4896155467275462
33,290307,0,0.619,0.526,1,-9.064,1,0.0307,0.612,1.51e-05,0.077,0.575,140.337,4,114906.0,58,3,0.2456177659437965,-0.8041091846472169
31,112064,0,0.156,0.107,4,-19.26,1,0.0311,0.92,0.978,0.11,0.161,82.36,4,4986.0,32,2,-4.753695882239717,-2.1448575485985883
42,209133,0,0.568,0.646,10,-8.415,1,0.0383,0.115,2.26e-05,0.156,0.927,180.087,4,1664425.0,75,0,1.8355962829681216,-0.5019439007270896
48,251429,0,0.6,0.552,0,-7.79,0,0.0384,0.691,0.0,0.148,0.451,167.827,4,88895.0,54,3,0.27145238176573205,-0.9386580094394635
27,266199,0,0.568,0.714,2,-6.668,1,0.037,0.36,1.07e-06,0.24,0.554,116.309,4,83469.0,55,0,0.9543344244727082,-0.5209919581283193
49,279320,0,0.837,0.454,7,-10.0,1,0.0646,0.035,0.159,0.0798,0.783,75.998,4,99431.0,65,0,0.8426834302642008,0.3245136927458566
19,249707,0,0.167,0.156,10,-15.507,1,0.0315,0.962,1.43e-05,0.116,0.0995,70.019,4,5456.0,28,3,-3.5780061340674423,-1.597063977647735
23,242133,0,0.718,0.846,5,-4.831,0,0.0319,0.12,0.0,0.293,0.897,122.948,4,900.0,24,0,2.488506741616704,0.3051997562434456
44,69160,0,0.667,0.373,5,-11.167,1,0.952,0.74,0.0,0.847,0.716,95.923,3,613060.0,90,1,-1.165615960158711,3.9924775431000974
11,243947,0,0.485,0.296,5,-15.412,0,0.0348,0.782,0.0174,0.11,0.505,70.55,4,941.0,14,3,-1.970193380601355,-0.3310883597554713
7,166853,0,0.48,0.353,7,-14.927,1,0.0345,0.585,7.99e-05,0.116,0.601,173.814,3,369.0,11,3,-0.7738618195386665,-0.751597445923539
15,226056,0,0.438,0.489,0,-9.103,0,0.0353,0.787,0.0,0.788,0.678,102.903,4,44931.0,42,3,-0.6178967349665563,0.696823572289535
14,193333,0,0.58,0.82,5,-12.108,0,0.174,0.94,0.0082,0.575,0.67,106.224,3,2809.0,20,3,-0.2179404647911339,1.107026226508889
55,207844,0,0.744,0.675,7,-5.842,1,0.258,0.0564,0.0,0.0852,0.461,80.047,4,2451518.0,68,0,1.181835316544582,0.38010934808640806
13,169987,0,0.205,0.941,4,-10.628,0,0.112,0.0605,0.305,0.119,0.0749,115.597,4,682.0,28,3,-0.0900849223448622,-2.122612141642698
38,218960,0,0.444,0.746,0,-13.9,1,0.0421,0.00115,3.67e-05,0.0924,0.555,99.895,4,50674.0,45,0,0.45107391802368924,-0.7616724016608493
31,172227,0,0.32,0.277,0,-12.91,1,0.0397,0.99,0.341,0.141,0.623,134.033,4,57868.0,52,3,-2.056588699044783,-1.1128561570643625
6,238552,0,0.718,0.126,8,-24.853,1,0.909,0.919,0.0,0.172,0.356,124.113,4,824.0,25,1,-3.3704941779933004,1.927183007585225
60,231085,0,0.47,0.0506,5,-14.161,1,0.0681,0.968,0.895,0.0968,0.203,117.077,5,17231.0,65,2,-3.49818470972297,-1.8777015124167458
44,247627,0,0.652,0.932,11,-4.885,0,0.0543,0.016,8.32e-06,0.235,0.891,178.057,4,12840.0,46,0,3.060302675241818,-0.3859019015346613
10,182048,0,0.751,0.659,7,-6.113,1,0.0497,0.651,0.00316,0.0595,0.965,104.179,4,756.0,13,0,1.2106882531122345,0.5916611405722003
37,285067,0,0.767,0.721,0,-6.055,1,0.0506,0.407,0.0,0.0949,0.964,80.004,4,653873.0,52,0,1.6247292128511632,0.4646188935144404
0,167093,0,0.292,0.455,11,-7.848,1,0.0413,0.916,0.231,0.663,0.334,87.478,4,5513.0,32,3,-1.7447907447570936,-0.24749514129030742
48,166200,0,0.663,0.669,10,-7.163,1,0.0774,0.34,0.013,0.11,0.746,129.955,4,31682.0,43,0,1.248543791887105,0.044999589244390896
59,266213,0,0.656,0.734,3,-10.25,1,0.028,0.0896,9.99e-05,0.301,0.591,116.246,4,19456.0,50,0,1.1878235940297945,-0.14392297925205777
55,260853,0,0.638,0.739,4,-9.33,0,0.0343,0.0189,5.82e-05,0.0674,0.911,137.959,4,654373.0,59,0,1.9490730460814534,-0.3890630229442583
0,180816,0,0.436,0.454,7,-8.608,1,0.0368,0.996,0.909,0.314,0.786,177.624,4,191.0,8,2,-1.0124771267783375,-1.348328813783501
34,172000,0,0.374,0.326,8,-11.166,1,0.0288,0.884,0.000293,0.117,0.33,68.704,4,25834.0,41,3,-2.0600520282062034,-0.6273069688800066
34,190533,0,0.152,0.106,7,-20.168,1,0.0472,0.977,0.0509,0.0956,0.0426,166.229,1,23357.0,56,3,-3.754629482523451,-2.160671461152376
2,265497,0,0.372,0.723,2,-12.157,1,0.0394,0.036,0.000123,0.276,0.55,117.297,4,322.0,15,0,0.5287434679530476,-0.9364475985661688
46,197920,0,0.465,0.119,6,-16.701,0,0.0633,0.976,0.701,0.104,0.285,58.728,4,169691.0,59,2,-3.7593426573209103,-0.9953683836542614
13,268000,0,0.435,0.256,0,-17.234,1,0.0289,0.811,0.00244,0.0747,0.196,150.066,4,11132.0,38,3,-2.2286164757295857,-1.5158402066377124
34,234653,0,0.573,0.315,4,-9.377,1,0.0293,0.458,0.0,0.108,0.26,137.772,4,128276.0,43,3,-0.5953577898633167,-1.0620357683569703
5,209027,0,0.853,0.691,2,-9.116,1,0.0586,0.531,0.000702,0.0381,0.939,139.56,4,2912.0,15,0,1.5154126401440642,0.4900967867844427
7,182453,0,0.453,0.46,11,-10.661,0,0.0584,0.648,0.0,0.393,0.648,176.776,4,7427.0,16,3,-0.17885256240574496,-0.36485526654401107
2,275307,0,0.632,0.297,5,-14.42,0,0.0378,0.704,0.148,0.195,0.415,83.162,4,1234.0,16,3,-1.6540132277042263,-0.2706724402768307
23,135493,0,0.251,0.691,5,-6.889,1,0.0361,0.722,0.00027,0.855,0.614,100.873,4,16942.0,31,3,-0.31841702746033707,0.4958680860646257
60,256560,0,0.584,0.712,11,-4.311,0,0.0395,0.0112,1.05e-06,0.114,0.286,126.043,4,639247.0,60,0,1.4158221224190854,-1.2041546577777855
27,61810,0,0.7,0.561,11,-13.167,0,0.939,0.318,0.0,0.359,0.887,97.593,1,79023.0,76,1,-0.017408698362910764,3.3056650024136855
28,139507,0,0.668,0.63,11,-8.148,1,0.0784,0.531,0.0955,0.0794,0.815,67.984,4,21703.0,43,0,0.41554478210691387,0.6138693024036798
36,188520,0,0.409,0.941,7,-6.225,1,0.11,0.139,0.0,0.0808,0.669,174.182,4,548.0,45,0,2.0161880168512267,-1.1748272493969345
